customer_id,age,subscription_plan,subscription_months,monthly_fee,watch_hours_monthly,movies_watched_monthly,days_since_last_login,devices_used,avg_session_minutes,downloads_monthly,payment_method,payment_failures,customer_complaints,support_tickets,price_increase_exposed,content_satisfaction,recommendation_satisfaction,account_age_months,is_churned
NET10000,35,Standard,4,399,15.8,9,4,5,24,3,Wallet,0,0,1,No,5.9,8.0,5,0
NET10001,29,Basic,12,249,9.1,5,14,3,26,1,Net Banking,0,1,1,No,6.2,6.2,15,1
NET10002,36,Basic,3,199,23.4,15,1,2,33,3,UPI,0,0,0,No,7.7,6.2,7,0
NET10003,44,Basic,23,199,30.7,15,1,6,80,3,Wallet,0,2,3,Yes,7.0,6.5,26,0
NET10004,28,Standard,10,399,20.0,11,0,2,24,4,UPI,0,0,1,No,8.6,6.2,13,0
NET10005,28,Basic,3,199,16.1,7,34,4,67,3,Debit Card,0,1,1,Yes,8.7,4.2,3,1
NET10006,45,Standard,13,379,9.5,5,3,1,60,2,UPI,0,0,0,No,6.1,8.2,16,1
NET10007,37,Premium,40,699,7.1,4,2,2,44,7,Wallet,0,0,0,Yes,7.5,8.4,41,0
NET10008,26,Standard,1,399,9.9,6,15,2,35,3,Net Banking,0,0,0,No,7.6,8.4,6,1
NET10009,35,Premium,1,649,39.7,21,10,3,48,2,Credit Card,0,0,2,No,2.6,5.9,5,0
NET10010,26,Premium,25,669,43.5,31,12,4,37,4,Wallet,0,1,1,No,7.4,8.7,30,0
NET10011,26,Basic,1,249,13.2,6,18,2,54,2,Credit Card,1,1,1,No,8.0,4.6,1,0
NET10012,33,Premium,1,699,25.4,11,11,3,10,9,Net Banking,0,2,2,Yes,9.0,5.7,3,0
NET10013,15,Premium,5,649,24.2,12,25,1,47,7,Credit Card,0,0,0,Yes,3.8,7.6,10,1
NET10014,15,Standard,8,379,47.5,29,6,5,55,10,Wallet,0,1,1,Yes,4.9,9.8,12,0
NET10015,25,Basic,11,219,28.6,17,1,3,42,2,UPI,1,1,1,No,9.4,6.1,16,0
NET10016,21,Standard,9,379,40.0,29,1,4,37,6,Credit Card,0,1,2,No,8.8,8.0,11,0
NET10017,33,Premium+,34,899,31.0,20,5,6,34,5,UPI,0,0,0,No,5.6,8.2,36,0
NET10018,22,Premium,20,699,29.3,18,2,1,67,6,Credit Card,1,0,0,Yes,5.8,7.2,23,0
NET10019,18,Basic,57,249,13.1,7,0,2,22,7,Credit Card,0,0,3,Yes,8.0,8.6,61,0
NET10020,44,Premium,9,629,49.6,28,9,3,49,4,UPI,1,1,1,No,6.8,3.7,10,0
NET10021,28,Standard,1,399,13.3,6,2,4,73,2,UPI,0,1,1,No,8.3,3.9,4,1
NET10022,31,Standard,43,399,20.8,12,3,1,30,5,UPI,1,1,1,Yes,3.3,10.0,45,0
NET10023,18,Premium,1,699,14.4,6,5,4,88,4,UPI,0,0,0,No,5.3,8.2,6,0
NET10024,26,Standard,20,399,39.8,28,3,2,57,5,UPI,0,0,0,No,6.0,7.4,24,0
NET10025,31,Premium,1,699,19.5,13,12,5,14,5,Debit Card,0,0,0,No,7.0,8.2,4,0
NET10026,20,Premium,20,699,36.9,22,24,4,33,2,UPI,0,2,3,No,6.7,4.9,24,1
NET10027,34,Premium,38,649,3.1,1,2,5,11,4,Debit Card,0,0,0,No,5.0,4.4,43,0
NET10028,25,Basic,6,179,9.7,6,1,3,32,3,Debit Card,0,0,1,No,7.4,9.3,6,0
NET10029,28,Premium,3,649,24.4,15,1,2,15,6,UPI,1,1,1,Yes,7.0,7.0,4,0
NET10030,25,Premium+,3,899,29.0,20,6,2,71,1,Wallet,1,0,0,No,9.7,6.8,4,0
NET10031,47,Basic,9,199,30.5,15,0,3,7,2,UPI,0,0,0,Yes,4.6,7.6,10,0
NET10032,30,Standard,2,449,13.6,8,6,5,53,5,UPI,0,1,1,No,8.7,6.2,4,0
NET10033,21,Standard,15,399,7.2,4,4,3,29,3,Debit Card,0,0,0,No,4.0,5.7,17,0
NET10034,38,Premium,6,649,59.3,29,0,1,54,5,Credit Card,0,0,0,No,6.6,4.6,7,0
NET10035,20,Premium,5,629,35.0,24,3,3,53,7,UPI,0,0,0,No,4.8,7.7,9,0
NET10036,32,Basic,8,179,28.7,13,1,1,42,2,Credit Card,0,0,0,Yes,9.1,5.4,8,0
NET10037,15,Premium,10,629,6.7,4,0,3,45,6,Net Banking,0,0,1,No,5.0,10.0,12,1
NET10038,19,Basic,2,199,19.5,12,16,3,22,0,UPI,0,0,0,Yes,10.0,6.9,7,0
NET10039,32,Premium,17,699,77.2,52,0,1,63,4,Credit Card,0,1,2,Yes,9.5,9.3,20,0
NET10040,37,Standard,30,399,20.8,12,4,3,42,7,Debit Card,1,0,0,Yes,4.9,6.3,33,0
NET10041,32,Standard,4,399,20.2,9,5,4,54,6,UPI,0,1,2,No,6.2,7.2,6,0
NET10042,29,Basic,2,219,11.2,6,5,1,84,3,Net Banking,1,2,2,No,8.1,6.6,3,0
NET10043,28,Basic,20,219,15.1,8,2,2,35,4,UPI,0,1,1,No,6.9,2.3,24,0
NET10044,17,Premium,2,669,23.2,17,1,3,62,11,Debit Card,0,0,2,No,5.8,5.8,2,0
NET10045,24,Standard,1,379,19.2,12,4,3,40,2,Debit Card,0,1,1,No,9.4,4.5,4,0
NET10046,26,Basic,13,199,14.6,9,9,6,5,4,UPI,0,0,1,Yes,6.8,9.2,15,0
NET10047,40,Basic,3,199,35.9,26,13,2,28,4,Net Banking,0,0,1,No,6.8,7.6,7,0
NET10048,34,Basic,2,179,11.2,6,5,1,34,4,Credit Card,0,0,1,Yes,8.4,7.7,3,0
NET10049,15,Premium,55,649,34.1,23,4,6,80,6,UPI,1,1,1,No,8.4,5.7,55,0
NET10050,33,Premium,4,669,28.7,16,20,5,39,2,Debit Card,0,0,1,Yes,6.5,8.1,4,0
NET10051,27,Basic,32,219,9.7,5,1,2,8,5,UPI,0,0,1,No,6.7,7.7,35,1
NET10052,24,Standard,2,379,67.3,44,0,4,30,6,UPI,0,0,0,No,8.0,9.6,5,0
NET10053,36,Basic,23,219,16.6,8,4,2,65,4,UPI,1,3,3,No,8.5,7.8,28,0
NET10054,40,Premium+,9,949,38.4,17,0,5,28,4,UPI,0,0,1,Yes,4.5,7.5,11,0
NET10055,39,Premium+,1,899,44.6,31,0,1,31,6,Credit Card,0,0,1,No,7.7,7.9,1,0
NET10056,23,Premium,18,669,26.7,19,0,4,38,6,Credit Card,1,0,0,No,9.2,3.4,19,0
NET10057,28,Premium+,31,919,31.2,19,5,4,43,2,Wallet,0,0,0,No,6.4,10.0,32,0
NET10058,33,Premium,2,699,26.3,14,5,3,48,6,UPI,0,0,0,No,7.2,7.9,4,0
NET10059,39,Premium,18,649,17.6,9,1,3,50,3,UPI,0,1,1,No,5.9,5.9,18,0
NET10060,26,Standard,8,399,11.2,6,3,2,25,6,UPI,1,0,0,No,7.9,4.6,11,0
NET10061,29,Standard,19,449,1.7,0,3,5,64,4,UPI,0,1,2,No,3.7,6.7,24,1
NET10062,21,Basic,17,199,10.7,6,4,4,42,1,UPI,0,1,1,Yes,7.5,9.0,18,1
NET10063,20,Standard,1,379,17.8,8,1,2,27,4,UPI,0,0,0,No,5.5,10.0,5,0
NET10064,38,Premium,2,699,30.9,14,10,1,47,2,UPI,0,0,1,No,5.8,9.1,4,0
NET10065,43,Basic,8,199,20.9,11,2,1,66,3,UPI,0,0,0,Yes,9.1,8.8,9,0
NET10066,30,Standard,37,399,7.9,5,2,5,52,8,Wallet,0,0,1,Yes,7.8,8.2,41,0
NET10067,40,Standard,5,399,7.1,3,6,1,49,7,Credit Card,1,0,0,No,6.3,4.4,9,1
NET10068,34,Basic,13,219,21.1,10,23,2,36,3,Debit Card,0,1,2,No,5.0,7.8,14,0
NET10069,25,Standard,1,449,49.7,24,1,3,48,6,Net Banking,0,1,1,Yes,6.1,7.4,3,0
NET10070,34,Premium+,17,949,56.3,28,2,3,20,8,Credit Card,0,0,0,Yes,6.3,9.5,21,0
NET10071,44,Premium,12,649,24.1,11,2,3,28,2,Net Banking,1,2,2,No,8.7,5.4,16,0
NET10072,30,Premium,17,699,14.8,6,4,4,40,4,UPI,0,0,0,No,6.9,5.5,17,0
NET10073,45,Standard,32,449,20.0,11,10,4,29,5,UPI,0,0,1,No,5.4,7.2,37,0
NET10074,15,Standard,2,399,7.1,3,7,2,36,2,Debit Card,0,0,0,No,7.7,6.8,7,0
NET10075,38,Basic,4,249,50.1,31,1,3,23,5,UPI,0,1,1,No,8.9,9.6,9,0
NET10076,31,Premium,76,699,17.6,9,7,2,42,6,UPI,0,1,2,No,3.0,8.3,76,0
NET10077,28,Basic,2,179,18.1,9,0,2,44,2,Credit Card,0,0,0,Yes,6.4,8.6,7,1
NET10078,31,Basic,17,199,6.4,4,1,2,27,3,Debit Card,0,0,1,Yes,7.7,8.6,17,0
NET10079,15,Premium,18,629,45.3,23,3,2,71,6,UPI,0,1,2,No,3.8,5.2,22,0
NET10080,29,Basic,16,219,22.0,10,2,3,38,6,UPI,1,2,3,No,7.3,6.3,20,0
NET10081,34,Standard,3,399,15.6,10,12,3,49,5,UPI,1,2,2,Yes,9.0,8.6,5,0
NET10082,44,Basic,3,249,11.8,8,34,1,26,5,Debit Card,1,0,0,No,3.9,6.8,6,1
NET10083,26,Basic,15,249,11.6,6,1,1,28,1,UPI,0,0,0,No,6.9,6.2,15,0
NET10084,23,Basic,2,179,9.8,6,6,5,44,0,UPI,0,1,1,Yes,5.3,10.0,7,1
NET10085,26,Basic,15,179,27.2,13,5,6,39,5,Debit Card,0,2,2,No,8.1,7.4,18,1
NET10086,39,Premium,9,669,29.5,15,8,4,63,2,UPI,0,2,2,Yes,6.6,7.3,9,1
NET10087,33,Premium,6,669,31.6,23,7,6,51,6,UPI,1,1,1,Yes,6.0,8.4,11,0
NET10088,26,Standard,4,449,31.6,15,1,4,32,6,Wallet,0,1,1,Yes,7.5,10.0,4,0
NET10089,35,Premium,41,649,38.1,21,11,3,61,2,UPI,0,0,0,No,7.6,6.8,46,0
NET10090,31,Basic,9,219,8.8,5,3,4,35,4,Credit Card,1,1,3,Yes,7.4,5.0,11,1
NET10091,39,Standard,11,449,52.8,33,16,3,34,3,UPI,0,0,1,No,8.6,5.1,13,0
NET10092,24,Basic,41,219,17.2,11,4,3,31,5,UPI,1,0,0,No,6.8,9.4,42,0
NET10093,28,Premium,14,649,29.4,16,2,4,39,6,UPI,0,0,0,No,6.5,9.3,14,0
NET10094,27,Standard,44,379,19.8,15,13,1,28,4,UPI,0,0,0,No,6.1,7.4,44,0
NET10095,17,Premium,1,699,19.7,9,10,3,31,2,UPI,0,0,1,No,6.3,8.4,1,0
NET10096,33,Premium,26,669,12.3,6,17,5,60,3,UPI,0,0,1,No,8.8,7.5,28,0
NET10097,33,Standard,5,379,23.1,11,13,2,50,3,Debit Card,0,1,1,Yes,9.2,7.7,10,0
NET10098,31,Premium,23,649,45.4,24,1,3,39,3,UPI,0,0,0,Yes,7.7,5.7,23,0
NET10099,28,Premium+,27,919,53.9,34,10,3,60,3,UPI,0,1,1,No,6.4,5.6,28,0
NET10100,18,Standard,4,449,22.0,11,5,3,38,2,Credit Card,0,0,1,Yes,8.1,8.1,8,0
NET10101,27,Standard,7,399,61.2,43,0,3,43,3,UPI,0,0,1,No,8.6,7.2,8,0
NET10102,27,Premium,18,629,52.2,33,0,4,20,3,Credit Card,1,0,0,No,6.7,6.8,23,0
NET10103,23,Premium,1,629,16.7,12,7,3,61,3,Debit Card,0,1,1,Yes,7.9,3.8,5,1
NET10104,29,Basic,19,199,11.2,5,11,1,56,0,UPI,0,0,0,No,6.8,7.8,21,0
NET10105,34,Standard,1,449,17.6,8,5,6,34,4,Debit Card,0,0,0,No,7.4,9.0,6,0
NET10106,47,Standard,34,399,12.2,7,2,5,48,5,UPI,0,2,2,No,7.4,5.4,37,0
NET10107,32,Standard,4,399,19.9,11,0,2,32,3,Wallet,0,1,1,No,6.8,8.3,9,0
NET10108,33,Basic,11,199,5.4,2,6,3,24,2,Credit Card,0,2,2,Yes,5.6,5.8,13,1
NET10109,30,Premium+,1,949,57.0,29,3,3,31,5,Credit Card,0,1,1,No,5.5,5.8,4,0
NET10110,15,Premium,4,669,36.4,18,4,3,32,2,Credit Card,0,0,0,No,10.0,3.2,8,0
NET10111,30,Standard,7,419,22.2,13,4,4,15,5,Wallet,0,0,0,Yes,8.4,3.4,10,0
NET10112,31,Premium,9,699,19.8,12,8,3,12,6,Debit Card,0,0,0,No,5.0,4.4,13,0
NET10113,53,Premium,1,649,26.1,18,4,2,19,3,UPI,1,1,1,No,8.0,7.1,6,0
NET10114,29,Basic,30,199,11.2,8,4,4,36,2,UPI,0,0,0,No,6.2,7.5,33,0
NET10115,33,Standard,1,449,100.1,47,0,3,26,7,UPI,0,1,1,No,9.0,9.3,5,0
NET10116,30,Standard,20,449,11.2,5,3,3,54,5,Net Banking,0,0,0,No,7.0,7.2,25,0
NET10117,20,Premium,8,669,15.6,10,5,4,60,8,UPI,0,0,0,No,6.8,3.6,11,0
NET10118,41,Basic,10,199,9.2,6,0,1,28,3,Net Banking,1,0,0,Yes,4.2,6.8,14,1
NET10119,37,Premium+,3,919,24.2,15,7,2,27,1,Credit Card,0,0,0,No,6.3,6.0,4,1
NET10120,38,Standard,13,399,67.1,31,0,4,68,4,Credit Card,0,0,0,No,8.2,8.1,13,0
NET10121,22,Standard,10,399,17.2,10,2,2,61,2,Debit Card,0,0,0,Yes,8.5,4.9,11,1
NET10122,43,Standard,2,379,11.0,5,5,5,23,2,UPI,0,1,1,No,6.2,6.6,4,0
NET10123,18,Basic,3,249,20.8,10,1,1,50,4,UPI,0,0,0,No,9.4,6.4,6,0
NET10124,36,Premium,1,649,9.6,4,6,4,62,6,UPI,1,0,1,Yes,5.7,4.8,6,1
NET10125,50,Premium+,1,899,23.5,13,0,2,37,1,UPI,0,0,0,No,7.4,6.7,5,0
NET10126,22,Standard,1,419,7.9,3,6,2,45,7,Net Banking,1,0,0,Yes,4.4,7.0,2,1
NET10127,25,Premium+,3,919,18.0,9,7,1,21,5,Net Banking,0,0,2,No,7.8,10.0,4,0
NET10128,31,Premium,15,649,2.2,1,7,2,39,2,UPI,0,0,0,Yes,7.2,6.0,20,1
NET10129,26,Standard,5,419,33.8,17,8,3,61,8,Net Banking,0,0,0,No,4.0,10.0,9,0
NET10130,17,Premium,5,629,49.0,28,4,3,22,3,UPI,0,2,2,No,4.3,3.7,8,0
NET10131,31,Standard,1,449,19.8,9,12,3,55,3,UPI,0,0,0,No,9.7,4.2,6,0
NET10132,21,Standard,11,379,18.5,9,1,2,30,1,Net Banking,0,1,1,No,8.1,7.0,13,0
NET10133,35,Basic,5,199,12.4,6,2,6,59,4,Wallet,0,0,0,No,9.7,8.9,7,0
NET10134,22,Premium,15,649,30.2,17,18,6,53,3,Credit Card,1,0,1,No,5.9,7.4,20,0
NET10135,44,Basic,18,179,20.1,14,9,4,44,6,Credit Card,1,0,1,No,6.8,3.3,20,0
NET10136,23,Premium,12,629,58.8,28,8,4,16,2,Debit Card,0,1,1,No,5.0,7.5,16,0
NET10137,28,Premium,4,669,30.2,18,7,2,45,4,Net Banking,0,0,0,Yes,5.8,5.4,5,1
NET10138,38,Basic,9,219,11.3,6,0,1,55,4,Debit Card,0,1,1,Yes,5.0,7.6,14,1
NET10139,19,Standard,4,419,40.6,26,18,3,54,2,Credit Card,0,0,2,No,6.6,6.6,6,0
NET10140,33,Standard,32,399,7.3,4,2,4,15,7,Debit Card,0,0,0,Yes,7.7,7.4,33,0
NET10141,42,Standard,20,379,57.6,28,0,3,66,6,Net Banking,0,0,0,Yes,6.5,7.7,25,0
NET10142,16,Standard,9,449,20.5,13,0,1,75,1,Net Banking,0,0,0,Yes,6.2,6.6,11,0
NET10143,32,Standard,47,419,27.8,13,2,3,29,4,Credit Card,0,0,0,No,8.4,7.1,49,0
NET10144,33,Standard,11,399,35.4,21,6,3,59,8,Debit Card,0,0,0,Yes,6.0,6.1,16,0
NET10145,38,Basic,5,199,25.6,11,2,5,21,1,UPI,0,0,0,No,5.2,7.9,8,0
NET10146,19,Basic,1,219,31.3,16,9,3,26,2,UPI,1,0,0,Yes,8.2,7.6,5,0
NET10147,19,Basic,10,199,10.4,6,1,2,37,8,Net Banking,1,0,0,Yes,4.0,7.1,13,1
NET10148,35,Premium,27,629,21.5,9,1,5,21,1,UPI,1,1,1,Yes,10.0,9.3,28,0
NET10149,33,Premium+,28,919,29.4,16,1,3,83,3,Credit Card,0,0,0,No,9.0,5.2,29,0
NET10150,33,Standard,12,449,24.3,12,0,4,61,4,UPI,1,0,0,No,7.2,3.3,17,0
NET10151,34,Standard,6,379,20.7,12,10,3,63,6,Credit Card,0,0,0,Yes,9.1,7.3,10,0
NET10152,24,Basic,14,199,22.5,15,0,2,47,2,Wallet,0,0,0,No,6.0,3.8,16,0
NET10153,33,Standard,20,449,17.1,7,2,1,51,3,Debit Card,0,1,1,Yes,5.0,9.9,24,1
NET10154,33,Basic,7,179,6.8,4,3,4,31,1,UPI,0,1,1,No,5.6,4.4,9,1
NET10155,24,Premium,9,699,7.2,3,1,4,52,5,UPI,0,0,0,Yes,5.6,8.9,9,0
NET10156,47,Premium+,15,899,79.2,37,3,1,53,2,UPI,0,0,1,No,7.7,6.9,15,0
NET10157,35,Basic,29,219,3.3,2,7,2,33,6,Credit Card,0,1,1,No,8.6,8.3,33,0
NET10158,20,Premium,21,699,28.0,19,0,1,27,7,UPI,0,0,0,No,6.5,5.5,21,0
NET10159,36,Basic,1,219,17.8,9,3,4,58,5,Wallet,1,1,1,No,7.5,5.1,1,0
NET10160,22,Standard,1,399,19.7,14,0,5,34,4,Credit Card,0,0,0,No,8.9,7.9,2,0
NET10161,38,Basic,26,199,50.8,30,6,4,34,5,Net Banking,0,0,2,No,8.4,7.6,28,0
NET10162,41,Standard,25,449,54.3,30,4,2,40,4,Debit Card,0,1,2,No,7.2,2.3,30,0
NET10163,23,Basic,6,249,5.0,3,9,4,79,7,UPI,0,1,1,Yes,4.8,5.7,6,1
NET10164,39,Standard,12,399,24.8,12,6,4,46,3,UPI,0,1,1,Yes,5.3,6.9,15,0
NET10165,34,Standard,33,449,16.8,9,10,3,32,2,Credit Card,0,1,1,No,6.7,8.4,34,0
NET10166,38,Standard,33,449,14.7,8,12,2,47,4,UPI,0,2,2,No,6.2,7.0,35,0
NET10167,48,Premium,21,699,8.9,5,1,3,37,2,UPI,0,0,0,Yes,5.5,6.1,22,0
NET10168,28,Premium+,3,949,32.1,15,5,3,64,5,Wallet,2,1,1,No,7.6,6.0,6,0
NET10169,24,Standard,18,379,29.5,22,1,2,60,5,UPI,0,0,0,No,6.3,5.2,23,0
NET10170,22,Basic,1,199,2.9,2,1,1,78,5,UPI,0,1,1,No,6.6,9.8,3,1
NET10171,23,Standard,31,399,18.4,8,1,1,46,5,Wallet,0,1,1,Yes,10.0,7.4,35,0
NET10172,30,Premium,2,649,3.4,2,2,1,60,1,Credit Card,0,1,1,No,7.4,6.9,6,1
NET10173,34,Standard,15,419,47.9,33,9,5,54,1,Credit Card,1,0,0,No,6.1,4.9,16,0
NET10174,33,Standard,13,399,35.6,16,2,4,41,1,Credit Card,0,0,0,No,6.7,9.3,18,0
NET10175,38,Basic,21,249,20.0,10,8,1,46,3,Net Banking,0,0,0,No,9.6,10.0,25,0
NET10176,31,Standard,11,449,27.9,14,0,3,33,3,Credit Card,0,1,1,No,4.2,5.9,13,1
NET10177,44,Standard,1,379,40.4,23,5,5,23,2,UPI,0,1,1,No,6.2,8.0,4,0
NET10178,28,Premium+,17,879,28.9,20,1,4,55,2,Wallet,0,0,0,No,7.2,7.6,20,0
NET10179,55,Premium,6,629,20.4,12,8,5,31,4,UPI,0,0,0,Yes,7.9,7.1,10,0
NET10180,36,Basic,5,179,31.7,16,28,2,48,3,Credit Card,1,0,0,Yes,10.0,7.5,5,1
NET10181,23,Standard,67,379,23.6,13,4,2,13,6,Debit Card,0,1,1,No,6.7,7.0,67,0
NET10182,21,Basic,12,179,27.6,14,4,1,64,2,UPI,0,0,0,Yes,5.9,7.0,17,0
NET10183,35,Standard,17,379,24.8,18,21,2,23,8,Net Banking,2,0,1,No,6.6,3.7,17,1
NET10184,28,Premium,10,629,22.9,12,2,1,65,5,Credit Card,0,1,1,No,7.8,5.3,14,0
NET10185,37,Standard,20,379,10.5,5,3,5,51,8,Wallet,0,0,1,No,7.2,6.2,24,0
NET10186,35,Standard,19,399,27.4,12,7,5,46,7,UPI,0,0,0,No,6.5,7.9,23,0
NET10187,30,Basic,14,179,4.6,2,4,4,37,1,Credit Card,0,0,0,Yes,5.8,5.3,16,1
NET10188,23,Premium,85,669,32.5,17,8,3,52,8,Debit Card,0,0,0,Yes,3.3,7.7,85,1
NET10189,17,Premium,8,629,11.6,6,3,1,22,4,Debit Card,0,2,2,No,6.6,7.7,9,1
NET10190,26,Standard,17,449,43.1,31,7,4,56,4,UPI,0,2,3,Yes,8.3,9.6,22,0
NET10191,38,Basic,22,249,56.0,26,8,5,41,3,Credit Card,0,1,2,No,6.0,6.2,24,0
NET10192,32,Standard,6,379,22.6,11,6,3,45,6,Net Banking,0,1,1,No,6.2,7.7,11,0
NET10193,19,Premium+,8,879,68.1,38,0,4,19,6,Net Banking,0,1,2,No,7.5,9.3,13,0
NET10194,32,Standard,48,449,33.7,16,4,3,13,3,Credit Card,0,0,0,No,8.1,7.5,50,0
NET10195,34,Standard,1,419,8.6,4,20,3,40,3,Credit Card,0,0,0,No,9.7,7.6,5,0
NET10196,23,Standard,5,399,15.4,8,0,2,35,4,Debit Card,0,0,2,Yes,4.1,9.2,9,1
NET10197,32,Premium,9,649,26.9,15,7,1,42,4,Net Banking,0,0,0,Yes,7.0,4.8,11,1
NET10198,31,Standard,1,449,23.6,11,9,1,31,3,Wallet,0,0,1,No,7.4,6.2,5,0
NET10199,20,Basic,32,179,14.1,6,6,2,50,6,UPI,0,0,0,Yes,8.2,7.0,32,0
NET10200,34,Standard,4,399,27.8,16,0,4,38,5,UPI,0,0,0,No,7.1,6.0,6,0
NET10201,36,Premium,4,629,73.8,39,0,2,5,2,Debit Card,0,1,1,Yes,6.0,5.6,9,0
NET10202,40,Premium,24,649,10.3,6,4,2,36,4,Debit Card,0,1,2,Yes,7.7,5.8,26,0
NET10203,40,Premium,4,649,25.6,11,2,1,44,7,UPI,0,1,1,No,6.0,6.5,6,0
NET10204,18,Standard,15,449,65.0,33,0,2,48,3,UPI,0,0,0,No,8.2,7.2,19,0
NET10205,22,Basic,24,199,14.4,6,1,2,43,8,Credit Card,0,0,0,Yes,4.1,9.4,26,0
NET10206,35,Premium+,22,899,19.2,12,10,3,10,2,UPI,0,0,2,No,7.9,9.2,23,0
NET10207,35,Standard,21,399,29.4,18,11,2,63,7,Wallet,0,0,0,No,6.3,7.0,22,0
NET10208,35,Premium,1,629,19.5,9,0,4,25,5,Credit Card,1,0,1,Yes,7.7,6.5,1,0
NET10209,65,Premium,1,699,57.9,37,10,3,66,5,Debit Card,0,1,1,Yes,9.1,8.8,3,0
NET10210,36,Standard,5,419,33.6,20,6,1,39,3,Credit Card,0,0,0,No,7.4,6.5,7,0
NET10211,41,Basic,1,199,2.6,1,3,2,71,4,UPI,2,0,0,Yes,6.6,7.4,6,1
NET10212,39,Premium,9,649,17.1,9,0,4,57,4,UPI,0,1,1,No,6.8,6.7,13,0
NET10213,36,Premium,7,699,54.7,34,6,3,57,2,Credit Card,0,0,1,Yes,3.6,4.7,12,1
NET10214,28,Standard,11,379,18.5,11,1,3,24,4,UPI,1,1,1,Yes,7.3,8.0,14,0
NET10215,37,Standard,4,399,20.9,10,4,3,18,3,UPI,0,0,0,No,7.5,6.8,9,0
NET10216,24,Basic,9,199,31.8,22,1,2,90,3,UPI,0,0,0,Yes,5.6,5.1,12,1
NET10217,28,Basic,5,249,31.5,14,12,5,37,7,UPI,1,1,1,No,8.3,4.1,7,0
NET10218,26,Standard,3,449,16.1,9,2,2,46,8,Credit Card,0,0,0,Yes,9.1,8.1,3,0
NET10219,31,Standard,14,449,15.6,7,6,4,49,4,UPI,1,0,1,Yes,8.0,5.0,15,0
NET10220,51,Premium+,15,899,19.1,9,4,1,64,5,UPI,0,0,0,Yes,6.8,6.0,17,0
NET10221,15,Premium,24,649,58.1,30,14,2,24,3,UPI,0,1,1,No,7.1,5.2,26,0
NET10222,37,Premium,29,699,53.9,32,1,2,46,1,Debit Card,1,0,0,No,9.0,9.6,29,0
NET10223,16,Standard,17,399,5.9,4,18,2,21,8,Debit Card,0,0,1,No,8.7,5.9,17,0
NET10224,26,Basic,16,179,27.8,14,8,5,25,5,UPI,0,0,0,Yes,9.5,6.9,19,0
NET10225,40,Premium+,1,919,25.6,11,7,4,45,5,UPI,0,0,1,No,8.1,10.0,3,0
NET10226,31,Standard,1,399,44.3,25,11,2,77,1,Net Banking,0,0,0,No,7.7,8.6,3,0
NET10227,21,Basic,23,199,2.4,1,6,4,47,2,UPI,0,1,2,No,8.8,5.3,27,0
NET10228,24,Standard,3,419,24.5,13,0,3,5,5,UPI,0,0,0,Yes,7.1,6.7,4,0
NET10229,37,Premium,6,669,24.3,16,7,2,42,2,Credit Card,0,1,1,No,7.4,8.0,10,0
NET10230,24,Premium,2,649,47.1,31,3,3,42,5,Credit Card,0,0,0,No,7.8,8.1,6,1
NET10231,32,Basic,3,199,8.8,4,4,2,83,4,UPI,0,0,0,Yes,5.4,9.4,4,0
NET10232,31,Premium,20,649,51.6,27,3,4,33,3,UPI,2,0,1,No,6.0,7.9,22,0
NET10233,25,Standard,4,449,39.4,23,1,4,9,5,Debit Card,0,0,0,No,6.4,10.0,7,0
NET10234,50,Basic,8,179,23.9,11,3,1,65,5,Credit Card,0,0,0,Yes,9.1,8.6,9,0
NET10235,36,Premium,2,699,8.3,4,0,3,17,4,UPI,0,0,0,No,6.3,8.3,2,1
NET10236,15,Premium,15,669,19.0,9,0,3,21,4,UPI,0,0,0,No,4.2,9.2,17,0
NET10237,32,Standard,18,419,38.0,17,4,3,49,4,UPI,0,0,0,Yes,7.5,6.3,19,0
NET10238,25,Standard,6,419,24.1,12,1,2,50,2,Credit Card,0,2,2,Yes,3.5,8.6,7,1
NET10239,38,Premium,21,649,19.7,9,5,1,43,1,Credit Card,1,1,1,No,5.7,8.2,26,0
NET10240,23,Premium,3,649,16.0,9,1,2,34,7,UPI,0,0,0,Yes,6.6,6.1,4,0
NET10241,29,Premium,16,699,9.7,4,9,3,72,5,UPI,0,1,1,No,7.2,6.3,19,0
NET10242,35,Standard,18,399,21.3,10,0,3,48,0,UPI,0,2,2,No,7.2,5.6,22,0
NET10243,38,Premium+,48,879,108.0,80,0,5,61,3,Debit Card,0,0,1,No,8.0,9.3,52,0
NET10244,20,Premium+,3,879,26.7,12,3,2,46,3,UPI,0,0,0,No,7.9,5.1,8,0
NET10245,27,Basic,1,249,20.3,12,5,2,66,5,Debit Card,0,0,0,No,6.6,8.9,2,0
NET10246,26,Premium,4,669,27.7,16,3,3,49,4,UPI,0,0,0,Yes,7.9,6.9,5,0
NET10247,25,Standard,1,379,11.6,5,6,2,35,3,Credit Card,0,2,2,No,6.6,6.6,5,1
NET10248,46,Standard,2,399,40.8,26,8,4,24,2,Credit Card,0,0,0,Yes,2.7,8.8,5,1
NET10249,34,Premium,5,649,45.9,34,0,6,41,4,Net Banking,0,0,0,No,7.8,7.5,7,0
NET10250,19,Basic,7,199,24.8,16,0,1,44,5,Wallet,0,0,0,Yes,8.4,3.8,11,1
NET10251,39,Standard,32,419,19.3,10,6,2,70,4,Wallet,1,0,1,Yes,8.6,8.1,33,0
NET10252,50,Premium,3,649,49.7,23,11,3,33,5,UPI,0,1,1,Yes,6.6,7.8,6,0
NET10253,40,Basic,49,249,20.0,12,3,1,26,3,UPI,1,1,1,No,5.3,5.1,52,0
NET10254,17,Standard,23,379,44.4,22,6,3,51,7,Net Banking,0,1,1,No,6.4,4.9,28,0
NET10255,26,Premium+,29,899,36.8,24,2,2,24,2,Credit Card,0,1,1,No,2.4,8.8,30,0
NET10256,42,Standard,37,399,10.4,5,12,3,19,2,Credit Card,3,0,0,No,6.8,6.5,37,1
NET10257,24,Standard,19,449,14.7,7,8,5,61,4,Debit Card,0,0,1,Yes,9.2,7.1,22,0
NET10258,34,Standard,21,399,22.6,13,5,2,34,5,Credit Card,0,0,0,No,8.8,5.8,25,0
NET10259,37,Standard,8,399,15.9,7,2,1,39,2,Credit Card,0,0,0,Yes,7.1,6.3,8,0
NET10260,22,Premium,9,699,25.2,18,3,6,22,3,Net Banking,0,1,1,Yes,6.6,6.5,14,0
NET10261,30,Premium,37,649,82.0,40,0,3,52,4,Credit Card,0,1,2,Yes,7.7,9.7,39,0
NET10262,15,Standard,6,449,26.4,19,3,5,61,2,Credit Card,1,3,3,Yes,8.4,8.3,10,0
NET10263,21,Premium,1,649,33.6,16,0,3,67,3,Credit Card,0,0,0,No,4.4,4.5,6,0
NET10264,28,Standard,20,449,23.2,15,0,5,23,4,Credit Card,0,1,1,Yes,8.3,8.1,25,0
NET10265,19,Standard,11,399,7.2,5,1,5,57,6,Debit Card,0,0,0,No,6.4,10.0,16,0
NET10266,45,Premium,23,649,34.1,21,14,3,46,7,Credit Card,0,0,0,No,5.1,8.8,24,0
NET10267,18,Premium,1,649,29.4,20,3,2,40,3,Credit Card,0,0,1,No,9.2,5.3,1,0
NET10268,27,Standard,13,399,18.7,9,3,4,35,2,Credit Card,1,1,1,No,4.0,7.5,18,0
NET10269,32,Basic,3,249,7.2,4,4,1,28,2,Wallet,0,0,0,No,8.1,9.7,8,0
NET10270,43,Basic,32,199,17.7,12,4,1,31,2,Net Banking,0,0,0,No,7.7,8.5,37,0
NET10271,18,Standard,1,379,21.9,10,0,4,32,3,Net Banking,0,0,1,No,9.6,9.3,5,0
NET10272,41,Standard,25,399,8.0,4,2,1,33,2,Credit Card,1,0,0,No,8.2,4.9,30,0
NET10273,31,Premium,1,629,53.5,34,0,2,50,4,Credit Card,0,0,0,No,5.6,6.1,4,0
NET10274,22,Basic,1,179,14.0,7,0,5,20,8,UPI,1,0,0,No,9.4,5.6,2,0
NET10275,35,Premium,3,669,8.6,5,0,2,5,5,Net Banking,0,2,2,Yes,7.6,5.5,3,0
NET10276,32,Standard,5,379,26.0,18,13,2,42,2,Credit Card,0,1,2,No,9.8,10.0,8,0
NET10277,25,Standard,13,379,15.2,8,1,1,36,3,Credit Card,0,0,0,No,8.3,8.7,18,0
NET10278,31,Standard,1,419,8.7,6,0,2,57,4,Net Banking,0,0,0,Yes,4.0,8.3,2,1
NET10279,27,Basic,8,219,8.5,4,0,3,16,2,Debit Card,3,0,1,No,7.3,8.4,9,0
NET10280,32,Premium,3,669,41.4,19,5,3,83,5,Net Banking,0,0,0,No,8.7,8.8,3,0
NET10281,36,Basic,27,249,9.6,6,5,2,28,4,Net Banking,0,0,0,Yes,6.9,5.0,27,0
NET10282,45,Standard,1,419,13.0,6,1,3,22,3,Wallet,0,1,2,No,6.6,4.7,1,0
NET10283,19,Premium,6,699,38.5,25,1,5,45,2,UPI,0,0,0,Yes,8.4,10.0,10,0
NET10284,50,Premium,13,649,58.9,39,2,4,14,4,UPI,0,0,1,Yes,6.9,5.9,14,0
NET10285,15,Standard,34,449,43.8,22,2,4,26,7,UPI,0,1,1,No,3.7,5.7,39,0
NET10286,29,Standard,28,399,23.7,17,9,4,49,8,UPI,0,0,0,No,9.7,6.4,30,0
NET10287,36,Premium,31,669,23.4,17,16,5,49,2,UPI,0,0,1,No,7.4,7.8,34,0
NET10288,33,Premium+,1,919,42.1,24,5,6,49,2,Wallet,0,0,0,No,7.2,6.9,1,0
NET10289,25,Premium,25,649,23.8,17,2,3,40,6,UPI,0,0,2,Yes,6.4,8.8,26,0
NET10290,29,Standard,21,399,7.8,4,2,2,19,4,Debit Card,0,0,1,No,10.0,7.6,26,0
NET10291,26,Premium+,32,949,33.9,17,10,3,56,4,Credit Card,0,0,0,Yes,6.4,5.1,35,0
NET10292,25,Basic,5,179,21.3,14,0,3,41,6,UPI,0,0,0,No,8.1,6.7,7,0
NET10293,38,Basic,33,219,15.7,7,3,2,56,5,Credit Card,0,0,0,No,6.5,5.3,36,0
NET10294,34,Premium,7,699,48.5,32,6,2,56,4,UPI,0,1,3,Yes,6.0,5.8,9,0
NET10295,24,Basic,14,249,4.4,2,1,4,64,6,Credit Card,0,0,0,No,6.4,7.6,19,0
NET10296,39,Basic,7,219,31.9,15,0,4,57,2,UPI,0,0,0,No,8.3,5.0,7,0
NET10297,33,Basic,7,199,23.7,12,6,4,28,2,UPI,0,1,1,No,3.2,10.0,11,0
NET10298,38,Standard,11,419,47.0,26,5,5,52,5,Credit Card,0,0,0,No,7.8,6.9,13,0
NET10299,36,Premium,6,699,48.0,30,5,3,33,5,UPI,0,0,0,No,6.6,7.8,6,0
NET10300,23,Premium,22,649,34.1,17,22,1,60,2,UPI,0,2,3,Yes,7.3,6.0,25,0
NET10301,25,Basic,14,199,19.9,10,2,1,16,2,Credit Card,0,1,1,Yes,8.9,7.6,19,0
NET10302,37,Standard,16,419,32.5,20,25,3,67,4,Debit Card,0,0,0,No,7.2,10.0,19,0
NET10303,36,Premium+,3,879,27.6,13,0,2,14,1,Debit Card,0,0,0,Yes,7.3,8.1,6,0
NET10304,30,Premium,48,669,14.4,7,0,4,25,7,Wallet,1,0,0,No,5.7,4.8,53,0
NET10305,32,Standard,15,449,13.0,6,11,4,80,5,UPI,0,1,1,Yes,8.2,6.4,20,0
NET10306,42,Premium+,3,949,28.5,12,2,5,49,4,UPI,0,0,0,No,3.8,6.2,7,0
NET10307,25,Premium,19,629,27.3,20,2,5,52,2,UPI,0,1,2,Yes,7.5,6.0,20,0
NET10308,35,Basic,2,199,33.6,21,0,2,31,4,UPI,1,1,1,No,3.5,6.4,4,0
NET10309,29,Basic,1,249,14.5,9,0,5,49,4,Credit Card,1,0,0,No,6.8,7.0,6,0
NET10310,29,Basic,10,199,7.4,4,6,4,23,2,Debit Card,1,0,0,No,6.9,6.3,11,1
NET10311,40,Premium,11,649,23.5,11,4,5,69,6,Debit Card,1,0,0,No,5.7,3.8,14,0
NET10312,38,Basic,2,219,16.7,7,7,3,50,4,UPI,0,1,1,Yes,7.3,7.1,6,0
NET10313,38,Standard,5,399,33.2,15,1,2,54,13,Debit Card,0,0,1,No,6.4,4.7,5,0
NET10314,42,Basic,40,249,6.9,3,11,4,20,4,Wallet,1,0,0,No,8.5,6.6,44,0
NET10315,31,Premium+,4,949,16.3,9,1,3,55,3,Debit Card,1,0,0,Yes,6.7,6.6,9,0
NET10316,37,Standard,2,399,40.1,21,3,2,59,4,Wallet,1,0,0,Yes,5.3,6.1,3,0
NET10317,28,Premium+,68,899,24.4,11,2,5,49,6,Credit Card,0,1,2,Yes,7.5,6.1,71,0
NET10318,33,Premium+,5,899,30.1,23,11,5,43,7,Debit Card,0,0,0,No,3.8,8.5,7,1
NET10319,29,Basic,15,219,18.5,10,10,4,20,2,UPI,0,1,2,No,7.0,5.8,19,0
NET10320,31,Standard,3,399,25.7,14,3,6,51,6,UPI,0,0,1,No,8.8,7.1,4,0
NET10321,36,Basic,11,199,9.5,4,2,4,35,3,Credit Card,0,0,1,Yes,8.8,5.8,12,0
NET10322,23,Premium+,6,949,42.5,29,9,3,60,2,UPI,0,1,1,No,4.4,9.4,6,0
NET10323,49,Standard,45,419,25.1,12,1,3,42,3,Credit Card,0,0,2,Yes,6.6,5.8,47,0
NET10324,21,Basic,7,199,27.5,12,16,4,45,4,Debit Card,1,0,0,No,9.7,6.5,8,0
NET10325,20,Basic,12,219,16.3,8,2,1,59,2,Net Banking,2,1,1,Yes,5.6,6.2,14,1
NET10326,41,Standard,40,379,22.9,17,3,1,39,5,Net Banking,2,1,2,No,8.1,9.4,43,0
NET10327,38,Premium+,63,899,67.7,35,2,2,31,1,UPI,0,2,3,Yes,6.9,6.6,68,0
NET10328,36,Premium,1,629,19.2,12,9,4,46,3,UPI,1,0,1,No,3.7,8.0,5,1
NET10329,36,Premium,25,649,15.8,8,7,3,61,9,Debit Card,0,0,0,Yes,8.1,7.1,26,0
NET10330,30,Standard,6,399,29.3,16,0,2,34,2,Net Banking,2,1,1,No,8.5,10.0,9,0
NET10331,22,Basic,12,179,10.6,4,1,2,47,5,Credit Card,0,1,1,Yes,6.5,7.1,12,0
NET10332,31,Premium+,6,949,15.7,10,7,4,53,5,UPI,1,1,1,Yes,9.0,5.4,8,0
NET10333,24,Basic,7,199,14.6,10,11,2,48,4,UPI,0,0,1,No,9.4,8.3,12,0
NET10334,39,Premium+,2,899,56.8,30,1,5,69,4,Debit Card,0,0,0,Yes,5.6,6.5,5,0
NET10335,29,Standard,11,399,43.2,26,27,3,34,4,Credit Card,1,2,2,Yes,5.8,6.8,13,0
NET10336,23,Basic,11,249,23.9,12,5,2,59,7,Wallet,1,0,0,No,5.0,8.5,16,0
NET10337,28,Premium,2,699,28.9,13,10,3,57,6,Credit Card,0,0,0,No,7.3,8.7,4,0
NET10338,34,Premium+,10,879,39.6,23,9,3,75,2,Credit Card,1,0,0,No,5.5,7.8,11,0
NET10339,25,Premium+,50,879,43.7,30,0,3,24,2,Debit Card,0,0,0,No,10.0,6.4,52,0
NET10340,23,Basic,17,179,24.3,13,2,3,42,3,Credit Card,1,1,1,Yes,6.4,4.6,20,0
NET10341,33,Basic,9,219,13.0,8,3,3,41,2,UPI,0,0,0,No,7.1,8.0,9,0
NET10342,33,Standard,34,399,13.2,6,1,2,63,1,UPI,0,0,0,Yes,5.9,8.2,35,0
NET10343,26,Premium,11,649,22.4,12,6,2,33,5,Net Banking,0,0,0,No,9.8,6.8,15,0
NET10344,26,Premium,2,649,15.8,7,4,6,30,4,UPI,0,0,1,No,6.6,6.0,2,0
NET10345,33,Basic,11,249,11.5,5,23,5,77,2,Net Banking,2,0,0,No,5.9,8.0,14,0
NET10346,17,Premium+,2,899,79.2,37,0,1,24,6,UPI,1,1,1,No,8.1,6.9,3,0
NET10347,18,Premium,20,649,14.3,9,4,4,5,8,UPI,0,0,2,No,10.0,7.2,25,0
NET10348,24,Premium,47,629,14.0,6,13,3,84,1,UPI,0,0,0,No,9.1,5.6,52,0
NET10349,29,Standard,6,449,9.0,4,0,1,77,5,UPI,0,0,0,No,6.7,7.4,8,0
NET10350,33,Standard,7,399,7.7,4,4,3,91,5,Credit Card,0,0,1,No,7.2,4.7,7,1
NET10351,44,Premium+,7,899,47.8,22,1,3,40,6,UPI,0,0,0,No,7.2,6.6,8,0
NET10352,38,Standard,4,379,11.9,8,19,3,52,2,UPI,0,0,0,No,7.1,7.4,8,0
NET10353,29,Premium,22,649,12.1,6,6,2,18,7,Credit Card,0,1,1,No,7.3,6.6,26,0
NET10354,30,Premium+,13,949,46.7,32,1,3,44,4,Credit Card,1,0,0,No,8.3,6.5,17,0
NET10355,21,Premium,1,649,15.3,9,27,3,47,2,Credit Card,0,0,1,No,8.4,6.5,6,1
NET10356,30,Standard,25,449,50.9,26,1,5,55,5,Credit Card,0,1,1,Yes,5.9,10.0,26,0
NET10357,28,Basic,2,249,21.6,14,2,3,50,3,Net Banking,0,0,1,Yes,5.3,9.0,2,0
NET10358,33,Basic,54,249,18.0,11,6,5,49,2,UPI,1,0,1,Yes,8.3,7.7,56,0
NET10359,23,Basic,6,219,3.8,2,5,2,49,3,Credit Card,1,0,0,Yes,5.9,8.7,6,0
NET10360,35,Basic,13,199,22.4,13,10,4,42,4,UPI,0,0,0,No,6.9,8.5,15,0
NET10361,44,Standard,1,449,6.3,4,6,4,43,5,UPI,1,2,2,Yes,8.3,5.5,1,0
NET10362,30,Standard,5,419,15.2,7,5,3,55,2,Net Banking,0,1,1,No,8.4,6.3,5,0
NET10363,34,Standard,22,379,23.1,11,2,3,36,5,Wallet,0,0,0,Yes,5.8,9.6,23,0
NET10364,37,Standard,9,419,7.9,4,2,1,38,5,Credit Card,0,1,2,No,9.4,7.0,13,0
NET10365,27,Basic,32,179,11.2,8,0,1,65,3,UPI,1,0,0,Yes,7.8,7.1,36,0
NET10366,33,Basic,11,219,24.8,17,3,3,72,3,UPI,0,0,0,Yes,7.4,8.1,15,0
NET10367,31,Premium,36,699,28.7,20,9,2,63,1,UPI,0,0,0,No,10.0,5.5,40,0
NET10368,31,Standard,56,419,20.0,15,2,4,66,2,UPI,0,1,2,No,9.1,7.7,56,0
NET10369,24,Standard,8,419,24.7,12,12,3,77,4,UPI,1,1,1,No,8.8,5.6,12,0
NET10370,31,Premium,11,699,28.4,16,9,2,37,6,Credit Card,1,0,0,No,5.4,6.2,11,0
NET10371,35,Premium,25,629,57.2,34,36,2,63,4,Credit Card,0,0,0,No,8.0,8.6,27,0
NET10372,44,Standard,3,449,37.1,23,7,6,22,2,Debit Card,0,2,2,Yes,6.5,7.0,6,0
NET10373,39,Premium,27,649,12.9,7,0,3,21,4,UPI,1,1,1,No,5.2,8.6,30,0
NET10374,50,Premium+,12,919,40.2,23,5,2,51,3,Debit Card,0,0,1,No,6.6,8.7,14,0
NET10375,24,Premium,18,649,10.2,7,2,4,41,1,UPI,0,2,3,No,9.1,5.2,18,0
NET10376,38,Standard,1,449,16.5,9,17,2,57,4,UPI,1,1,2,No,6.7,9.5,5,0
NET10377,32,Premium,20,699,27.1,20,7,4,28,5,UPI,0,0,0,Yes,7.0,7.9,21,0
NET10378,50,Basic,5,199,44.5,20,9,2,64,4,UPI,0,0,1,No,8.1,5.1,5,0
NET10379,23,Standard,22,399,22.7,11,4,3,59,3,Credit Card,1,0,0,No,7.3,9.4,22,0
NET10380,23,Premium+,9,899,9.7,7,20,2,36,2,Credit Card,0,0,0,Yes,5.5,7.8,11,0
NET10381,25,Standard,4,399,20.8,13,1,6,48,8,UPI,0,1,1,Yes,7.8,6.7,6,0
NET10382,15,Premium+,42,899,48.4,22,2,2,33,3,UPI,0,1,2,No,4.9,5.8,43,1
NET10383,26,Standard,20,399,38.4,28,4,3,25,6,Net Banking,0,0,0,No,5.9,10.0,24,0
NET10384,24,Premium+,59,899,22.2,15,4,2,51,3,Wallet,0,0,0,No,8.2,3.2,62,0
NET10385,32,Standard,6,449,35.4,20,8,1,13,6,Credit Card,0,0,1,No,5.9,5.9,11,0
NET10386,34,Basic,14,179,9.2,5,7,3,49,2,UPI,0,0,1,No,8.0,5.3,18,1
NET10387,47,Standard,13,449,55.6,25,0,3,20,0,Credit Card,0,0,0,No,8.7,4.4,17,0
NET10388,39,Standard,16,379,12.6,7,7,2,54,3,UPI,0,1,1,Yes,5.9,8.1,21,1
NET10389,25,Basic,1,199,4.7,2,1,2,23,6,UPI,1,0,0,No,7.3,9.9,6,1
NET10390,22,Premium,4,669,14.7,8,3,1,39,3,UPI,1,0,0,No,7.0,4.1,4,0
NET10391,35,Standard,33,449,12.5,8,3,1,30,2,Net Banking,1,0,0,No,6.3,7.8,34,0
NET10392,19,Premium,7,649,29.3,18,7,3,44,5,Credit Card,1,0,0,Yes,3.3,6.5,7,1
NET10393,47,Standard,45,449,32.3,17,6,1,72,2,Credit Card,0,0,0,Yes,5.1,6.2,47,0
NET10394,41,Basic,3,199,19.5,10,2,3,42,7,UPI,0,0,0,No,9.1,6.9,8,0
NET10395,26,Premium+,83,919,35.4,19,10,2,54,5,Wallet,1,2,2,No,8.4,6.7,86,0
NET10396,15,Standard,16,419,10.8,7,0,5,47,4,UPI,0,1,1,Yes,5.6,4.9,17,0
NET10397,43,Premium,20,699,35.7,23,1,2,49,0,Credit Card,1,1,2,No,6.3,7.8,21,0
NET10398,29,Premium,7,699,33.1,21,3,3,42,9,Credit Card,0,0,0,No,7.1,5.1,11,0
NET10399,42,Standard,33,449,42.7,20,1,2,74,5,Debit Card,0,1,2,Yes,3.8,10.0,33,0
NET10400,16,Premium+,11,899,33.0,16,15,2,10,7,UPI,0,0,0,No,6.1,4.9,15,0
NET10401,25,Premium,15,629,19.5,13,15,3,45,5,UPI,0,0,1,Yes,5.9,4.6,19,0
NET10402,31,Standard,1,379,29.7,20,1,2,43,5,UPI,1,0,0,No,5.7,5.2,2,0
NET10403,31,Premium,13,649,19.9,14,3,1,47,3,Debit Card,0,1,3,Yes,5.3,7.2,16,0
NET10404,26,Basic,29,199,10.8,7,28,4,69,5,UPI,1,0,0,Yes,7.7,9.1,31,0
NET10405,36,Standard,2,419,4.7,2,0,2,9,5,Debit Card,0,0,1,No,9.2,7.0,6,1
NET10406,21,Premium+,18,899,70.3,34,0,2,28,5,Credit Card,0,0,0,No,7.3,9.4,23,0
NET10407,29,Premium,1,669,14.3,10,11,5,28,5,UPI,1,0,0,No,9.8,9.0,4,0
NET10408,32,Premium,36,669,26.2,20,2,2,66,6,UPI,1,1,2,No,6.9,6.6,41,0
NET10409,35,Premium,56,699,8.6,4,7,2,35,3,Credit Card,1,0,0,Yes,7.4,6.4,60,0
NET10410,37,Premium,6,669,18.2,11,5,3,50,5,Wallet,1,0,0,No,9.0,7.0,9,0
NET10411,20,Premium+,1,919,24.4,17,7,2,28,6,Debit Card,0,0,0,Yes,8.1,5.9,1,0
NET10412,17,Standard,15,399,34.5,20,1,3,45,5,UPI,0,0,0,Yes,8.5,10.0,20,0
NET10413,42,Basic,1,249,55.7,42,4,1,47,9,UPI,1,3,3,No,6.0,8.3,3,0
NET10414,33,Standard,9,449,28.5,16,6,4,83,3,Debit Card,0,0,1,Yes,8.4,7.5,10,1
NET10415,24,Premium,4,649,63.9,42,1,4,16,10,Net Banking,1,2,2,No,3.3,9.7,4,0
NET10416,44,Basic,8,249,12.3,7,17,3,42,4,UPI,0,0,0,No,5.8,5.5,12,0
NET10417,32,Basic,1,179,25.5,16,0,3,29,5,UPI,0,0,0,Yes,4.9,6.4,5,1
NET10418,41,Standard,1,399,41.8,26,1,6,38,2,Credit Card,0,0,0,Yes,6.3,6.8,3,1
NET10419,31,Premium+,1,899,10.7,8,0,5,32,3,UPI,0,1,1,Yes,3.4,9.6,6,0
NET10420,49,Premium,13,629,24.2,13,19,3,64,2,UPI,0,0,0,No,4.5,9.1,18,0
NET10421,46,Standard,11,419,20.4,11,1,4,37,3,Net Banking,0,0,0,No,7.1,8.4,13,0
NET10422,28,Basic,3,179,15.2,8,8,3,13,5,Wallet,0,0,0,No,6.8,8.3,5,0
NET10423,39,Standard,14,399,28.1,19,0,4,39,5,Debit Card,0,1,2,No,7.1,7.4,18,0
NET10424,36,Basic,30,249,15.3,6,0,3,70,5,UPI,1,0,0,Yes,9.7,6.7,34,0
NET10425,43,Basic,4,199,18.4,12,1,3,64,4,Wallet,0,1,2,No,8.8,6.7,5,0
NET10426,22,Premium+,24,899,70.5,34,0,2,20,5,UPI,0,0,1,Yes,8.4,4.2,26,0
NET10427,37,Premium+,15,879,49.7,33,3,4,18,6,Debit Card,1,0,0,Yes,8.4,10.0,18,0
NET10428,40,Basic,1,179,7.8,4,0,1,44,3,Net Banking,2,3,3,Yes,8.9,10.0,2,0
NET10429,15,Basic,6,199,13.2,8,5,6,67,6,Credit Card,0,0,0,Yes,7.6,6.3,9,0
NET10430,20,Standard,9,399,8.3,5,6,6,35,4,UPI,1,0,0,No,6.6,9.4,9,0
NET10431,15,Standard,18,399,36.1,20,2,3,52,3,Credit Card,0,0,0,No,7.4,8.6,20,0
NET10432,28,Basic,4,249,21.8,14,1,4,24,7,Debit Card,1,1,1,No,6.0,6.9,5,0
NET10433,37,Standard,56,399,19.9,11,1,2,41,7,UPI,0,0,0,No,6.8,4.1,61,0
NET10434,44,Basic,16,219,16.1,10,1,2,52,5,Debit Card,1,1,1,Yes,8.0,8.1,17,0
NET10435,31,Premium,6,649,13.0,5,6,3,17,4,UPI,0,0,0,Yes,3.0,7.1,6,0
NET10436,45,Premium,1,649,32.1,21,5,3,58,5,Credit Card,0,0,0,No,2.2,6.8,1,1
NET10437,18,Premium,2,669,42.6,21,14,4,38,3,UPI,0,0,0,Yes,6.1,5.9,2,0
NET10438,15,Standard,9,379,25.1,14,10,4,32,6,UPI,0,0,1,No,3.1,4.0,10,0
NET10439,30,Premium+,9,879,23.5,17,5,2,67,4,Wallet,1,1,1,No,7.3,6.5,13,0
NET10440,34,Premium+,20,879,52.0,36,1,3,27,1,UPI,0,0,0,No,8.6,6.4,23,0
NET10441,30,Basic,18,179,24.0,11,2,2,34,5,UPI,0,0,1,No,9.7,8.5,23,1
NET10442,15,Basic,3,249,20.4,10,3,3,37,1,Credit Card,0,2,2,Yes,7.2,10.0,8,0
NET10443,30,Standard,12,419,48.8,34,3,2,5,3,UPI,1,1,2,No,7.4,10.0,15,0
NET10444,19,Basic,1,199,22.9,17,0,4,59,2,UPI,0,0,0,No,8.5,6.4,6,0
NET10445,37,Standard,7,419,13.7,9,2,4,33,1,UPI,0,0,1,No,7.5,5.9,7,0
NET10446,34,Standard,20,399,25.1,13,1,3,28,4,Credit Card,0,1,1,Yes,5.9,9.9,25,0
NET10447,22,Standard,7,379,39.3,21,5,6,14,3,Net Banking,0,0,0,No,6.0,10.0,11,0
NET10448,26,Standard,25,449,16.6,10,15,2,9,7,Wallet,1,1,1,No,7.7,7.1,29,0
NET10449,21,Standard,52,399,31.4,20,0,5,82,2,Net Banking,1,2,3,Yes,6.0,6.6,52,0
NET10450,30,Premium+,13,899,21.3,14,11,2,43,1,Credit Card,0,0,1,No,5.9,8.3,15,0
NET10451,39,Basic,2,179,13.7,8,1,4,70,7,Net Banking,0,1,1,No,6.3,7.5,3,0
NET10452,22,Premium,6,629,45.8,34,7,2,53,3,UPI,0,0,0,No,7.3,7.0,8,0
NET10453,35,Basic,1,219,23.7,18,5,3,23,4,Debit Card,0,2,2,Yes,10.0,6.5,5,0
NET10454,26,Basic,12,249,32.7,16,1,1,58,5,UPI,0,0,0,Yes,6.3,5.8,12,0
NET10455,23,Standard,24,449,13.5,7,2,4,64,5,Credit Card,0,2,2,No,6.8,6.7,25,0
NET10456,30,Basic,13,219,5.2,2,4,5,21,4,UPI,0,0,0,Yes,5.6,6.4,16,1
NET10457,21,Basic,21,249,26.5,18,14,2,49,4,Credit Card,0,0,0,Yes,7.0,8.0,26,0
NET10458,26,Basic,22,249,39.1,19,1,2,36,4,Debit Card,0,0,1,No,8.4,7.4,26,0
NET10459,20,Standard,26,399,9.0,4,2,3,39,4,Debit Card,0,1,1,No,6.0,8.8,27,1
NET10460,48,Premium,4,699,34.4,19,31,3,33,2,UPI,0,0,0,No,5.3,6.5,5,0
NET10461,31,Basic,28,179,2.7,1,9,2,34,5,Debit Card,0,0,0,Yes,5.6,7.2,30,1
NET10462,24,Premium,14,649,39.7,28,2,3,21,2,Debit Card,0,0,0,Yes,9.5,8.7,17,0
NET10463,32,Basic,4,179,30.6,20,0,2,51,6,UPI,1,0,1,No,7.5,7.9,6,0
NET10464,29,Premium,61,629,13.6,9,4,6,63,1,Net Banking,0,0,0,No,3.5,8.8,63,0
NET10465,29,Standard,41,419,21.4,9,5,2,53,6,Debit Card,0,0,0,No,8.8,8.6,43,0
NET10466,36,Premium,11,699,18.4,9,1,5,42,4,Credit Card,0,0,2,No,10.0,3.8,13,0
NET10467,37,Premium+,25,949,24.6,15,7,3,23,8,UPI,1,1,2,No,9.2,6.5,29,0
NET10468,26,Premium+,4,949,25.5,12,4,1,49,7,Net Banking,0,1,1,Yes,4.1,5.1,7,0
NET10469,25,Basic,7,249,17.2,8,2,2,29,5,Wallet,1,0,0,No,7.1,8.8,9,0
NET10470,28,Premium,2,649,20.9,12,2,4,56,7,UPI,1,1,1,Yes,7.4,6.1,6,1
NET10471,15,Basic,10,199,17.9,13,2,2,58,5,Net Banking,0,0,0,No,10.0,7.5,15,0
NET10472,17,Premium+,9,879,49.7,38,9,2,31,4,Credit Card,2,0,0,No,5.5,4.1,13,1
NET10473,43,Standard,3,399,22.4,14,4,3,23,4,UPI,0,0,0,Yes,7.8,10.0,4,0
NET10474,45,Standard,15,399,27.3,20,1,3,58,5,UPI,0,1,1,No,7.9,7.1,16,0
NET10475,28,Basic,1,199,24.4,17,9,4,22,3,UPI,0,0,0,Yes,7.7,9.9,1,0
NET10476,36,Basic,1,199,32.1,20,0,2,59,4,Credit Card,0,0,1,Yes,6.4,7.8,5,0
NET10477,33,Premium,6,649,41.1,28,32,3,44,3,UPI,1,0,0,Yes,8.5,7.2,6,0
NET10478,58,Premium+,7,899,14.9,10,13,6,63,3,UPI,0,0,0,No,6.1,6.2,11,0
NET10479,41,Premium,5,669,35.1,22,8,2,30,4,Debit Card,0,1,1,No,5.7,3.9,7,0
NET10480,29,Premium,4,669,15.4,7,1,5,39,6,Wallet,0,0,0,No,10.0,8.0,6,0
NET10481,22,Premium,5,669,26.0,15,13,2,32,3,Debit Card,0,0,2,No,5.9,8.4,5,0
NET10482,16,Standard,2,399,4.4,2,10,5,15,1,Net Banking,0,0,0,Yes,10.0,6.5,4,0
NET10483,32,Basic,7,199,13.7,6,9,4,45,5,Credit Card,0,0,0,No,4.4,7.2,9,0
NET10484,24,Basic,32,179,5.8,4,1,1,58,1,Debit Card,1,0,0,Yes,8.9,6.8,33,0
NET10485,18,Standard,3,399,13.0,6,5,2,59,4,UPI,0,2,2,No,5.4,7.9,5,0
NET10486,25,Basic,16,249,31.0,19,13,4,48,4,Credit Card,0,1,1,No,5.6,4.9,17,0
NET10487,21,Basic,2,249,13.6,8,4,2,64,2,Debit Card,1,0,0,Yes,8.4,7.6,5,0
NET10488,46,Basic,6,199,3.8,2,4,2,25,4,Wallet,0,0,1,No,6.3,6.6,10,0
NET10489,38,Basic,5,249,18.7,11,3,4,41,5,UPI,0,0,0,Yes,4.6,7.8,6,0
NET10490,30,Premium+,38,949,23.2,16,6,3,53,3,UPI,1,0,0,Yes,7.8,4.5,43,0
NET10491,44,Basic,7,249,14.5,7,11,5,72,3,Debit Card,1,0,0,No,9.4,6.1,12,0
NET10492,31,Standard,16,399,41.8,28,4,5,58,2,Credit Card,1,0,0,No,6.4,6.1,17,0
NET10493,23,Standard,12,399,22.7,10,20,3,32,5,Credit Card,0,0,0,No,6.5,10.0,13,0
NET10494,44,Standard,2,399,26.7,12,3,2,31,4,UPI,0,1,1,No,6.9,6.2,7,0
NET10495,35,Basic,39,199,9.4,6,0,2,65,5,Wallet,0,0,0,No,7.8,6.9,43,0
NET10496,21,Standard,5,419,21.5,10,0,2,64,4,Debit Card,0,0,0,Yes,8.3,7.9,9,0
NET10497,29,Basic,1,249,21.1,9,5,2,40,3,Credit Card,1,0,0,Yes,4.6,6.9,5,1
NET10498,23,Standard,5,379,27.6,12,10,4,67,3,UPI,0,0,0,Yes,6.5,6.4,10,0
NET10499,18,Basic,5,199,4.1,2,11,3,45,2,Net Banking,0,0,0,No,4.9,8.4,7,1
NET10500,39,Standard,1,379,8.9,5,19,5,30,3,Credit Card,0,0,0,No,4.6,10.0,2,1
NET10501,48,Premium,13,699,28.2,21,4,2,85,4,Debit Card,1,0,0,Yes,4.7,7.2,17,1
NET10502,18,Standard,5,419,34.3,16,1,4,26,3,Net Banking,1,0,1,No,9.5,7.1,8,0
NET10503,36,Standard,13,379,15.9,11,6,1,22,6,Debit Card,0,0,0,No,7.5,5.9,18,0
NET10504,25,Standard,1,449,31.2,17,13,2,52,2,Credit Card,0,1,1,No,7.7,5.2,5,0
NET10505,26,Premium,56,699,35.4,24,1,2,41,6,Credit Card,0,0,0,Yes,8.5,8.4,56,0
NET10506,25,Basic,2,199,22.0,14,2,1,60,7,UPI,0,2,2,Yes,3.9,6.0,2,0
NET10507,23,Premium,15,669,9.1,6,9,2,74,1,Credit Card,0,0,0,Yes,8.6,7.4,16,1
NET10508,31,Premium,17,699,67.1,50,0,1,77,0,Wallet,0,0,0,No,5.4,6.7,18,0
NET10509,23,Standard,2,419,16.1,9,13,3,33,4,Debit Card,0,1,1,No,8.0,8.5,3,0
NET10510,33,Standard,1,399,13.4,6,11,2,24,5,Credit Card,0,1,1,No,6.6,8.1,3,0
NET10511,30,Standard,2,379,16.8,9,4,4,52,5,Debit Card,1,1,1,Yes,7.0,4.6,7,0
NET10512,28,Basic,3,199,15.0,8,36,1,63,4,UPI,1,0,0,Yes,5.5,8.5,3,1
NET10513,22,Basic,2,199,7.7,4,2,1,71,5,UPI,0,1,1,No,6.6,10.0,2,1
NET10514,25,Basic,15,199,6.7,3,16,4,60,3,Debit Card,0,1,2,No,3.7,6.4,16,0
NET10515,37,Basic,7,219,10.7,6,2,5,39,2,Credit Card,0,0,0,Yes,4.0,6.9,12,1
NET10516,35,Standard,10,399,7.2,3,7,5,76,4,Debit Card,0,0,1,No,6.4,4.1,10,1
NET10517,22,Premium,1,629,10.9,6,8,6,44,9,Credit Card,1,0,0,Yes,10.0,7.8,1,0
NET10518,31,Basic,27,249,13.1,6,6,2,35,3,Credit Card,0,1,1,No,9.2,5.7,29,0
NET10519,37,Premium+,2,919,30.8,14,4,3,60,7,UPI,0,0,0,No,5.8,6.7,5,0
NET10520,15,Premium+,6,879,27.2,20,6,6,26,5,Net Banking,0,0,0,No,8.9,6.5,7,0
NET10521,35,Premium+,1,919,17.8,10,0,6,20,7,Credit Card,0,0,0,Yes,7.2,6.8,4,0
NET10522,25,Premium,2,669,18.3,9,12,4,60,3,Debit Card,0,0,0,Yes,5.3,5.7,5,0
NET10523,36,Standard,15,419,16.0,9,4,6,41,5,Debit Card,0,1,2,Yes,6.7,6.9,17,0
NET10524,24,Basic,16,199,10.1,4,3,2,52,3,Debit Card,0,0,0,Yes,7.2,7.0,16,0
NET10525,15,Standard,15,449,9.3,4,5,2,35,2,Credit Card,1,0,0,No,5.7,8.1,16,0
NET10526,16,Standard,11,399,45.6,32,5,2,40,8,Debit Card,0,0,0,Yes,8.2,7.8,15,0
NET10527,31,Premium,42,649,8.6,5,7,2,37,5,UPI,0,1,1,No,7.3,7.1,45,0
NET10528,33,Premium+,9,949,15.9,10,0,2,26,3,UPI,0,0,0,Yes,7.3,6.8,14,0
NET10529,22,Standard,8,399,9.1,5,16,1,28,2,UPI,0,1,1,No,5.5,7.2,11,0
NET10530,36,Standard,3,399,28.0,17,16,1,64,2,UPI,0,0,1,No,6.5,9.8,5,0
NET10531,16,Basic,1,199,24.3,14,0,2,10,6,Credit Card,1,0,1,No,6.6,6.8,4,0
NET10532,30,Basic,11,179,15.8,8,4,1,48,3,UPI,0,0,0,No,4.6,7.9,14,0
NET10533,20,Standard,5,399,8.4,4,7,3,37,0,UPI,0,1,2,No,5.4,5.2,8,0
NET10534,25,Standard,10,419,7.3,4,1,1,76,2,Credit Card,0,0,0,No,7.8,8.9,12,0
NET10535,31,Premium,3,649,29.1,20,6,3,67,2,Credit Card,1,1,1,Yes,6.6,6.5,3,0
NET10536,23,Standard,25,419,10.9,6,6,3,77,4,Credit Card,1,1,2,Yes,3.8,4.9,30,1
NET10537,27,Premium+,96,949,17.3,12,1,3,53,3,UPI,0,0,1,Yes,5.1,8.1,99,0
NET10538,40,Premium,5,699,27.1,14,1,5,73,3,UPI,0,0,0,No,6.7,8.7,6,0
NET10539,25,Premium,25,669,16.3,8,8,3,47,4,Wallet,1,0,0,No,6.8,5.9,30,0
NET10540,38,Basic,28,179,24.7,16,7,5,55,2,UPI,0,0,0,No,7.5,7.4,31,0
NET10541,20,Premium,77,629,47.6,33,11,2,25,5,UPI,0,0,1,No,5.3,5.3,80,0
NET10542,35,Premium,5,699,53.0,26,12,2,70,3,UPI,0,0,1,No,3.0,9.9,6,0
NET10543,43,Basic,19,199,19.1,9,1,6,66,1,Credit Card,1,1,1,No,5.1,5.6,21,0
NET10544,15,Basic,3,249,15.1,7,9,4,40,1,Debit Card,0,1,2,No,4.7,7.3,7,0
NET10545,23,Premium+,13,949,36.4,21,6,3,46,5,UPI,1,0,0,No,10.0,4.8,14,0
NET10546,36,Basic,17,219,22.4,14,6,3,64,6,UPI,0,0,0,No,7.0,6.4,21,0
NET10547,29,Standard,18,379,55.0,34,1,5,51,5,Debit Card,0,2,2,Yes,8.0,6.0,18,0
NET10548,34,Standard,3,419,48.3,33,10,6,58,3,Net Banking,0,1,1,No,5.4,6.2,3,0
NET10549,25,Premium,26,699,19.9,12,27,6,47,4,Net Banking,1,0,2,Yes,6.6,8.8,29,1
NET10550,31,Premium,7,649,22.6,15,1,4,44,4,UPI,0,1,1,No,4.7,7.6,12,1
NET10551,29,Standard,3,399,29.1,13,8,5,35,3,Credit Card,1,0,0,No,5.1,5.8,6,0
NET10552,41,Standard,10,449,73.2,45,0,6,24,11,UPI,0,1,1,Yes,5.0,7.9,12,0
NET10553,33,Premium+,27,919,16.2,9,1,1,30,1,Credit Card,0,0,1,No,1.9,8.5,31,1
NET10554,34,Premium,47,649,23.4,17,0,2,40,1,Net Banking,0,0,1,No,7.6,7.1,47,0
NET10555,27,Premium,19,649,16.9,10,1,4,43,3,Credit Card,0,0,0,No,5.9,4.6,19,0
NET10556,26,Standard,1,449,41.6,27,11,2,49,6,Credit Card,0,0,2,No,9.0,6.5,4,0
NET10557,27,Basic,2,179,8.5,4,4,3,35,5,UPI,0,2,3,No,5.5,6.3,5,1
NET10558,34,Standard,1,399,8.5,5,13,2,64,1,UPI,0,0,0,No,7.9,6.4,3,1
NET10559,27,Premium,1,649,19.4,9,14,5,69,5,UPI,2,0,1,No,2.5,5.0,4,1
NET10560,33,Basic,6,219,9.9,6,0,6,59,4,Net Banking,0,0,1,Yes,8.2,7.1,11,0
NET10561,49,Standard,5,419,32.5,21,5,4,47,4,Wallet,0,0,2,No,8.4,7.3,8,0
NET10562,38,Basic,1,219,3.1,2,0,4,22,6,Credit Card,1,0,0,No,7.1,5.3,6,0
NET10563,28,Standard,29,449,37.5,24,1,2,32,3,UPI,0,3,4,No,6.4,10.0,34,0
NET10564,41,Premium,13,669,48.5,35,1,3,41,1,Debit Card,0,2,2,Yes,10.0,6.7,15,0
NET10565,27,Basic,22,219,7.9,4,10,2,82,5,UPI,0,1,1,No,5.4,5.4,25,0
NET10566,15,Premium,6,649,10.1,7,2,4,63,3,UPI,0,0,0,Yes,7.2,7.9,11,0
NET10567,21,Premium+,7,879,29.2,21,30,4,52,5,Wallet,0,0,0,No,6.2,7.6,12,0
NET10568,15,Basic,5,249,5.1,3,0,5,56,3,Net Banking,0,1,1,No,10.0,10.0,8,1
NET10569,27,Premium,8,699,39.0,22,1,4,35,7,UPI,0,0,0,Yes,5.3,10.0,11,0
NET10570,31,Premium+,13,919,6.1,3,6,4,58,3,Wallet,0,1,2,Yes,8.7,8.7,17,0
NET10571,46,Premium+,9,899,29.5,22,20,6,47,4,Debit Card,0,1,1,Yes,8.4,7.2,9,0
NET10572,33,Basic,25,199,11.7,8,7,3,14,3,Credit Card,1,0,0,No,7.1,7.5,26,0
NET10573,29,Basic,32,219,14.3,6,0,3,38,6,UPI,0,0,0,No,6.7,3.1,32,0
NET10574,38,Basic,8,219,3.8,2,3,3,30,4,Wallet,0,0,0,No,4.6,6.7,12,0
NET10575,15,Premium,3,699,60.4,29,9,3,66,3,Wallet,0,0,1,No,4.4,8.0,4,0
NET10576,33,Premium,40,699,19.7,14,0,3,57,2,Credit Card,0,0,1,Yes,5.3,10.0,40,0
NET10577,37,Premium,18,669,43.3,33,2,1,27,6,Credit Card,0,1,3,No,4.3,10.0,20,0
NET10578,17,Standard,14,449,15.7,7,0,5,39,1,Net Banking,0,0,0,Yes,4.3,4.9,18,0
NET10579,41,Basic,19,199,13.5,8,10,3,11,5,UPI,0,1,2,No,7.2,3.3,21,0
NET10580,34,Standard,1,399,25.1,15,10,3,49,6,Net Banking,0,0,0,No,7.4,5.3,3,0
NET10581,27,Standard,1,399,23.7,15,2,3,67,4,UPI,0,0,0,Yes,7.7,5.1,1,0
NET10582,36,Premium,2,649,8.8,6,2,2,38,9,Net Banking,0,2,4,Yes,7.8,5.7,7,1
NET10583,51,Standard,2,419,78.5,38,3,4,30,4,UPI,0,1,1,No,8.4,7.4,3,0
NET10584,32,Standard,7,419,46.9,34,1,2,54,1,Credit Card,0,1,1,Yes,9.3,10.0,12,0
NET10585,33,Standard,2,419,8.7,4,10,4,47,1,UPI,0,3,4,Yes,7.3,4.9,5,1
NET10586,26,Basic,26,199,10.1,6,0,1,46,3,UPI,0,1,1,Yes,6.4,5.2,29,0
NET10587,23,Standard,12,399,28.9,18,2,3,41,2,Credit Card,0,0,0,Yes,5.2,8.7,16,1
NET10588,38,Basic,6,249,32.8,16,4,2,36,4,UPI,0,0,0,No,8.6,5.9,8,0
NET10589,23,Standard,1,449,17.5,8,0,3,40,3,Debit Card,1,0,0,No,6.4,8.3,5,0
NET10590,31,Basic,12,179,11.2,7,0,3,40,4,UPI,0,0,0,Yes,8.4,9.6,12,0
NET10591,26,Basic,1,179,14.3,10,1,2,38,6,UPI,1,0,0,No,7.7,7.6,3,1
NET10592,35,Premium,19,699,13.4,8,5,2,41,8,Net Banking,1,0,0,Yes,9.4,4.1,22,1
NET10593,34,Standard,22,399,22.4,13,10,3,52,2,Wallet,1,0,2,No,6.0,5.6,22,0
NET10594,40,Premium,10,669,25.9,19,7,2,63,5,Credit Card,0,0,2,No,6.8,8.5,10,0
NET10595,26,Premium,2,699,9.9,5,4,2,42,6,Debit Card,0,0,0,No,8.3,3.0,7,1
NET10596,28,Standard,21,449,27.0,12,6,4,46,5,UPI,1,0,1,Yes,4.5,7.8,25,0
NET10597,22,Premium+,5,879,58.3,35,4,4,14,4,Wallet,1,2,2,Yes,4.7,4.8,9,0
NET10598,27,Basic,3,199,16.5,7,4,2,56,4,Credit Card,1,0,0,No,7.1,10.0,8,0
NET10599,34,Premium,8,699,17.9,8,0,3,13,5,UPI,0,0,0,Yes,6.6,8.8,9,0
NET10600,37,Premium+,35,919,18.8,11,2,3,45,1,Wallet,0,0,0,Yes,7.5,6.3,38,0
NET10601,22,Premium,4,669,53.5,27,4,1,29,3,Debit Card,0,1,1,No,5.9,7.1,7,0
NET10602,38,Basic,33,199,31.4,21,5,5,49,3,Debit Card,0,0,0,No,8.6,6.8,37,0
NET10603,43,Standard,1,419,33.4,23,4,4,56,3,UPI,0,0,1,No,5.7,7.8,4,0
NET10604,34,Basic,1,249,43.6,33,7,2,47,4,Credit Card,0,0,0,No,4.6,8.2,4,0
NET10605,47,Premium,16,699,24.8,18,2,3,58,4,UPI,0,1,1,Yes,8.1,10.0,16,0
NET10606,24,Premium,2,669,15.4,8,0,2,30,8,Net Banking,1,1,3,No,6.0,5.2,7,0
NET10607,19,Standard,5,379,10.5,5,0,5,37,3,Wallet,1,0,0,No,5.3,8.3,10,0
NET10608,15,Standard,2,399,26.8,12,5,2,41,3,UPI,0,0,0,No,5.0,7.4,4,0
NET10609,44,Premium,5,699,31.1,17,4,5,64,7,UPI,0,2,3,No,6.2,1.0,7,0
NET10610,36,Standard,4,419,23.1,16,1,3,24,8,Credit Card,1,0,1,Yes,7.6,8.0,5,0
NET10611,30,Premium,18,669,9.2,7,1,1,30,4,Wallet,0,1,2,No,10.0,8.1,20,1
NET10612,33,Premium,16,699,70.8,32,1,3,46,6,UPI,1,0,1,No,8.0,5.3,21,0
NET10613,20,Basic,43,199,31.5,15,0,2,46,4,Credit Card,0,0,0,No,8.0,8.9,46,0
NET10614,53,Premium,18,649,23.3,13,0,2,51,3,Debit Card,0,1,2,No,8.8,5.7,23,0
NET10615,32,Basic,16,249,19.2,12,1,3,55,2,UPI,0,2,3,No,8.2,6.5,16,0
NET10616,31,Standard,16,419,6.1,3,12,1,41,3,Credit Card,0,2,3,Yes,6.6,5.0,21,0
NET10617,37,Premium+,30,899,11.5,5,7,5,35,1,Credit Card,0,0,0,Yes,10.0,6.8,32,0
NET10618,35,Premium,4,699,1.8,0,4,2,52,5,Debit Card,1,0,0,Yes,8.3,8.2,7,0
NET10619,33,Standard,4,399,32.0,14,2,3,60,1,UPI,2,1,1,Yes,6.6,9.4,9,0
NET10620,23,Standard,18,399,18.4,13,3,4,36,0,Debit Card,0,0,0,Yes,9.4,7.1,21,1
NET10621,35,Basic,3,219,17.5,8,1,3,64,6,UPI,4,0,0,Yes,6.9,8.5,7,0
NET10622,47,Standard,34,379,16.9,9,11,2,65,4,Credit Card,0,1,1,No,6.5,7.3,39,0
NET10623,43,Basic,10,199,17.4,9,1,2,58,4,UPI,0,0,0,Yes,7.6,5.7,14,0
NET10624,45,Standard,4,399,1.8,1,8,2,14,5,Credit Card,0,0,0,Yes,5.2,7.3,6,1
NET10625,26,Basic,20,249,36.0,26,1,2,45,4,Net Banking,1,0,0,No,3.7,7.9,24,0
NET10626,22,Standard,5,449,24.4,12,8,1,35,1,UPI,1,0,0,No,10.0,4.5,8,0
NET10627,29,Basic,46,199,34.7,22,2,4,38,5,Debit Card,0,0,0,No,8.4,7.9,49,0
NET10628,31,Premium+,57,949,20.2,12,23,1,59,3,Wallet,1,0,0,No,8.7,7.9,61,0
NET10629,40,Premium,15,649,23.9,13,15,1,67,5,UPI,1,0,0,No,8.2,5.3,15,0
NET10630,15,Standard,1,399,12.4,9,12,4,54,3,Wallet,0,0,1,Yes,7.9,6.9,5,0
NET10631,44,Basic,4,249,29.3,22,1,2,46,8,Net Banking,0,0,0,Yes,6.9,6.3,4,0
NET10632,29,Standard,10,399,12.5,8,0,1,30,5,Wallet,0,0,0,No,5.3,5.2,14,0
NET10633,27,Basic,26,219,27.7,14,19,6,38,1,Wallet,2,1,1,No,5.4,10.0,29,0
NET10634,21,Standard,2,419,54.7,37,3,5,56,3,UPI,0,0,0,Yes,5.2,9.7,7,0
NET10635,16,Premium,1,669,16.6,9,12,4,29,6,UPI,1,1,1,No,7.0,7.0,4,1
NET10636,38,Premium,1,669,94.1,64,1,3,49,4,Net Banking,0,1,2,Yes,10.0,5.9,5,0
NET10637,31,Premium,9,699,26.8,17,6,4,55,1,UPI,2,0,1,No,6.3,4.3,10,1
NET10638,19,Standard,30,399,3.8,2,8,2,53,4,Net Banking,0,0,1,No,8.1,6.2,30,0
NET10639,19,Premium+,1,949,24.0,14,4,3,31,3,Debit Card,0,0,0,No,7.1,6.5,2,0
NET10640,27,Premium+,3,949,49.6,34,16,3,28,0,Credit Card,0,0,0,No,7.3,5.9,6,0
NET10641,46,Standard,16,399,25.8,14,0,1,15,4,Net Banking,0,0,0,No,8.3,7.5,16,0
NET10642,28,Standard,24,399,19.1,9,10,1,27,4,UPI,0,0,1,No,4.5,8.2,29,0
NET10643,17,Standard,23,379,39.1,18,6,5,79,2,Debit Card,0,0,0,No,5.2,8.7,27,0
NET10644,28,Basic,21,179,9.2,4,2,3,5,2,UPI,0,0,0,Yes,6.0,7.1,21,0
NET10645,28,Premium,1,649,16.6,11,3,3,71,1,Debit Card,0,2,2,Yes,4.5,6.6,1,0
NET10646,15,Standard,7,379,7.2,4,3,1,23,4,Credit Card,0,0,1,No,7.8,8.2,9,1
NET10647,30,Basic,58,199,16.0,11,0,3,23,2,UPI,0,0,0,Yes,7.2,4.3,63,0
NET10648,28,Basic,62,199,22.9,14,4,1,63,6,Net Banking,0,2,2,Yes,7.2,6.3,62,0
NET10649,37,Standard,12,399,17.2,11,0,2,53,2,Wallet,0,0,0,No,5.9,9.5,17,0
NET10650,47,Premium,17,699,35.1,26,4,3,64,6,Credit Card,0,0,0,Yes,6.1,8.0,20,0
NET10651,41,Standard,42,379,30.3,14,1,2,26,5,UPI,0,0,0,Yes,6.2,6.5,47,0
NET10652,28,Premium,8,649,23.9,11,10,3,57,10,UPI,0,0,0,Yes,6.5,8.0,9,0
NET10653,21,Standard,2,399,35.8,20,0,3,54,2,Net Banking,0,0,0,No,7.0,7.8,3,0
NET10654,54,Standard,15,449,14.2,8,2,6,19,5,UPI,1,0,0,Yes,7.4,10.0,20,0
NET10655,31,Standard,45,379,22.9,13,3,2,13,4,Credit Card,1,2,2,Yes,4.2,10.0,49,0
NET10656,31,Premium,16,629,65.6,44,1,4,50,3,UPI,1,0,0,No,6.2,7.4,18,0
NET10657,30,Basic,22,179,18.4,8,26,1,47,6,Debit Card,1,0,0,No,7.3,8.2,23,0
NET10658,32,Standard,7,399,25.8,16,0,3,46,3,Credit Card,0,0,0,No,6.5,7.2,8,0
NET10659,29,Standard,1,399,31.6,23,2,5,48,3,Net Banking,0,0,0,Yes,5.4,6.0,1,0
NET10660,25,Standard,2,379,26.7,14,6,4,55,2,UPI,0,0,0,Yes,4.3,7.2,7,1
NET10661,26,Premium+,56,899,61.9,31,0,1,26,5,UPI,0,1,1,No,6.3,6.6,59,0
NET10662,30,Basic,9,179,11.4,5,1,2,85,7,Debit Card,0,0,0,No,6.4,8.4,14,0
NET10663,26,Standard,1,419,18.3,9,10,1,66,6,UPI,0,0,1,No,9.0,5.6,6,0
NET10664,24,Standard,43,399,22.2,15,1,1,55,5,UPI,0,0,0,No,5.8,6.1,46,0
NET10665,31,Premium,9,649,27.8,16,2,3,37,1,UPI,1,1,1,No,8.5,7.4,13,0
NET10666,28,Standard,25,399,20.3,12,1,4,25,4,UPI,0,2,2,Yes,10.0,6.5,28,0
NET10667,44,Premium,11,629,38.4,29,19,1,38,0,UPI,0,1,1,No,10.0,5.4,12,0
NET10668,15,Premium,1,649,20.3,12,10,4,18,1,UPI,1,1,2,No,9.5,10.0,1,1
NET10669,40,Standard,13,449,13.0,6,3,3,53,1,UPI,0,0,0,No,10.0,10.0,16,0
NET10670,42,Standard,83,399,28.9,17,11,3,48,4,Credit Card,0,0,0,No,5.8,8.3,85,0
NET10671,15,Standard,1,399,17.6,8,6,3,21,4,Credit Card,0,1,1,No,7.5,5.2,3,0
NET10672,27,Premium,25,649,31.3,15,2,6,52,2,Credit Card,0,1,1,No,10.0,10.0,27,0
NET10673,27,Basic,3,199,60.0,30,1,5,34,3,Net Banking,1,0,1,No,6.9,7.9,6,0
NET10674,18,Standard,7,399,76.1,46,0,3,29,3,UPI,0,0,0,No,5.7,5.7,7,0
NET10675,23,Premium,6,629,65.9,48,1,4,74,3,Credit Card,0,0,0,No,7.4,8.2,9,0
NET10676,21,Standard,32,399,37.6,17,1,3,45,4,Credit Card,0,0,0,No,8.1,9.6,33,0
NET10677,46,Standard,9,379,62.5,33,0,3,28,2,UPI,2,1,1,No,7.4,7.7,12,0
NET10678,39,Standard,8,399,22.8,16,6,3,33,3,Credit Card,0,0,0,No,7.7,5.4,13,0
NET10679,42,Basic,23,249,14.0,10,7,3,41,2,UPI,1,0,0,No,2.5,9.4,25,0
NET10680,37,Standard,1,399,47.0,25,3,1,42,11,Credit Card,1,0,1,No,7.1,6.7,3,0
NET10681,20,Standard,1,399,9.3,5,20,4,62,3,Debit Card,0,0,2,No,7.5,6.8,6,1
NET10682,26,Premium+,1,899,33.3,22,2,2,67,3,UPI,2,2,2,Yes,4.9,8.4,1,1
NET10683,35,Standard,16,399,6.1,4,14,6,62,2,Credit Card,0,1,1,No,8.4,10.0,20,0
NET10684,20,Premium,10,669,39.2,23,1,1,27,7,Wallet,0,0,2,Yes,9.1,6.5,12,1
NET10685,37,Premium,29,629,26.8,13,7,1,60,5,Credit Card,1,2,2,No,7.0,10.0,31,0
NET10686,28,Basic,9,199,24.0,16,38,2,33,4,Debit Card,0,2,2,No,5.4,8.0,13,0
NET10687,27,Premium,3,699,81.2,42,3,1,16,4,UPI,0,0,1,No,8.7,6.5,6,0
NET10688,37,Basic,22,219,9.0,6,3,4,26,2,UPI,2,1,2,No,8.1,6.9,24,1
NET10689,34,Premium+,4,879,31.3,15,0,6,88,2,Debit Card,0,0,0,No,8.5,8.1,4,0
NET10690,27,Premium,38,699,6.7,3,20,2,52,7,Net Banking,0,0,0,Yes,9.0,8.8,41,0
NET10691,41,Standard,4,449,31.2,18,7,2,45,5,UPI,0,0,0,Yes,5.0,9.0,7,1
NET10692,21,Standard,2,399,14.5,7,10,2,31,5,Credit Card,0,1,3,Yes,5.0,7.8,4,1
NET10693,36,Standard,9,379,18.3,11,5,2,53,1,UPI,0,0,0,No,10.0,7.2,12,0
NET10694,36,Standard,1,419,33.2,15,3,2,45,6,Credit Card,2,0,1,Yes,4.9,6.5,4,1
NET10695,28,Standard,1,399,39.2,23,0,4,51,4,Wallet,0,1,1,No,7.4,8.6,1,0
NET10696,33,Standard,9,399,18.5,10,0,2,51,5,UPI,0,1,2,No,10.0,7.8,12,0
NET10697,19,Premium,3,669,18.1,11,5,3,45,3,Debit Card,0,2,3,No,6.8,9.5,8,0
NET10698,39,Basic,1,199,11.7,7,1,5,36,6,Net Banking,2,0,0,No,8.2,3.4,3,0
NET10699,29,Premium,4,649,17.6,11,6,1,35,3,Debit Card,0,0,0,Yes,8.0,4.1,6,0
NET10700,26,Premium,9,699,19.8,11,18,5,5,2,UPI,0,1,2,Yes,10.0,5.9,14,0
NET10701,40,Standard,7,379,26.6,18,2,6,54,3,Net Banking,0,1,1,No,6.6,7.5,12,0
NET10702,24,Premium,2,699,34.9,21,8,3,36,3,Net Banking,0,2,2,No,8.3,9.5,7,0
NET10703,18,Basic,12,199,24.6,14,14,4,84,4,Credit Card,0,0,0,Yes,8.3,5.3,16,0
NET10704,16,Basic,17,219,16.2,9,11,3,24,1,Credit Card,0,0,0,No,6.8,5.6,18,0
NET10705,36,Premium,15,629,27.3,16,0,2,59,1,Credit Card,0,0,2,No,4.3,3.5,19,1
NET10706,19,Standard,7,419,3.1,2,6,2,43,6,Wallet,0,0,1,Yes,4.4,8.9,7,0
NET10707,46,Standard,2,379,16.6,10,2,4,36,7,UPI,1,1,3,No,7.7,5.2,2,1
NET10708,15,Premium,9,649,43.8,20,13,5,29,4,UPI,0,0,0,No,9.4,8.4,11,0
NET10709,46,Premium+,30,899,27.9,20,1,3,56,3,UPI,0,0,0,No,6.6,8.9,31,0
NET10710,32,Premium,8,629,23.7,17,1,5,36,2,UPI,0,0,2,Yes,4.6,7.3,12,0
NET10711,30,Premium,3,649,17.5,8,4,1,56,4,Credit Card,0,0,0,No,7.5,7.8,4,0
NET10712,26,Basic,1,179,26.1,16,2,3,56,4,UPI,0,2,2,No,7.8,9.9,3,0
NET10713,34,Basic,40,199,18.9,12,2,6,56,3,Debit Card,1,0,0,No,6.0,3.9,43,0
NET10714,30,Premium,19,669,27.6,17,3,6,69,5,Credit Card,0,0,1,No,6.1,6.1,21,0
NET10715,40,Standard,5,449,46.2,33,0,4,59,7,Credit Card,0,0,0,No,6.0,8.0,7,0
NET10716,32,Standard,4,419,11.3,5,0,3,52,7,UPI,0,0,1,No,5.3,8.9,5,0
NET10717,32,Standard,31,399,26.3,18,1,3,52,7,Credit Card,1,1,1,Yes,5.6,8.7,31,0
NET10718,27,Premium,2,669,32.8,16,4,2,17,1,Debit Card,0,0,0,No,7.5,7.2,5,0
NET10719,30,Basic,10,199,4.3,2,3,3,46,3,Net Banking,0,0,0,No,6.2,5.3,13,0
NET10720,33,Premium,17,649,37.4,19,6,3,52,3,UPI,0,0,0,No,8.4,7.7,17,0
NET10721,15,Basic,7,179,17.1,7,7,3,65,3,Debit Card,0,0,0,No,8.7,6.2,8,0
NET10722,18,Basic,1,219,13.7,7,5,5,27,5,Credit Card,1,0,0,No,5.9,6.3,2,0
NET10723,37,Standard,3,419,5.8,3,1,5,76,6,Debit Card,1,0,0,Yes,7.2,4.8,3,0
NET10724,32,Basic,32,199,3.1,1,5,4,39,1,UPI,1,0,0,No,6.2,6.6,36,0
NET10725,29,Premium,10,629,9.4,5,4,3,38,4,UPI,1,1,1,Yes,8.3,5.6,11,1
NET10726,31,Basic,23,179,15.3,10,6,5,83,4,Credit Card,0,0,0,No,9.0,6.7,23,0
NET10727,34,Basic,11,219,8.4,4,1,3,37,1,Wallet,0,0,0,No,7.1,6.1,15,0
NET10728,26,Standard,40,449,11.6,7,26,5,35,8,UPI,1,1,1,Yes,5.8,7.3,42,1
NET10729,23,Standard,33,419,41.4,21,26,4,14,1,UPI,0,1,1,No,6.8,9.3,36,0
NET10730,32,Basic,9,219,18.4,11,12,2,36,2,Credit Card,0,0,0,Yes,6.2,7.4,9,0
NET10731,22,Basic,5,219,19.5,12,1,3,29,2,UPI,0,1,1,Yes,5.2,7.1,6,0
NET10732,34,Premium+,12,899,29.3,13,8,1,21,7,UPI,0,0,1,No,6.4,6.5,15,0
NET10733,15,Premium,15,629,3.5,2,0,1,53,3,Debit Card,0,0,0,No,5.5,8.2,19,0
NET10734,40,Standard,9,399,7.0,4,14,3,27,2,UPI,0,1,1,No,8.8,7.5,12,0
NET10735,35,Standard,24,449,21.3,13,1,2,50,4,Net Banking,1,1,1,No,10.0,6.8,29,0
NET10736,33,Standard,2,399,13.4,6,3,3,71,5,Wallet,0,1,1,Yes,7.8,8.8,2,0
NET10737,39,Standard,5,449,26.4,15,6,3,32,3,Net Banking,0,0,0,No,7.7,8.6,7,0
NET10738,45,Premium,16,629,22.9,10,2,5,57,2,Credit Card,0,0,0,Yes,6.7,5.1,20,0
NET10739,40,Premium,3,649,42.8,27,1,2,33,4,Credit Card,0,0,2,No,8.4,8.0,7,0
NET10740,15,Basic,8,249,10.0,4,9,2,79,5,UPI,0,0,0,No,5.8,7.9,12,0
NET10741,19,Premium,46,629,9.6,5,10,4,38,2,UPI,0,2,2,No,7.3,7.7,49,0
NET10742,25,Basic,13,249,45.7,31,3,3,32,3,Credit Card,1,0,0,Yes,6.1,7.2,15,0
NET10743,31,Basic,41,199,17.1,10,2,2,85,10,UPI,1,0,3,Yes,6.0,6.8,41,0
NET10744,35,Basic,17,199,28.6,14,7,3,31,6,UPI,1,1,1,No,7.4,4.5,17,0
NET10745,24,Basic,18,249,28.5,13,13,6,20,8,Debit Card,0,1,1,No,10.0,6.5,21,0
NET10746,32,Premium+,12,899,70.9,50,2,1,62,2,Credit Card,0,0,0,Yes,7.1,8.8,17,0
NET10747,24,Standard,2,449,19.8,10,4,2,59,1,UPI,0,0,0,No,7.4,6.5,2,0
NET10748,25,Basic,10,249,3.9,2,0,3,60,1,UPI,0,0,0,No,5.6,7.5,10,0
NET10749,18,Premium+,4,949,34.5,21,15,4,44,2,Credit Card,0,0,0,Yes,5.7,5.7,6,0
NET10750,22,Premium,92,649,56.0,33,14,2,50,4,Credit Card,1,0,1,No,9.4,10.0,95,0
NET10751,18,Premium,4,669,14.5,9,1,3,40,1,Credit Card,0,1,1,Yes,9.2,10.0,7,0
NET10752,22,Premium+,3,899,46.5,29,6,3,18,7,Debit Card,1,0,0,Yes,2.6,5.8,7,1
NET10753,40,Basic,13,179,26.3,14,2,2,40,6,UPI,0,1,1,No,7.8,5.8,13,0
NET10754,22,Premium,10,649,49.6,36,1,2,36,4,Debit Card,0,0,0,No,8.4,8.3,11,0
NET10755,54,Premium,1,649,26.1,15,0,4,69,4,Credit Card,0,3,4,Yes,6.1,7.3,6,0
NET10756,35,Premium,1,669,22.4,14,2,5,53,8,Net Banking,1,0,0,No,4.9,6.6,3,0
NET10757,32,Premium,23,649,28.7,16,1,5,18,5,UPI,0,0,0,No,5.6,7.5,25,0
NET10758,23,Standard,9,399,15.8,7,0,1,39,6,Debit Card,0,1,1,No,5.9,8.8,14,1
NET10759,37,Premium,2,649,23.0,11,4,6,28,3,UPI,0,1,1,No,8.5,9.2,7,0
NET10760,25,Standard,8,399,22.6,10,1,3,25,4,UPI,1,0,0,No,10.0,6.5,9,0
NET10761,32,Standard,4,399,37.9,23,5,2,14,7,Credit Card,0,0,0,No,5.6,9.1,8,0
NET10762,54,Basic,3,199,13.4,6,3,6,81,2,UPI,0,2,2,Yes,5.8,9.2,4,0
NET10763,30,Premium+,44,899,74.6,43,0,1,30,3,Debit Card,1,2,2,Yes,6.9,10.0,49,0
NET10764,41,Standard,6,379,23.5,12,2,4,43,2,Wallet,0,1,1,Yes,8.1,7.9,11,0
NET10765,24,Standard,1,419,26.6,15,5,1,32,3,Net Banking,1,1,1,Yes,3.7,6.9,2,0
NET10766,30,Standard,49,449,13.6,9,10,3,6,2,UPI,0,1,1,Yes,8.9,8.7,53,0
NET10767,46,Premium+,22,899,34.7,16,6,3,44,5,UPI,1,0,0,No,8.8,8.6,23,0
NET10768,25,Standard,4,419,12.8,6,0,3,60,1,UPI,0,0,0,No,5.5,7.1,8,0
NET10769,47,Premium,7,699,25.7,13,5,3,62,6,Credit Card,0,0,0,No,5.0,7.5,12,0
NET10770,37,Premium,27,649,26.8,14,8,2,65,4,Net Banking,0,0,0,No,10.0,9.4,32,0
NET10771,25,Standard,6,399,16.4,8,2,6,46,3,Net Banking,0,1,1,No,8.9,4.4,11,0
NET10772,36,Standard,11,419,46.2,25,5,4,39,2,Credit Card,1,1,1,Yes,6.9,9.0,11,0
NET10773,39,Premium,10,629,33.1,22,0,4,29,5,Credit Card,0,0,0,Yes,9.3,5.6,14,0
NET10774,36,Premium+,7,879,52.3,40,16,1,54,4,Credit Card,1,1,1,Yes,5.6,6.7,12,0
NET10775,16,Premium,14,669,16.0,9,1,3,49,4,Credit Card,0,0,0,Yes,9.7,7.1,17,0
NET10776,24,Basic,8,179,5.3,2,14,3,42,5,UPI,2,2,2,No,6.1,7.5,11,1
NET10777,28,Premium,1,629,37.9,23,1,2,48,2,UPI,1,1,1,No,8.7,9.0,2,0
NET10778,30,Standard,23,399,13.0,7,13,2,46,4,Credit Card,1,0,0,No,6.5,9.2,26,0
NET10779,36,Standard,1,379,37.8,19,4,3,32,7,Debit Card,2,0,1,Yes,5.5,8.1,5,1
NET10780,32,Premium,8,629,31.6,15,1,3,5,3,Debit Card,0,0,0,Yes,8.9,5.0,8,0
NET10781,18,Basic,12,219,15.0,9,2,4,43,6,Credit Card,0,0,1,No,4.9,8.0,16,1
NET10782,34,Premium,17,629,31.4,16,10,1,36,6,Credit Card,1,1,2,No,7.2,7.1,19,0
NET10783,36,Standard,7,399,21.3,10,18,1,21,6,UPI,0,0,1,No,9.7,6.9,8,0
NET10784,36,Premium,18,649,52.7,36,12,1,11,2,Credit Card,0,0,1,No,8.3,5.3,23,0
NET10785,40,Basic,1,219,11.9,6,12,1,41,2,Debit Card,1,0,1,No,4.5,7.4,1,1
NET10786,38,Standard,14,399,19.0,8,0,2,45,6,Credit Card,0,0,0,No,8.8,3.9,15,0
NET10787,35,Premium,24,649,38.0,19,3,3,40,1,UPI,0,1,1,Yes,8.5,4.7,26,1
NET10788,30,Basic,30,219,13.7,9,10,3,42,12,Wallet,1,0,1,Yes,5.0,6.0,33,0
NET10789,16,Basic,12,179,13.8,8,0,2,51,0,Credit Card,2,0,0,No,5.2,9.0,14,1
NET10790,34,Premium+,5,899,17.3,11,7,3,51,5,UPI,1,1,1,No,7.7,7.8,8,0
NET10791,32,Standard,2,399,26.1,12,4,1,49,4,Credit Card,0,0,0,No,5.7,6.8,3,1
NET10792,33,Premium+,5,919,26.5,12,9,2,9,2,UPI,0,0,0,No,4.0,7.7,6,1
NET10793,19,Basic,10,219,32.9,19,1,4,28,3,Wallet,0,2,2,No,5.5,7.1,15,0
NET10794,21,Standard,3,379,6.3,2,12,6,84,4,Credit Card,1,0,0,No,6.7,8.0,8,1
NET10795,40,Premium,42,699,25.0,17,2,4,42,1,UPI,0,0,1,No,8.5,6.0,43,0
NET10796,30,Premium,31,649,12.4,9,18,5,31,2,UPI,1,1,2,No,7.5,8.8,36,0
NET10797,37,Standard,1,399,108.0,59,1,3,50,6,UPI,1,1,1,Yes,3.4,5.7,5,0
NET10798,31,Standard,11,419,26.0,11,1,3,38,1,UPI,1,0,0,No,6.5,7.9,11,0
NET10799,31,Premium,21,649,20.3,11,8,4,34,6,Credit Card,1,0,0,No,7.4,6.9,25,0
NET10800,39,Basic,3,199,5.1,2,4,2,76,3,Credit Card,0,1,2,No,9.0,5.8,5,0
NET10801,26,Standard,10,399,11.0,6,3,6,62,7,Debit Card,0,1,1,Yes,6.0,5.4,10,0
NET10802,31,Basic,7,219,24.6,14,3,4,64,3,Credit Card,0,0,0,No,7.8,7.8,8,0
NET10803,26,Standard,3,399,37.2,17,3,4,24,2,Wallet,0,1,1,No,7.7,6.7,4,0
NET10804,27,Standard,13,399,16.8,12,7,2,44,4,UPI,0,0,0,Yes,5.8,8.1,14,0
NET10805,28,Standard,70,419,18.4,11,1,2,10,3,Debit Card,1,0,1,No,6.0,6.3,73,0
NET10806,32,Standard,6,399,6.5,3,4,4,65,7,Credit Card,0,1,2,No,8.2,7.4,8,0
NET10807,26,Basic,11,199,15.6,11,8,3,85,3,Net Banking,0,0,2,No,5.2,7.5,15,0
NET10808,42,Basic,5,219,33.3,18,0,4,73,3,Net Banking,0,1,1,No,6.0,8.1,10,0
NET10809,22,Premium,29,649,59.1,36,2,3,62,6,Net Banking,0,0,0,No,9.1,5.9,31,0
NET10810,29,Standard,27,449,47.0,27,1,1,59,3,Net Banking,0,0,1,Yes,7.6,3.7,30,0
NET10811,27,Premium,2,649,40.7,21,5,2,35,2,UPI,0,0,0,Yes,7.5,10.0,5,0
NET10812,44,Premium,32,649,33.9,24,3,2,33,4,UPI,0,0,0,No,3.3,7.9,34,0
NET10813,32,Basic,2,199,11.4,5,2,2,55,6,UPI,2,3,3,No,8.1,6.8,5,0
NET10814,40,Premium,1,669,34.3,19,2,4,35,3,UPI,0,0,0,Yes,5.7,5.8,6,0
NET10815,17,Basic,14,179,29.4,14,3,3,27,1,Wallet,0,0,2,No,5.2,8.4,14,0
NET10816,33,Premium,6,649,27.7,17,3,5,47,1,UPI,0,0,0,No,7.9,2.9,7,0
NET10817,39,Premium+,10,879,26.8,16,7,3,55,3,UPI,0,0,0,No,6.7,7.1,14,0
NET10818,31,Standard,14,399,26.4,12,7,4,54,3,UPI,0,0,0,No,7.1,5.1,17,0
NET10819,40,Premium,1,629,66.4,47,0,2,103,4,Wallet,0,0,0,Yes,5.8,7.5,5,0
NET10820,26,Basic,4,199,12.3,8,7,3,48,4,UPI,0,0,0,Yes,10.0,4.6,5,0
NET10821,43,Standard,8,419,25.6,13,1,4,44,5,UPI,0,0,0,Yes,8.4,5.8,13,0
NET10822,51,Premium,4,629,27.9,16,3,2,16,6,Net Banking,0,1,1,No,6.8,8.0,6,0
NET10823,27,Basic,1,249,9.2,4,1,4,42,5,Wallet,1,0,1,No,10.0,6.6,6,0
NET10824,26,Standard,1,419,14.4,8,0,2,21,8,UPI,0,3,3,No,6.8,8.0,2,1
NET10825,44,Standard,22,399,20.2,13,5,2,58,4,UPI,0,0,0,No,9.1,4.8,26,0
NET10826,45,Premium,33,629,19.1,9,18,3,49,6,UPI,0,0,0,No,7.6,7.6,33,0
NET10827,26,Standard,2,399,24.7,18,2,4,26,2,Credit Card,1,0,1,No,7.6,8.2,4,0
NET10828,27,Premium+,4,919,31.9,18,6,2,38,1,UPI,0,0,1,No,7.0,6.0,7,0
NET10829,28,Basic,14,179,9.6,5,3,2,76,10,Credit Card,0,0,0,No,6.6,9.5,14,0
NET10830,18,Standard,43,419,31.7,23,1,5,29,4,Credit Card,0,1,1,No,7.2,5.7,44,0
NET10831,22,Premium,4,629,59.5,39,15,3,36,4,UPI,0,0,0,No,5.5,5.0,8,0
NET10832,21,Basic,27,199,3.8,2,3,1,48,5,UPI,1,0,0,Yes,6.2,3.9,31,0
NET10833,24,Premium,9,699,22.4,10,0,3,47,0,Wallet,0,0,1,No,8.3,8.3,13,0
NET10834,30,Basic,43,199,11.3,6,3,2,36,6,UPI,1,0,0,No,8.5,9.8,44,0
NET10835,33,Basic,2,199,16.6,8,0,3,16,1,Net Banking,0,0,0,Yes,8.4,9.5,4,0
NET10836,44,Basic,50,219,14.3,10,9,5,61,2,UPI,0,1,1,No,7.1,4.9,53,0
NET10837,22,Premium+,8,949,25.4,18,2,4,35,7,UPI,1,0,0,No,8.9,7.7,8,0
NET10838,39,Standard,42,419,42.2,23,5,1,63,5,Credit Card,0,0,0,Yes,6.5,6.6,43,0
NET10839,29,Premium,8,629,33.3,16,8,3,27,3,Net Banking,0,0,0,Yes,9.1,7.4,12,0
NET10840,30,Standard,10,399,7.6,5,0,3,49,3,Wallet,1,1,1,No,4.3,8.6,13,1
NET10841,37,Standard,22,399,26.7,12,4,4,34,3,UPI,0,0,0,No,7.2,4.8,26,0
NET10842,20,Standard,17,419,16.8,8,6,3,10,3,UPI,0,1,1,No,3.9,8.2,18,0
NET10843,34,Premium+,13,899,68.3,32,0,2,38,3,Wallet,1,0,0,No,8.6,7.7,17,0
NET10844,32,Premium,7,669,21.5,16,2,2,16,6,Credit Card,0,0,1,No,6.2,7.1,8,0
NET10845,35,Premium,22,629,23.0,13,3,2,51,5,Net Banking,0,0,1,No,10.0,8.2,26,0
NET10846,33,Basic,41,179,7.5,3,2,4,27,4,UPI,0,0,0,No,8.2,9.7,42,0
NET10847,53,Standard,1,419,16.3,8,5,3,18,3,UPI,0,0,0,No,7.9,7.7,5,0
NET10848,25,Standard,12,399,24.2,15,3,2,38,2,UPI,1,0,0,Yes,2.5,6.4,15,1
NET10849,26,Premium+,28,899,23.0,11,0,2,61,5,UPI,0,0,0,No,6.6,7.7,31,0
NET10850,25,Standard,14,379,8.8,4,0,4,49,4,UPI,0,0,0,No,8.2,5.9,18,0
NET10851,26,Standard,22,449,18.5,8,1,4,54,5,UPI,0,0,0,No,6.7,7.5,26,0
NET10852,25,Standard,31,399,22.7,14,0,1,44,1,Credit Card,1,0,0,No,6.5,9.1,32,0
NET10853,41,Basic,19,219,3.3,1,1,2,41,3,Debit Card,0,3,3,Yes,6.2,8.5,20,1
NET10854,43,Basic,17,179,11.2,6,0,2,19,3,UPI,0,0,0,No,6.8,5.8,18,0
NET10855,25,Premium,46,649,29.5,15,5,3,33,3,Debit Card,1,0,0,Yes,6.2,8.3,48,0
NET10856,23,Standard,27,399,12.8,8,3,1,35,9,UPI,0,1,1,No,10.0,7.6,31,0
NET10857,35,Premium,23,649,123.5,75,0,2,46,5,Net Banking,1,0,0,No,9.2,8.5,28,0
NET10858,26,Premium,1,699,57.0,26,0,2,67,3,UPI,1,0,0,No,9.3,8.1,5,0
NET10859,36,Standard,3,399,51.3,32,0,4,82,6,Credit Card,0,2,2,No,3.1,8.0,7,0
NET10860,32,Standard,11,449,23.0,12,6,4,51,4,UPI,0,0,0,No,7.7,7.4,15,0
NET10861,17,Basic,17,199,26.9,12,1,4,79,6,UPI,0,1,1,No,3.3,6.7,18,0
NET10862,44,Premium+,5,899,20.1,11,2,3,46,5,Credit Card,0,0,1,No,10.0,6.6,6,0
NET10863,47,Standard,1,449,14.5,7,0,3,44,2,UPI,0,1,1,No,8.1,6.0,3,0
NET10864,25,Standard,5,399,8.7,4,4,1,52,4,UPI,2,0,0,No,9.6,7.3,6,1
NET10865,27,Standard,20,419,22.1,12,9,3,34,4,Net Banking,0,1,1,Yes,5.1,7.9,25,0
NET10866,33,Standard,29,419,14.2,8,2,3,54,4,Debit Card,0,0,0,No,8.0,8.0,33,0
NET10867,34,Standard,34,379,38.8,19,0,4,52,0,UPI,2,1,1,No,5.3,6.4,38,0
NET10868,36,Standard,6,399,35.6,19,18,4,46,2,Net Banking,0,2,2,No,7.5,8.0,6,0
NET10869,49,Premium,6,649,26.0,18,4,4,26,1,UPI,0,0,0,Yes,5.9,7.8,7,0
NET10870,29,Premium,7,629,36.5,17,0,1,31,3,Net Banking,0,0,0,No,8.2,8.0,7,0
NET10871,23,Standard,6,419,17.8,11,4,2,71,0,Debit Card,1,0,0,Yes,5.0,8.3,10,0
NET10872,18,Standard,15,419,14.0,8,0,2,52,4,Wallet,0,0,0,Yes,8.4,6.8,16,0
NET10873,24,Premium,6,699,19.6,13,0,2,44,2,UPI,0,2,2,No,6.6,8.0,10,0
NET10874,30,Basic,1,249,18.9,10,2,2,51,3,Debit Card,1,2,2,Yes,6.4,6.2,1,0
NET10875,47,Premium,8,669,19.9,14,6,3,48,6,Debit Card,0,0,0,Yes,6.6,4.2,8,0
NET10876,26,Basic,3,199,19.9,10,7,2,28,6,UPI,0,0,0,Yes,7.4,4.5,6,0
NET10877,33,Premium,1,649,26.1,14,13,3,5,2,Credit Card,0,1,1,No,5.8,6.6,4,0
NET10878,30,Standard,8,449,24.5,12,0,2,43,4,Credit Card,0,0,0,No,10.0,3.1,9,0
NET10879,41,Standard,3,399,16.4,9,3,2,52,3,Net Banking,1,1,2,No,9.5,6.3,4,0
NET10880,53,Premium,8,699,5.3,3,3,6,75,5,Credit Card,0,0,0,No,6.2,7.3,9,0
NET10881,26,Basic,4,179,29.6,17,3,1,31,1,UPI,0,0,1,Yes,4.7,7.5,5,1
NET10882,26,Standard,12,399,16.7,9,11,2,43,4,Debit Card,0,1,1,No,9.3,10.0,13,0
NET10883,40,Standard,65,449,20.1,9,10,4,34,2,UPI,0,0,1,No,5.7,9.2,66,0
NET10884,37,Premium,11,669,31.9,23,4,1,32,7,Net Banking,0,1,1,No,5.6,6.2,16,1
NET10885,47,Basic,14,179,16.3,7,9,1,80,1,Net Banking,0,1,1,Yes,8.1,9.2,15,0
NET10886,36,Premium,35,629,9.1,6,0,5,13,2,UPI,0,0,0,Yes,7.3,5.7,35,1
NET10887,27,Standard,6,419,43.2,26,4,3,46,5,Debit Card,1,1,1,No,6.7,8.6,6,0
NET10888,36,Basic,2,179,19.0,11,0,2,33,10,Net Banking,0,0,0,No,6.8,6.0,2,0
NET10889,40,Premium,4,649,19.9,11,12,1,29,6,Credit Card,0,2,2,No,6.3,9.0,9,0
NET10890,38,Basic,7,249,19.5,12,4,1,40,6,Wallet,0,1,1,No,7.6,7.1,11,0
NET10891,35,Standard,14,379,22.1,14,0,2,52,2,Credit Card,0,0,0,No,8.9,6.1,16,0
NET10892,40,Basic,1,199,11.5,7,4,2,77,2,Credit Card,0,0,0,No,7.0,7.0,5,0
NET10893,41,Standard,26,419,13.2,6,8,5,40,4,Debit Card,0,1,1,No,7.1,7.3,27,0
NET10894,43,Premium,1,699,34.5,16,0,3,29,7,Credit Card,0,0,1,Yes,10.0,7.5,3,0
NET10895,36,Standard,32,419,29.3,14,1,3,64,4,UPI,0,0,0,No,8.0,7.5,32,0
NET10896,29,Standard,41,449,43.5,25,3,3,31,5,Credit Card,0,1,1,No,8.6,4.5,41,0
NET10897,32,Standard,64,379,25.4,11,3,2,20,6,UPI,0,1,2,No,5.1,9.5,67,0
NET10898,41,Basic,23,179,27.3,20,4,1,46,3,Wallet,2,1,1,Yes,10.0,5.7,24,0
NET10899,23,Standard,2,449,58.3,41,0,1,28,3,UPI,0,0,0,Yes,6.3,8.5,3,0
NET10900,34,Premium+,17,899,12.7,8,8,2,28,6,Credit Card,0,0,1,Yes,6.8,6.3,20,0
NET10901,27,Premium,3,649,39.4,20,2,6,59,6,UPI,0,0,0,No,6.2,8.0,7,0
NET10902,31,Basic,31,199,25.1,17,7,3,25,4,Net Banking,0,0,0,No,8.7,6.7,34,1
NET10903,42,Basic,5,199,7.6,4,11,2,40,5,Credit Card,1,0,0,No,7.5,6.9,10,0
NET10904,32,Premium+,5,899,31.0,21,6,2,33,2,Debit Card,1,0,1,No,6.3,9.1,6,0
NET10905,31,Standard,34,379,13.7,6,6,4,50,3,Debit Card,0,0,0,Yes,10.0,5.9,39,0
NET10906,18,Standard,1,399,23.2,10,5,6,26,4,Credit Card,0,0,0,No,8.4,8.2,6,0
NET10907,37,Premium,3,649,16.8,8,0,2,57,5,UPI,0,0,0,Yes,9.9,8.0,8,1
NET10908,36,Standard,7,379,18.0,13,14,3,65,5,Debit Card,0,0,1,No,8.5,7.2,7,0
NET10909,50,Standard,16,399,13.1,8,10,3,45,5,UPI,0,1,1,Yes,6.4,7.9,19,0
NET10910,28,Premium+,14,879,9.4,5,1,3,29,3,Net Banking,0,0,0,Yes,9.3,10.0,16,0
NET10911,32,Premium,15,699,25.4,19,1,3,60,8,Credit Card,0,2,2,No,6.3,4.1,15,0
NET10912,33,Basic,29,179,39.5,20,0,3,52,9,Credit Card,0,0,0,No,9.7,6.3,33,0
NET10913,45,Basic,1,199,18.4,8,2,2,65,5,Net Banking,0,1,2,Yes,9.2,7.1,1,0
NET10914,30,Basic,10,199,13.0,9,25,2,66,5,UPI,3,0,0,No,7.7,6.9,14,1
NET10915,33,Premium,18,649,51.3,30,0,4,34,2,Debit Card,0,0,0,Yes,5.9,6.3,18,0
NET10916,36,Standard,14,399,16.9,10,4,2,71,5,Net Banking,2,1,1,No,5.3,8.3,15,0
NET10917,32,Basic,8,199,11.3,5,1,1,28,2,UPI,0,0,1,No,7.0,4.8,13,0
NET10918,26,Premium+,1,919,42.8,26,11,2,83,2,Credit Card,1,0,0,Yes,5.7,9.2,5,0
NET10919,32,Basic,1,249,15.7,8,4,4,78,5,UPI,0,1,2,No,9.6,9.0,5,0
NET10920,40,Basic,1,219,18.1,13,11,1,53,7,Debit Card,0,0,0,No,6.4,8.6,4,0
NET10921,21,Basic,5,199,28.3,13,15,2,45,3,UPI,0,0,0,No,6.8,7.3,5,0
NET10922,32,Basic,1,219,24.7,18,6,3,42,6,Credit Card,2,0,0,Yes,7.0,9.1,5,0
NET10923,24,Standard,7,399,37.9,20,1,2,61,5,Wallet,0,0,0,Yes,8.3,7.3,11,0
NET10924,41,Premium+,2,899,58.1,29,3,3,48,6,UPI,0,2,2,No,7.8,7.9,2,0
NET10925,17,Premium,21,669,68.0,41,1,3,53,4,Credit Card,3,1,1,Yes,8.5,9.1,21,0
NET10926,25,Standard,28,379,21.4,16,6,3,51,0,Debit Card,1,0,1,Yes,6.3,7.3,30,0
NET10927,34,Standard,6,449,59.2,28,0,1,52,3,Debit Card,0,1,1,Yes,8.3,9.6,9,0
NET10928,45,Standard,10,379,52.7,32,2,4,49,5,UPI,0,0,0,No,6.8,8.5,14,0
NET10929,30,Basic,42,199,13.1,7,4,2,47,7,Credit Card,0,0,0,Yes,5.4,8.0,42,0
NET10930,26,Basic,10,219,29.9,14,2,4,45,3,UPI,0,2,3,No,5.4,6.5,14,0
NET10931,47,Premium+,74,899,54.1,28,5,3,58,4,UPI,0,0,0,No,4.1,8.0,76,0
NET10932,17,Basic,2,219,3.3,2,1,5,27,1,Credit Card,0,0,0,No,5.3,7.2,4,0
NET10933,15,Basic,27,199,14.9,8,0,6,42,3,Debit Card,0,0,0,No,7.8,8.9,31,0
NET10934,34,Standard,9,399,11.2,8,2,1,33,1,Credit Card,0,0,0,Yes,8.3,6.3,12,0
NET10935,26,Standard,1,399,23.1,13,5,4,58,6,Wallet,1,1,1,No,6.3,9.2,2,0
NET10936,21,Basic,50,199,10.5,6,0,1,36,6,UPI,0,0,0,No,4.5,8.3,54,0
NET10937,37,Basic,46,219,24.5,12,5,3,27,5,UPI,0,1,2,No,7.8,8.9,48,0
NET10938,33,Standard,6,379,18.4,9,2,2,58,6,Debit Card,0,1,1,No,2.7,5.9,9,0
NET10939,25,Premium,43,649,16.7,8,29,2,28,3,Credit Card,0,0,0,No,6.7,6.0,48,0
NET10940,19,Basic,2,199,15.0,7,9,2,67,6,Debit Card,1,1,1,Yes,6.1,5.4,2,0
NET10941,38,Standard,15,449,34.9,15,2,2,33,4,UPI,0,0,0,Yes,6.2,9.9,20,0
NET10942,36,Standard,2,399,37.4,19,21,4,51,4,UPI,0,0,0,Yes,8.3,7.5,5,0
NET10943,30,Premium,3,649,20.2,10,1,5,67,6,UPI,0,0,0,No,7.0,9.0,6,0
NET10944,47,Standard,21,399,21.5,15,0,4,18,5,Wallet,0,0,0,Yes,5.7,5.3,25,0
NET10945,21,Basic,6,179,1.3,0,0,1,59,2,Credit Card,1,1,2,No,7.6,7.9,9,0
NET10946,17,Standard,1,399,36.7,21,9,3,47,4,UPI,0,0,0,Yes,5.1,5.8,1,1
NET10947,24,Premium,7,699,15.6,7,2,6,84,2,UPI,0,0,0,No,6.3,6.4,12,0
NET10948,30,Basic,3,249,8.5,5,24,4,63,1,Credit Card,0,1,2,Yes,8.0,7.1,7,1
NET10949,33,Standard,16,379,2.7,1,5,5,67,2,Debit Card,0,0,0,No,8.4,6.9,18,0
NET10950,28,Basic,3,199,6.1,4,1,3,59,8,UPI,0,0,1,No,8.3,8.3,3,0
NET10951,34,Basic,25,219,6.1,3,2,2,53,8,UPI,0,1,1,No,7.3,6.5,29,0
NET10952,19,Standard,4,419,20.0,9,4,4,69,2,Net Banking,0,1,2,No,9.9,7.9,8,0
NET10953,43,Standard,6,399,24.9,15,7,2,53,3,UPI,0,0,0,Yes,9.9,8.0,7,0
NET10954,30,Premium,4,629,34.5,17,5,2,64,2,Credit Card,1,0,1,Yes,7.8,6.9,4,0
NET10955,41,Premium,14,669,48.9,30,1,3,33,4,Credit Card,1,1,2,No,7.7,9.6,17,0
NET10956,34,Standard,1,399,5.8,3,3,5,26,4,UPI,0,0,1,Yes,8.8,5.5,1,0
NET10957,35,Standard,9,449,28.7,14,1,3,19,4,UPI,0,0,1,No,3.9,10.0,9,1
NET10958,36,Standard,5,399,14.3,7,2,3,38,5,Debit Card,0,1,1,Yes,5.0,5.7,6,0
NET10959,35,Basic,30,199,18.7,9,2,2,54,4,Debit Card,0,2,2,Yes,10.0,6.0,33,0
NET10960,36,Premium,1,649,35.0,25,13,4,29,4,Net Banking,0,1,1,No,8.0,7.7,6,0
NET10961,42,Premium+,24,949,41.8,20,9,4,58,4,Debit Card,0,0,0,No,7.0,8.6,25,0
NET10962,32,Basic,2,179,7.1,4,4,4,55,1,UPI,0,0,0,No,9.1,6.7,3,1
NET10963,37,Basic,1,199,17.3,11,1,2,19,5,UPI,0,0,0,Yes,9.1,7.7,2,1
NET10964,30,Basic,3,199,7.8,3,5,2,46,2,Credit Card,0,0,0,Yes,5.6,5.2,3,0
NET10965,43,Premium,1,649,22.2,15,2,3,39,4,Credit Card,0,0,0,No,5.9,8.6,6,0
NET10966,24,Premium,10,649,40.8,26,0,3,51,2,UPI,0,1,2,No,8.8,10.0,11,0
NET10967,47,Premium,62,649,39.9,24,7,2,48,4,Credit Card,0,0,0,No,7.9,6.5,64,0
NET10968,30,Premium,1,669,48.6,23,1,2,56,4,Debit Card,0,0,0,No,8.1,6.8,4,0
NET10969,18,Standard,8,449,8.9,5,1,4,53,3,Credit Card,0,1,1,No,6.9,6.8,13,0
NET10970,32,Premium,6,629,56.7,27,6,2,31,5,UPI,2,0,0,No,4.3,8.7,9,0
NET10971,24,Premium,5,649,32.4,21,12,6,25,7,Debit Card,0,0,0,No,4.3,1.2,10,0
NET10972,38,Standard,5,379,15.7,8,1,4,47,3,Net Banking,1,1,2,No,6.6,8.8,6,0
NET10973,25,Standard,31,399,13.9,6,9,1,54,7,Net Banking,2,1,1,Yes,6.2,6.7,36,0
NET10974,26,Premium,1,649,9.5,7,13,2,66,3,UPI,0,1,2,No,5.9,9.2,1,0
NET10975,15,Standard,20,379,5.2,2,1,3,66,2,Credit Card,1,0,0,No,5.0,8.7,25,0
NET10976,26,Premium,4,669,11.7,8,14,1,49,2,UPI,0,0,0,No,6.5,8.3,8,0
NET10977,15,Premium,6,649,22.6,12,1,4,47,4,UPI,0,0,1,Yes,5.1,9.2,10,0
NET10978,16,Premium,7,699,47.0,34,1,2,61,1,Credit Card,0,0,0,No,8.6,8.0,7,0
NET10979,37,Premium,5,649,22.0,12,2,1,35,5,Credit Card,0,0,0,No,5.7,6.1,6,0
NET10980,38,Standard,1,399,58.8,31,1,3,49,1,Wallet,0,1,1,No,2.5,7.4,2,0
NET10981,34,Premium,1,629,25.6,12,5,4,44,9,UPI,0,1,2,No,10.0,4.8,3,0
NET10982,22,Standard,4,399,5.0,2,3,3,30,5,UPI,0,1,1,No,8.2,7.1,8,0
NET10983,30,Basic,24,199,33.3,15,6,2,34,3,Credit Card,0,0,0,No,4.9,8.0,28,0
NET10984,30,Basic,2,249,23.0,14,7,2,74,2,Net Banking,0,1,3,No,7.0,10.0,5,0
NET10985,20,Standard,19,449,22.0,15,0,2,38,4,Credit Card,0,0,1,Yes,7.1,7.2,20,0
NET10986,44,Standard,4,449,6.6,4,1,2,45,6,Credit Card,0,0,0,No,6.7,6.6,4,0
NET10987,38,Premium+,30,899,31.3,19,9,3,33,1,UPI,0,1,1,Yes,3.9,5.9,31,0
NET10988,29,Standard,7,399,32.3,18,0,3,91,6,UPI,0,0,1,No,3.5,7.1,8,0
NET10989,31,Standard,2,399,38.8,26,6,2,26,4,Debit Card,0,0,2,No,5.0,7.5,4,0
NET10990,32,Basic,59,199,9.9,6,6,4,16,4,UPI,1,1,1,Yes,5.5,8.3,64,0
NET10991,15,Basic,2,199,27.6,13,8,3,58,2,UPI,0,0,0,Yes,7.8,3.5,7,1
NET10992,28,Premium,11,669,12.3,6,1,1,33,6,UPI,1,0,0,No,7.0,4.9,11,0
NET10993,24,Basic,11,249,7.3,4,0,3,12,2,Credit Card,0,0,0,No,4.2,7.2,13,0
NET10994,21,Premium,6,629,43.4,32,3,4,46,7,UPI,0,1,1,Yes,2.7,6.8,8,0
NET10995,28,Premium,42,629,24.0,16,0,4,51,8,UPI,0,0,0,No,2.3,4.9,44,0
NET10996,47,Standard,25,399,19.4,11,11,4,39,4,UPI,0,1,1,Yes,5.1,7.9,30,0
NET10997,36,Premium,24,629,25.0,15,8,2,39,0,UPI,0,3,4,Yes,5.1,5.6,26,0
NET10998,25,Standard,51,419,32.2,15,12,4,38,4,Credit Card,2,2,2,No,9.2,9.6,52,0
NET10999,36,Standard,8,399,19.2,10,0,2,79,7,UPI,0,1,1,Yes,4.9,6.2,13,0
NET11000,43,Premium,1,699,55.0,26,15,5,43,3,Debit Card,0,0,0,No,8.8,6.1,6,0
NET11001,39,Premium,20,629,17.1,7,8,2,65,3,UPI,0,0,1,No,6.3,7.4,23,0
NET11002,31,Basic,6,179,7.3,4,0,2,45,6,Credit Card,0,1,1,No,5.4,9.2,7,0
NET11003,25,Basic,2,199,23.3,13,0,2,42,0,Credit Card,0,2,2,No,6.2,5.5,4,0
NET11004,37,Basic,9,199,19.0,9,13,4,26,5,Net Banking,1,1,1,No,7.5,6.7,11,0
NET11005,34,Standard,36,399,8.9,5,3,3,53,4,Debit Card,0,0,0,Yes,5.1,6.9,39,1
NET11006,39,Premium+,2,949,14.9,9,40,3,47,2,UPI,0,1,1,No,7.8,10.0,6,1
NET11007,36,Standard,26,379,14.1,6,6,1,78,2,UPI,0,1,2,No,8.3,8.2,26,0
NET11008,40,Standard,7,399,5.9,2,6,2,39,3,Debit Card,1,1,1,Yes,4.3,5.7,9,1
NET11009,26,Premium,2,699,19.7,12,3,4,26,2,UPI,0,1,2,Yes,5.9,4.8,4,0
NET11010,42,Standard,26,399,8.6,5,3,3,81,3,UPI,0,0,0,No,4.1,4.9,27,1
NET11011,32,Standard,48,379,28.7,15,9,2,78,3,Debit Card,0,0,0,No,7.8,9.8,50,0
NET11012,49,Premium+,4,899,42.9,21,3,2,76,2,Net Banking,0,2,4,No,3.8,5.8,6,0
NET11013,24,Premium,5,649,69.6,39,1,6,43,4,UPI,0,0,0,Yes,7.3,8.2,5,0
NET11014,46,Premium,6,649,13.7,10,2,5,68,2,Debit Card,0,1,1,Yes,7.4,7.3,7,0
NET11015,32,Standard,23,419,19.5,12,1,4,17,5,Debit Card,0,0,0,No,4.3,6.0,27,0
NET11016,25,Premium,1,649,5.2,2,11,4,54,4,Credit Card,0,0,0,No,8.9,8.8,3,0
NET11017,26,Basic,3,179,22.6,11,1,1,37,6,UPI,0,1,1,Yes,8.5,7.7,5,0
NET11018,28,Standard,17,399,19.2,9,2,4,57,3,Debit Card,0,0,0,Yes,4.7,8.0,21,1
NET11019,34,Premium+,7,899,25.1,12,5,3,30,5,UPI,1,0,0,No,8.9,7.6,10,0
NET11020,35,Standard,5,399,29.0,20,2,5,65,7,Debit Card,0,0,1,No,6.4,6.9,9,0
NET11021,25,Premium,28,699,45.3,24,2,3,63,3,UPI,0,0,0,No,6.2,7.0,32,0
NET11022,30,Standard,34,399,26.9,15,0,3,47,4,UPI,0,0,0,No,6.7,8.7,35,0
NET11023,50,Basic,41,219,21.7,13,9,1,29,4,UPI,0,1,1,Yes,8.1,6.2,46,0
NET11024,46,Premium,4,669,27.9,13,4,3,23,5,UPI,0,0,1,No,7.7,9.2,8,0
NET11025,34,Basic,34,199,28.3,17,1,3,65,5,UPI,1,0,0,No,6.3,4.2,35,0
NET11026,31,Premium,18,629,3.9,2,7,3,29,2,Debit Card,0,0,0,No,4.0,9.1,23,0
NET11027,32,Basic,2,249,8.1,4,6,2,74,3,Debit Card,0,0,1,No,6.3,8.4,6,1
NET11028,36,Premium+,13,879,35.6,25,2,4,64,6,Wallet,0,0,0,No,7.1,6.9,15,0
NET11029,21,Standard,1,379,31.4,20,5,4,33,4,Debit Card,0,1,1,Yes,8.0,3.3,3,0
NET11030,28,Basic,17,249,26.1,15,6,2,45,5,UPI,1,1,1,No,10.0,7.3,22,0
NET11031,15,Basic,18,219,8.5,5,0,4,45,5,UPI,1,1,1,Yes,7.1,6.4,21,1
NET11032,34,Premium+,21,899,66.7,42,0,4,15,5,Debit Card,0,1,1,No,8.0,9.6,26,0
NET11033,36,Premium,2,649,68.1,36,1,6,18,1,Debit Card,0,2,2,No,8.5,5.9,6,0
NET11034,26,Premium,13,669,25.4,14,7,4,43,3,UPI,0,0,0,No,3.5,7.9,13,1
NET11035,45,Standard,2,399,38.7,18,2,1,46,7,UPI,0,1,1,Yes,6.9,8.9,6,0
NET11036,19,Standard,41,419,8.0,5,1,2,53,2,Credit Card,1,0,0,No,9.4,8.2,46,0
NET11037,17,Basic,15,249,14.5,6,0,2,30,10,UPI,1,0,2,No,6.0,9.0,15,0
NET11038,33,Standard,1,379,50.0,36,9,5,41,8,UPI,0,0,0,No,7.9,5.4,6,0
NET11039,40,Basic,2,249,40.4,20,3,2,57,3,Net Banking,0,0,0,No,4.4,8.7,6,1
NET11040,46,Premium+,15,899,42.0,28,1,1,30,4,Debit Card,1,1,2,No,10.0,6.0,16,0
NET11041,26,Premium,9,699,53.9,25,9,2,76,4,UPI,1,0,0,Yes,8.0,8.5,11,0
NET11042,40,Standard,18,379,23.6,17,10,4,39,7,Credit Card,0,1,1,No,7.0,9.6,18,0
NET11043,30,Basic,4,219,14.2,7,6,5,35,4,UPI,0,1,1,No,7.4,7.4,4,0
NET11044,29,Premium,15,649,34.2,26,0,6,81,6,UPI,0,0,0,No,8.2,7.2,19,0
NET11045,38,Basic,2,199,19.2,9,2,3,39,4,UPI,1,1,1,No,9.1,8.5,4,0
NET11046,36,Basic,10,219,6.1,4,12,2,58,3,UPI,0,0,0,No,2.3,8.1,13,1
NET11047,16,Basic,44,199,16.0,8,0,3,24,1,Credit Card,0,0,0,No,8.1,8.5,44,0
NET11048,44,Standard,13,379,3.0,1,7,1,45,5,Debit Card,1,1,1,No,6.5,7.1,15,0
NET11049,43,Premium,1,699,17.7,8,1,4,48,5,UPI,0,0,0,No,7.9,2.2,3,0
NET11050,25,Standard,62,419,22.4,13,0,3,60,3,Credit Card,1,0,0,No,7.1,7.9,62,0
NET11051,34,Basic,2,199,12.2,6,7,3,57,3,UPI,0,0,1,No,5.7,9.2,3,1
NET11052,35,Standard,17,399,17.4,8,1,2,26,2,Net Banking,0,1,1,Yes,4.8,7.5,22,1
NET11053,33,Premium,10,699,21.4,10,8,4,85,7,Debit Card,1,0,0,Yes,9.1,9.3,11,0
NET11054,26,Basic,4,219,13.2,6,2,2,50,3,Credit Card,0,0,0,No,5.3,8.1,8,0
NET11055,24,Basic,2,219,22.5,10,1,1,66,3,Net Banking,0,0,1,No,8.7,8.9,7,0
NET11056,30,Premium+,2,879,46.4,22,14,3,14,4,Debit Card,0,0,1,No,7.0,7.3,7,0
NET11057,41,Premium+,27,919,30.1,15,2,2,50,5,Credit Card,0,0,1,No,3.4,9.8,31,0
NET11058,35,Premium+,28,949,31.6,21,14,1,32,9,Net Banking,1,0,0,Yes,9.0,6.2,30,0
NET11059,27,Premium,8,669,42.6,20,19,1,49,4,Debit Card,0,4,5,No,6.7,8.0,8,0
NET11060,37,Basic,1,179,12.5,7,3,5,54,6,UPI,0,0,0,No,6.1,7.1,2,0
NET11061,15,Basic,30,199,22.2,16,7,1,42,4,Credit Card,0,0,0,Yes,6.0,7.4,32,0
NET11062,41,Standard,9,419,16.7,8,3,3,64,5,Credit Card,0,0,1,Yes,3.5,6.7,10,0
NET11063,15,Standard,8,449,10.0,5,6,4,44,1,UPI,0,1,1,No,4.7,8.0,8,0
NET11064,27,Premium+,7,919,20.0,11,8,3,34,3,Net Banking,1,0,0,No,4.4,7.2,8,0
NET11065,20,Premium,6,649,27.3,15,6,3,48,3,UPI,0,0,0,No,7.6,6.1,9,0
NET11066,19,Premium,10,629,80.9,45,0,3,53,5,Debit Card,1,2,2,No,7.5,7.0,14,0
NET11067,41,Basic,12,199,6.5,4,2,1,56,0,Debit Card,1,0,0,No,4.6,5.8,17,1
NET11068,26,Premium+,8,899,53.6,32,11,1,50,6,Debit Card,0,2,3,No,3.7,8.4,9,0
NET11069,34,Premium,31,699,27.8,13,4,1,61,2,Debit Card,0,0,0,No,9.3,5.9,31,0
NET11070,30,Basic,5,219,26.2,19,13,5,57,6,Credit Card,0,0,0,No,5.6,4.7,5,0
NET11071,35,Premium,12,629,24.2,13,3,3,41,4,Credit Card,0,1,3,No,8.9,7.5,15,0
NET11072,31,Standard,4,419,7.0,5,1,4,34,4,Net Banking,0,0,0,No,7.7,5.1,4,0
NET11073,19,Basic,19,219,10.8,7,5,2,30,8,UPI,1,1,1,No,9.8,10.0,22,0
NET11074,39,Premium,1,669,2.3,1,13,2,32,2,Credit Card,0,1,2,No,6.7,6.2,3,1
NET11075,26,Premium,2,669,20.3,13,4,2,56,10,Credit Card,0,0,0,Yes,8.8,6.0,3,0
NET11076,16,Basic,22,179,27.8,13,1,2,39,4,Debit Card,0,0,1,Yes,5.1,7.8,22,0
NET11077,27,Standard,2,399,8.6,4,1,4,42,2,Debit Card,0,1,3,Yes,7.7,4.1,6,1
NET11078,44,Premium+,13,949,51.1,35,3,3,19,6,UPI,0,0,0,Yes,5.3,7.9,14,0
NET11079,38,Premium,49,649,23.3,11,11,3,74,2,Wallet,1,0,0,No,7.7,9.1,52,0
NET11080,27,Premium,10,629,39.1,25,2,2,47,6,UPI,0,0,0,No,6.4,7.2,11,0
NET11081,27,Basic,2,249,22.6,17,4,3,17,5,Credit Card,1,0,0,Yes,6.5,10.0,3,0
NET11082,28,Basic,5,199,6.2,3,1,3,20,4,Wallet,0,0,1,No,9.2,6.7,5,1
NET11083,49,Standard,24,399,15.4,8,8,1,48,4,UPI,0,0,0,No,7.6,6.5,28,0
NET11084,34,Basic,6,179,7.3,4,3,3,49,5,Net Banking,0,2,2,No,7.5,4.7,8,0
NET11085,34,Basic,17,179,4.4,3,1,2,41,4,Credit Card,0,0,0,Yes,10.0,7.9,21,1
NET11086,40,Basic,21,179,18.2,8,8,6,84,3,Net Banking,0,0,0,No,5.7,7.3,26,0
NET11087,33,Standard,9,449,28.6,13,7,5,36,4,UPI,0,0,0,No,8.4,8.5,12,0
NET11088,28,Standard,21,419,20.8,9,0,1,76,3,UPI,1,0,0,No,8.7,6.6,26,0
NET11089,29,Premium,5,649,35.1,23,3,5,33,4,Credit Card,0,0,0,No,7.0,8.0,9,0
NET11090,30,Basic,10,249,11.8,6,5,3,29,2,UPI,0,0,1,No,8.7,6.7,14,1
NET11091,30,Standard,16,449,15.9,8,1,1,31,4,Credit Card,0,1,1,Yes,6.0,8.2,19,0
NET11092,37,Basic,2,199,14.4,7,0,3,21,5,Debit Card,1,0,0,No,4.4,6.0,6,0
NET11093,31,Standard,4,399,39.2,19,2,3,5,3,Credit Card,0,0,1,Yes,7.6,7.0,6,0
NET11094,37,Basic,14,179,32.6,17,12,4,51,5,Credit Card,0,0,0,No,4.1,6.5,15,0
NET11095,30,Premium+,14,949,32.2,24,2,1,39,3,Net Banking,0,0,0,No,6.5,8.8,16,0
NET11096,31,Premium,9,649,21.7,9,9,4,60,2,Wallet,0,0,1,No,4.7,7.2,14,0
NET11097,15,Standard,22,399,32.5,23,7,2,38,2,Debit Card,0,0,1,No,8.5,7.1,23,0
NET11098,39,Basic,9,219,25.7,17,19,2,9,4,Credit Card,0,0,0,No,5.4,3.6,10,0
NET11099,34,Standard,29,399,22.4,10,12,5,29,5,Net Banking,0,0,0,Yes,8.9,8.1,33,1
NET11100,39,Premium,18,629,75.4,54,5,1,37,2,Debit Card,0,1,1,No,10.0,7.0,19,0
NET11101,15,Basic,5,249,12.0,8,0,3,54,3,Net Banking,0,0,0,No,6.5,8.3,8,0
NET11102,49,Standard,7,419,17.2,13,2,3,43,4,Credit Card,0,0,0,No,10.0,7.8,9,0
NET11103,29,Premium,15,649,24.3,16,12,3,42,5,Credit Card,0,1,1,No,7.9,4.5,16,0
NET11104,40,Premium,31,629,55.6,29,2,5,44,1,Credit Card,0,0,0,Yes,6.9,5.4,35,0
NET11105,21,Premium,2,669,23.0,14,0,2,39,3,UPI,1,1,1,Yes,9.5,4.8,6,0
NET11106,36,Premium,10,649,25.2,17,15,3,23,5,Credit Card,0,0,0,Yes,9.1,8.4,14,0
NET11107,21,Premium+,1,879,3.7,2,3,1,70,6,UPI,0,0,0,Yes,4.2,6.6,1,0
NET11108,25,Standard,4,449,12.6,6,0,5,34,4,Net Banking,0,0,0,Yes,5.8,7.9,6,0
NET11109,48,Standard,16,399,8.9,4,2,4,28,8,Credit Card,0,0,1,Yes,8.6,4.1,20,0
NET11110,29,Premium,1,669,20.5,11,11,5,31,5,UPI,0,0,0,Yes,4.9,8.5,4,0
NET11111,32,Premium,15,629,27.8,20,9,1,31,4,UPI,0,2,2,Yes,5.6,7.1,19,0
NET11112,38,Premium+,32,899,28.0,15,35,4,48,2,UPI,0,1,1,No,4.4,7.7,32,0
NET11113,35,Basic,48,179,22.7,13,3,1,22,5,Debit Card,0,2,2,No,7.5,9.5,50,0
NET11114,32,Standard,3,419,47.2,27,2,4,44,7,UPI,0,0,0,No,9.2,9.1,4,0
NET11115,34,Standard,19,419,19.3,11,0,1,77,4,UPI,0,0,0,Yes,7.5,7.0,21,0
NET11116,52,Standard,36,399,9.6,7,2,2,13,5,Debit Card,0,0,0,No,3.9,8.3,37,0
NET11117,30,Basic,1,219,18.0,8,1,3,59,3,UPI,0,1,2,No,6.9,6.7,2,0
NET11118,32,Premium,7,629,14.2,9,6,2,59,4,Wallet,1,1,2,Yes,7.4,7.4,11,0
NET11119,40,Basic,35,199,8.5,4,8,4,37,4,Wallet,0,0,0,No,5.9,7.0,40,0
NET11120,40,Premium,3,629,55.1,33,9,6,8,4,UPI,0,0,1,No,7.1,9.8,6,0
NET11121,41,Premium,38,669,1.4,0,8,2,51,4,UPI,0,0,0,No,3.2,6.0,41,0
NET11122,36,Standard,10,399,25.2,12,4,2,45,6,Debit Card,0,0,0,No,9.7,8.4,15,0
NET11123,20,Standard,1,399,27.6,16,2,2,73,2,UPI,2,0,0,Yes,9.8,5.2,5,0
NET11124,45,Premium,8,699,14.4,7,0,2,42,7,Wallet,0,2,2,No,4.7,7.2,8,0
NET11125,20,Premium,5,649,25.2,16,5,3,38,5,Wallet,0,0,0,No,6.9,7.2,6,0
NET11126,33,Premium,4,649,8.2,5,3,1,45,6,Credit Card,0,0,0,No,9.8,5.4,9,1
NET11127,24,Premium,10,669,16.2,10,1,4,55,5,Credit Card,0,1,1,No,6.4,5.8,13,1
NET11128,30,Premium+,9,899,10.1,6,9,3,35,4,UPI,0,1,1,No,7.8,5.0,11,0
NET11129,33,Standard,9,399,52.4,38,7,3,55,7,Wallet,0,0,0,Yes,6.7,7.2,9,0
NET11130,33,Premium+,1,919,95.3,69,1,3,54,4,UPI,0,0,0,Yes,10.0,6.1,5,1
NET11131,34,Premium,22,649,38.0,18,1,4,54,3,Net Banking,0,0,0,No,6.5,5.2,22,0
NET11132,45,Premium,9,629,89.2,57,1,6,59,4,UPI,0,2,3,No,5.2,9.4,12,0
NET11133,35,Basic,24,199,38.1,21,1,4,20,3,UPI,0,0,0,No,9.1,8.3,29,0
NET11134,28,Premium+,24,919,41.9,23,7,6,24,2,UPI,0,0,0,Yes,8.1,10.0,28,1
NET11135,39,Standard,5,379,7.4,3,1,2,15,6,Wallet,1,0,0,No,7.1,8.1,8,0
NET11136,41,Premium,1,649,36.7,19,8,4,54,6,Credit Card,0,0,0,No,6.0,7.6,2,0
NET11137,19,Basic,33,219,8.8,5,4,4,69,6,UPI,1,0,0,Yes,3.7,5.5,33,1
NET11138,36,Standard,20,399,34.1,24,22,2,53,2,Credit Card,0,0,0,No,8.1,8.4,25,1
NET11139,37,Standard,1,379,40.3,27,3,5,33,7,Wallet,1,0,0,No,7.7,7.6,2,0
NET11140,28,Standard,16,379,23.4,14,1,3,55,4,UPI,0,0,0,No,9.3,8.4,18,0
NET11141,43,Basic,1,199,16.3,9,10,3,40,3,UPI,0,1,1,Yes,9.1,8.0,2,0
NET11142,29,Premium,1,629,54.7,29,5,1,51,4,Debit Card,1,0,2,Yes,5.3,8.6,1,0
NET11143,32,Basic,10,199,16.6,7,4,3,41,5,UPI,1,1,1,Yes,1.8,4.6,12,1
NET11144,29,Standard,1,419,31.3,19,0,4,60,6,Credit Card,0,2,2,No,6.4,6.0,4,0
NET11145,31,Basic,46,249,31.9,22,2,2,33,5,Net Banking,1,0,0,No,8.3,6.0,51,0
NET11146,21,Standard,31,399,47.0,26,0,1,18,6,Wallet,0,0,1,Yes,6.4,6.7,33,0
NET11147,18,Standard,14,419,17.6,12,1,1,55,2,UPI,0,2,2,No,4.1,5.7,14,0
NET11148,45,Standard,1,399,14.9,10,4,4,61,3,Wallet,0,0,0,Yes,8.0,7.6,5,0
NET11149,23,Standard,5,399,23.5,13,3,2,31,5,UPI,1,0,0,Yes,6.7,8.0,7,0
NET11150,22,Premium,6,649,11.2,5,5,3,48,0,UPI,0,1,1,No,5.2,7.5,9,0
NET11151,15,Basic,9,249,16.0,10,12,4,34,3,UPI,0,0,0,No,8.4,6.1,11,0
NET11152,25,Basic,2,199,20.5,12,1,4,69,3,Net Banking,0,0,1,No,8.3,9.9,7,0
NET11153,19,Basic,12,199,41.3,24,6,1,47,5,UPI,0,1,2,No,6.2,5.0,13,0
NET11154,45,Premium+,8,919,26.0,12,4,6,41,9,Net Banking,0,1,1,No,7.1,8.2,12,0
NET11155,40,Standard,41,449,17.4,8,10,1,36,5,Credit Card,0,1,1,No,10.0,8.9,41,1
NET11156,24,Standard,38,449,30.2,18,1,5,53,3,UPI,1,0,0,Yes,4.4,9.6,42,0
NET11157,51,Basic,11,199,8.7,5,27,4,23,3,UPI,2,1,2,No,5.9,8.0,12,1
NET11158,39,Standard,14,449,49.1,27,6,2,13,5,Credit Card,1,1,2,No,4.0,5.5,18,0
NET11159,28,Basic,2,219,10.2,6,0,5,69,5,Debit Card,0,0,0,No,5.7,5.1,3,0
NET11160,15,Basic,3,199,67.0,36,0,1,53,4,Credit Card,0,0,1,Yes,2.2,7.9,8,1
NET11161,51,Standard,32,399,21.5,12,12,5,69,4,UPI,0,0,0,Yes,6.1,5.8,34,0
NET11162,18,Standard,16,379,17.4,13,1,5,75,8,Debit Card,1,0,0,No,4.1,9.0,16,1
NET11163,16,Basic,2,199,25.2,18,1,2,51,5,UPI,0,1,1,No,5.9,7.1,3,0
NET11164,40,Premium,11,649,38.6,27,4,1,56,9,Credit Card,1,0,0,No,9.3,6.7,12,0
NET11165,52,Premium+,38,899,43.9,23,1,4,79,7,Wallet,0,0,0,No,8.1,6.4,40,0
NET11166,43,Standard,5,379,19.7,9,2,2,76,4,UPI,0,0,1,Yes,4.2,7.5,6,0
NET11167,36,Premium,2,629,11.0,6,4,6,37,8,UPI,0,0,0,Yes,8.3,9.0,2,0
NET11168,36,Premium+,39,879,56.3,39,24,2,37,6,Net Banking,0,1,2,Yes,10.0,7.9,42,0
NET11169,38,Premium,8,649,1.2,0,0,1,61,6,UPI,0,0,1,No,3.0,7.1,12,1
NET11170,37,Standard,7,449,6.9,3,0,3,37,2,UPI,0,1,1,Yes,3.8,7.0,12,1
NET11171,33,Premium,4,629,47.3,23,7,3,44,6,Debit Card,0,2,2,No,4.7,4.4,9,0
NET11172,31,Basic,31,249,5.8,2,5,5,43,4,UPI,0,0,1,Yes,3.9,6.3,32,1
NET11173,30,Standard,26,419,17.8,9,2,4,57,1,Credit Card,0,0,0,Yes,5.7,6.4,30,0
NET11174,24,Standard,7,399,45.3,23,1,1,70,2,Debit Card,0,3,3,No,6.6,7.2,12,0
NET11175,28,Basic,1,249,5.5,2,12,2,47,7,Debit Card,0,1,1,No,3.6,7.3,5,1
NET11176,15,Standard,8,379,29.2,13,2,4,33,2,UPI,0,0,0,Yes,5.1,6.6,13,0
NET11177,30,Basic,2,179,12.8,9,5,2,34,3,Net Banking,1,0,0,No,8.1,6.8,5,0
NET11178,22,Premium,2,699,51.2,26,3,3,30,3,UPI,0,0,2,No,5.0,6.6,3,0
NET11179,21,Standard,6,449,11.5,5,4,1,65,2,UPI,2,0,0,Yes,8.4,6.5,6,0
NET11180,32,Standard,1,419,12.9,6,13,4,37,3,UPI,1,0,0,No,7.1,8.2,2,0
NET11181,43,Basic,44,199,13.2,9,3,3,86,6,UPI,0,1,1,No,8.1,6.3,48,0
NET11182,39,Basic,1,199,5.8,2,10,3,18,2,UPI,0,0,0,No,8.8,5.8,3,0
NET11183,16,Standard,7,419,18.6,12,5,4,25,8,Debit Card,0,0,0,No,6.6,7.2,10,0
NET11184,22,Premium+,2,919,29.8,20,2,2,36,3,UPI,0,1,1,No,4.9,7.6,2,1
NET11185,39,Basic,16,219,22.2,14,0,2,55,6,UPI,2,2,3,No,4.0,9.5,16,0
NET11186,22,Standard,1,379,17.9,8,6,6,38,9,Debit Card,0,0,0,No,4.9,6.0,5,0
NET11187,28,Premium,11,699,4.5,2,7,2,77,4,Debit Card,0,0,0,No,6.4,10.0,11,0
NET11188,35,Basic,20,199,16.5,7,29,2,42,3,Credit Card,1,1,1,No,9.2,6.6,24,0
NET11189,22,Premium,41,629,11.2,5,7,2,27,6,Net Banking,1,1,1,No,8.1,8.2,41,0
NET11190,31,Standard,16,419,46.0,21,10,2,30,2,UPI,0,0,1,No,10.0,3.9,16,0
NET11191,18,Standard,1,399,12.6,7,1,5,27,4,Credit Card,0,0,0,Yes,6.3,8.8,6,0
NET11192,25,Standard,1,379,20.8,12,8,3,52,3,UPI,0,0,0,No,7.0,8.3,6,0
NET11193,33,Standard,18,399,6.7,3,2,2,51,2,UPI,1,0,0,No,5.9,9.8,22,1
NET11194,16,Standard,3,419,25.2,19,23,2,63,1,Debit Card,0,0,0,Yes,6.9,8.1,6,1
NET11195,34,Premium,8,629,10.2,5,3,6,48,1,Credit Card,0,1,2,No,7.1,7.6,8,0
NET11196,30,Premium,52,629,40.8,18,3,3,24,4,Credit Card,0,0,1,No,10.0,7.7,53,0
NET11197,35,Premium,23,669,30.2,14,4,2,61,1,Debit Card,0,1,1,Yes,8.0,6.1,25,0
NET11198,33,Premium,26,649,17.3,11,2,5,8,5,Credit Card,0,0,0,Yes,4.7,7.0,31,0
NET11199,43,Standard,27,449,8.1,5,2,4,18,6,Debit Card,0,0,0,No,9.2,9.2,31,0
NET11200,32,Premium,13,649,35.7,17,2,2,74,3,Credit Card,1,0,1,Yes,4.5,9.2,13,1
NET11201,27,Standard,19,419,10.5,7,4,3,48,6,UPI,0,0,0,No,7.4,7.0,24,0
NET11202,32,Premium,6,699,41.9,19,0,4,51,1,UPI,0,0,0,Yes,7.5,8.3,9,0
NET11203,35,Standard,90,379,78.8,45,1,2,33,3,Net Banking,0,0,1,Yes,9.0,8.2,95,0
NET11204,31,Premium,4,649,12.1,5,4,2,14,4,Credit Card,0,3,4,Yes,7.4,6.2,5,0
NET11205,31,Premium,12,649,33.9,16,24,1,39,2,Net Banking,0,0,1,Yes,4.7,8.0,16,1
NET11206,24,Standard,4,449,52.3,27,12,4,44,4,Credit Card,0,0,0,Yes,3.9,7.4,5,0
NET11207,25,Basic,1,179,32.2,21,3,2,69,6,Credit Card,0,0,0,No,6.5,5.7,6,0
NET11208,18,Standard,11,399,2.1,1,7,3,33,5,Credit Card,0,0,2,Yes,8.3,8.5,13,1
NET11209,46,Standard,6,449,13.4,7,6,2,59,2,Credit Card,0,0,0,No,7.3,7.0,9,0
NET11210,19,Premium,12,649,30.3,20,1,4,22,5,Credit Card,0,0,0,Yes,7.1,8.8,16,0
NET11211,24,Premium+,11,879,21.0,10,2,5,67,5,UPI,0,1,2,No,8.1,6.0,15,0
NET11212,24,Standard,10,379,25.8,18,0,4,58,6,Debit Card,0,0,0,No,7.5,6.0,10,0
NET11213,39,Standard,1,399,20.1,11,0,3,49,1,Credit Card,0,0,0,No,9.7,7.8,2,0
NET11214,28,Premium,8,699,39.6,23,2,3,34,5,UPI,0,0,0,No,7.2,7.8,12,0
NET11215,42,Basic,23,219,13.5,6,9,4,21,4,Credit Card,0,0,0,No,7.0,6.5,24,0
NET11216,24,Standard,5,399,30.7,14,7,4,50,6,Debit Card,0,0,1,No,7.7,5.8,7,0
NET11217,33,Premium+,8,879,48.6,24,19,3,29,2,Credit Card,0,0,2,No,3.2,5.7,8,0
NET11218,23,Premium,9,649,21.2,10,2,2,66,4,Credit Card,1,0,0,No,6.8,8.4,11,0
NET11219,50,Basic,27,199,9.1,4,2,2,38,1,Wallet,0,2,2,No,8.1,4.7,27,0
NET11220,20,Basic,14,219,11.9,6,0,3,23,2,UPI,0,1,4,No,3.6,8.4,14,1
NET11221,33,Premium,1,629,24.8,11,9,5,24,7,UPI,0,0,0,No,7.8,7.3,2,0
NET11222,36,Premium,28,649,38.1,19,1,4,29,3,Credit Card,0,1,2,No,7.4,6.9,33,0
NET11223,34,Premium,24,699,21.3,9,18,2,72,1,Credit Card,0,0,0,No,8.4,6.2,24,0
NET11224,29,Standard,19,399,6.6,3,2,1,80,4,Credit Card,0,0,2,Yes,2.2,5.4,21,1
NET11225,29,Premium+,8,919,50.8,23,6,5,79,5,UPI,1,0,0,Yes,6.0,9.5,13,0
NET11226,31,Standard,19,419,16.6,8,3,2,56,3,Credit Card,0,0,0,Yes,6.4,9.4,21,0
NET11227,29,Premium,9,699,46.3,21,1,3,26,5,UPI,0,0,0,No,7.6,7.9,14,0
NET11228,39,Standard,18,449,18.3,13,3,3,86,2,Net Banking,0,0,0,Yes,9.3,5.2,20,0
NET11229,50,Basic,29,179,15.8,8,2,3,13,3,UPI,1,0,1,No,6.3,10.0,30,0
NET11230,25,Premium+,30,899,34.1,15,5,2,46,1,UPI,1,0,0,No,6.5,9.0,31,0
NET11231,18,Basic,8,199,34.0,25,4,5,45,4,Net Banking,0,1,1,Yes,8.5,10.0,11,0
NET11232,30,Standard,27,449,15.5,7,0,4,53,3,Credit Card,0,0,0,No,6.5,9.5,31,0
NET11233,54,Premium,1,649,8.0,5,0,2,34,2,Credit Card,0,0,1,No,2.1,7.2,4,0
NET11234,23,Premium,1,649,41.8,19,20,3,46,4,UPI,0,0,1,Yes,9.3,7.3,4,1
NET11235,45,Premium,11,669,23.3,14,2,4,62,6,Wallet,1,0,1,No,7.2,2.9,11,0
NET11236,46,Standard,14,449,30.7,15,0,3,33,4,Credit Card,0,0,1,No,6.9,9.2,14,0
NET11237,26,Standard,2,399,8.3,6,1,2,44,9,Wallet,0,1,2,No,8.1,6.1,5,1
NET11238,36,Premium+,8,879,126.5,81,0,2,27,8,UPI,0,1,1,No,6.6,6.3,12,0
NET11239,45,Basic,1,249,16.7,9,1,2,59,3,UPI,0,0,0,Yes,7.5,8.7,4,0
NET11240,27,Premium,12,669,44.1,29,0,3,52,5,UPI,0,0,1,No,3.8,8.8,13,0
NET11241,29,Basic,27,179,7.2,3,1,2,40,3,Wallet,0,0,1,Yes,6.4,10.0,29,0
NET11242,25,Premium,18,699,34.4,18,17,3,46,4,UPI,2,0,0,No,7.9,6.4,21,0
NET11243,21,Basic,6,249,30.3,13,5,4,88,2,UPI,1,0,0,No,10.0,7.2,6,0
NET11244,25,Standard,71,399,11.2,6,2,4,24,4,UPI,1,1,1,Yes,6.5,7.9,75,0
NET11245,19,Premium,15,629,66.7,33,2,1,28,4,Credit Card,1,0,0,No,7.5,10.0,15,0
NET11246,31,Standard,23,449,11.4,8,13,3,50,1,Credit Card,0,0,0,Yes,9.5,6.0,24,0
NET11247,24,Premium,15,669,12.1,9,0,2,60,2,Debit Card,0,1,1,No,6.4,5.3,20,0
NET11248,33,Premium,63,629,6.6,3,2,2,18,7,Credit Card,0,1,1,No,5.6,7.7,63,0
NET11249,16,Premium,24,649,112.3,51,3,3,12,4,Credit Card,0,1,1,No,7.3,7.0,29,0
NET11250,33,Premium+,10,899,23.0,14,5,5,5,3,UPI,0,0,0,No,8.2,9.4,10,0
NET11251,38,Standard,6,449,49.5,38,6,1,45,4,UPI,2,1,2,Yes,7.1,7.8,10,1
NET11252,15,Basic,16,199,18.1,11,4,2,48,6,Credit Card,0,1,1,Yes,5.9,7.1,21,0
NET11253,34,Basic,12,249,8.5,4,0,4,32,3,UPI,0,1,1,No,5.7,6.6,16,0
NET11254,42,Basic,13,199,24.9,12,11,4,51,4,UPI,0,0,0,No,6.8,7.9,13,0
NET11255,20,Basic,5,199,26.9,13,1,1,58,4,UPI,0,0,0,Yes,7.6,6.9,5,0
NET11256,46,Standard,7,399,11.1,8,0,5,53,8,Wallet,0,0,0,No,8.8,7.0,10,0
NET11257,34,Basic,11,199,9.9,4,2,2,6,5,Credit Card,0,0,0,No,5.6,5.3,12,0
NET11258,24,Basic,25,179,6.7,4,8,4,35,3,UPI,0,1,1,Yes,7.8,7.1,30,0
NET11259,30,Basic,20,179,71.1,32,3,2,39,3,Net Banking,1,0,0,Yes,6.5,8.1,23,0
NET11260,36,Premium,1,699,56.1,34,6,1,49,5,UPI,0,0,0,No,8.9,5.1,5,1
NET11261,31,Standard,3,379,13.3,6,2,3,34,3,UPI,0,0,0,Yes,5.7,7.8,6,0
NET11262,35,Standard,1,449,13.1,7,7,4,78,3,UPI,0,0,0,No,4.9,7.3,4,0
NET11263,22,Premium,1,629,21.7,14,8,4,24,7,Credit Card,0,0,0,No,5.8,5.2,6,0
NET11264,32,Basic,3,179,13.7,7,15,2,49,4,Debit Card,0,0,0,Yes,10.0,8.9,3,0
NET11265,18,Premium+,22,879,69.2,52,0,2,46,3,Debit Card,0,0,0,No,6.3,3.1,22,0
NET11266,29,Premium,32,669,14.0,7,0,5,24,6,UPI,0,0,0,No,9.1,6.3,37,0
NET11267,22,Basic,6,199,7.8,5,3,2,35,3,Debit Card,0,1,1,No,6.2,6.2,7,0
NET11268,24,Premium,11,669,56.6,31,2,2,53,4,Credit Card,0,0,0,No,6.4,7.3,13,1
NET11269,42,Premium,17,629,40.4,23,8,4,29,2,Credit Card,1,1,2,No,6.9,6.2,19,0
NET11270,40,Standard,42,379,27.1,12,5,1,63,4,UPI,0,0,1,No,7.6,7.9,47,0
NET11271,36,Premium,34,669,22.1,10,0,3,41,6,UPI,1,0,0,No,8.8,8.0,39,0
NET11272,21,Basic,1,249,18.6,9,4,2,42,3,Net Banking,0,0,0,No,6.6,10.0,4,0
NET11273,28,Standard,3,399,14.2,9,2,2,41,7,Credit Card,0,2,2,Yes,10.0,6.1,4,0
NET11274,41,Basic,1,249,13.9,7,3,2,31,5,Debit Card,0,0,1,No,8.4,6.8,2,0
NET11275,32,Basic,13,199,11.4,8,0,3,71,1,Credit Card,0,0,2,No,7.4,6.3,17,0
NET11276,51,Basic,17,199,5.3,2,0,1,50,5,Net Banking,0,0,1,No,8.2,6.7,17,0
NET11277,34,Premium+,5,899,21.3,15,20,4,75,3,UPI,1,0,2,Yes,8.4,7.2,10,0
NET11278,32,Basic,26,249,28.3,13,8,3,40,5,Debit Card,1,0,1,No,6.0,7.0,31,0
NET11279,28,Standard,8,399,25.3,16,6,3,31,1,UPI,0,1,1,No,6.5,5.1,13,0
NET11280,32,Standard,89,399,4.6,3,6,2,38,2,Credit Card,0,0,0,No,7.5,6.5,94,1
NET11281,29,Premium,1,649,28.1,20,6,5,61,4,Debit Card,0,0,0,No,8.0,3.6,5,0
NET11282,37,Premium+,1,879,42.8,22,2,2,32,2,Debit Card,1,1,1,No,7.1,7.6,3,0
NET11283,39,Premium,5,649,54.2,33,4,6,34,1,Net Banking,0,0,0,No,7.2,8.6,6,0
NET11284,23,Premium+,1,919,18.5,13,15,3,25,3,UPI,0,3,3,No,5.4,7.8,3,0
NET11285,19,Premium,21,699,17.7,11,2,5,52,6,UPI,0,1,1,No,7.3,8.4,21,0
NET11286,15,Premium+,1,919,36.5,17,1,2,43,3,Debit Card,0,0,0,Yes,6.0,7.1,1,0
NET11287,35,Premium,19,669,48.3,36,0,4,43,0,UPI,0,2,2,Yes,9.2,7.9,24,0
NET11288,21,Basic,1,249,4.5,2,1,4,62,3,Debit Card,0,0,0,No,4.1,8.0,1,1
NET11289,15,Standard,4,419,19.4,11,0,1,54,0,Net Banking,0,0,0,No,8.8,8.6,6,0
NET11290,34,Premium,25,669,15.7,8,6,2,52,2,Debit Card,0,0,0,Yes,9.1,4.3,26,1
NET11291,53,Standard,42,419,36.9,22,1,4,55,0,UPI,0,0,0,No,6.9,7.6,46,0
NET11292,30,Standard,7,399,8.8,5,2,2,36,4,Net Banking,0,0,0,Yes,4.8,8.4,8,1
NET11293,38,Standard,49,449,6.2,3,0,5,41,2,Net Banking,0,0,0,No,4.2,7.6,50,0
NET11294,31,Premium+,13,949,11.2,6,3,2,62,3,Wallet,0,0,0,No,5.8,5.1,16,0
NET11295,30,Basic,7,249,29.0,17,18,2,54,3,UPI,2,0,0,No,8.9,7.7,8,0
NET11296,39,Premium,22,669,22.9,14,3,3,56,4,Debit Card,1,0,0,No,3.4,6.9,26,1
NET11297,28,Premium,4,649,14.8,8,8,4,52,3,UPI,0,0,0,Yes,9.8,4.4,7,0
NET11298,33,Premium+,4,949,25.1,13,5,2,65,4,UPI,0,1,1,No,8.5,7.1,5,0
NET11299,33,Premium+,14,899,34.7,21,2,4,51,5,Wallet,0,1,2,Yes,7.6,4.1,17,0
NET11300,24,Premium,6,699,11.6,5,17,3,39,7,UPI,0,0,0,No,5.4,8.4,7,0
NET11301,39,Standard,2,379,49.8,22,4,1,45,2,Credit Card,2,0,0,Yes,8.3,7.6,2,0
NET11302,29,Basic,1,199,22.2,14,8,2,46,4,UPI,0,0,1,No,6.7,4.9,1,0
NET11303,24,Standard,21,449,10.6,5,0,2,16,4,UPI,0,0,0,No,6.0,7.6,22,0
NET11304,35,Premium,15,669,10.3,6,1,2,50,3,Debit Card,0,1,1,No,6.2,9.0,18,0
NET11305,22,Premium,7,699,32.5,18,3,6,28,2,Credit Card,0,0,0,No,7.6,4.6,11,0
NET11306,31,Premium,31,649,34.6,20,8,2,43,0,UPI,1,0,0,No,8.0,6.4,31,0
NET11307,30,Basic,7,199,13.0,8,10,6,36,1,UPI,1,1,1,Yes,8.9,5.7,10,0
NET11308,40,Standard,17,449,24.2,15,22,3,30,1,Net Banking,0,0,0,Yes,9.0,9.8,21,1
NET11309,35,Standard,33,419,18.4,13,18,4,54,4,Debit Card,0,0,1,No,6.1,3.7,36,0
NET11310,30,Basic,25,219,5.5,4,3,2,47,3,Credit Card,0,1,1,Yes,2.8,5.4,26,0
NET11311,38,Basic,10,219,13.4,7,4,3,93,3,Credit Card,0,1,1,No,6.3,7.6,10,0
NET11312,43,Basic,15,249,5.1,2,0,6,57,6,UPI,0,0,0,No,7.6,6.9,15,0
NET11313,36,Premium,7,699,23.2,12,4,3,54,1,Wallet,1,0,0,No,7.8,7.6,7,0
NET11314,31,Standard,14,379,36.8,20,0,1,48,8,UPI,0,0,0,No,4.3,5.7,15,0
NET11315,19,Standard,4,399,24.9,14,0,3,44,8,UPI,0,1,3,Yes,8.5,10.0,8,0
NET11316,21,Premium+,7,899,17.7,10,4,3,64,4,Net Banking,0,1,1,No,8.4,8.5,11,0
NET11317,28,Standard,3,399,26.1,19,13,3,43,3,Credit Card,0,1,1,Yes,3.6,10.0,8,0
NET11318,25,Basic,1,199,9.5,4,20,5,45,5,UPI,0,0,0,No,6.5,7.4,6,0
NET11319,29,Standard,12,379,17.2,10,7,1,72,1,Net Banking,0,0,0,No,7.5,9.7,12,0
NET11320,31,Basic,27,199,37.0,17,8,4,16,2,UPI,1,1,2,No,7.5,6.7,32,0
NET11321,35,Basic,1,179,13.1,6,3,4,57,2,Credit Card,0,1,3,No,6.6,9.3,5,0
NET11322,30,Basic,3,179,19.3,10,5,3,34,3,Credit Card,1,0,0,Yes,8.0,9.5,8,0
NET11323,35,Standard,8,419,26.9,15,5,4,92,3,UPI,0,0,1,No,6.7,8.7,13,0
NET11324,31,Basic,15,199,6.9,4,0,3,29,5,UPI,0,0,0,No,6.9,9.8,15,0
NET11325,15,Standard,2,399,15.8,8,0,2,29,7,UPI,0,0,1,No,7.7,5.4,6,0
NET11326,22,Premium,1,699,38.1,17,0,3,58,3,Debit Card,1,0,1,No,2.5,3.4,1,1
NET11327,29,Standard,10,449,17.1,8,9,1,24,4,Wallet,1,0,0,No,7.3,4.6,14,0
NET11328,20,Premium+,23,899,8.1,4,4,4,68,2,UPI,2,0,1,No,7.6,3.6,26,0
NET11329,36,Standard,1,449,29.3,16,5,5,39,5,UPI,1,1,2,Yes,6.2,5.7,1,0
NET11330,44,Standard,6,379,32.1,18,2,1,32,3,UPI,0,1,2,No,9.8,6.9,11,1
NET11331,41,Premium,15,699,32.7,21,12,6,81,4,Credit Card,0,0,0,No,8.6,5.4,20,0
NET11332,29,Basic,1,179,9.3,4,19,2,63,7,UPI,1,0,0,No,8.2,4.8,1,1
NET11333,44,Basic,3,179,12.6,6,1,3,53,2,Credit Card,0,1,1,No,3.8,10.0,8,1
NET11334,32,Premium,10,649,26.5,14,2,1,40,3,Credit Card,0,0,1,No,7.6,7.0,12,0
NET11335,27,Standard,42,449,14.5,8,2,2,60,5,UPI,0,0,1,No,10.0,10.0,42,0
NET11336,25,Premium,4,649,20.6,13,19,3,19,4,UPI,0,0,0,No,7.1,8.4,8,0
NET11337,28,Premium+,9,949,31.9,17,4,1,76,1,Debit Card,0,1,1,No,6.4,3.8,12,0
NET11338,27,Standard,7,379,19.9,13,5,2,62,4,UPI,0,0,0,Yes,6.1,8.6,10,0
NET11339,32,Standard,31,449,34.1,26,2,4,35,4,UPI,0,1,1,No,6.2,8.9,35,0
NET11340,32,Standard,1,399,13.9,10,13,4,64,5,UPI,0,0,1,Yes,8.1,6.4,2,0
NET11341,31,Premium+,11,919,33.9,17,1,1,44,4,Credit Card,0,0,0,No,8.5,8.7,16,0
NET11342,34,Premium,26,649,21.8,13,3,4,58,3,Credit Card,0,0,0,No,4.6,8.3,26,0
NET11343,41,Premium+,62,919,33.4,22,1,3,66,2,Credit Card,1,0,0,No,6.2,6.0,65,0
NET11344,39,Standard,16,399,17.5,11,5,3,29,4,Credit Card,0,0,0,Yes,8.2,7.6,20,0
NET11345,17,Premium,6,649,22.8,13,4,6,43,5,Credit Card,1,0,0,No,4.6,5.2,9,0
NET11346,15,Standard,7,449,29.6,13,0,3,66,7,UPI,1,0,0,No,7.3,7.9,10,0
NET11347,39,Basic,6,219,22.2,14,10,2,64,4,Debit Card,2,1,3,Yes,7.2,9.4,10,0
NET11348,18,Premium+,12,949,32.8,17,0,1,40,3,UPI,0,0,0,Yes,8.0,5.2,14,0
NET11349,28,Basic,18,219,8.7,4,1,6,48,3,UPI,0,0,0,No,4.1,6.8,21,1
NET11350,20,Premium+,23,899,23.4,13,1,1,32,6,UPI,0,1,1,No,7.0,8.7,26,0
NET11351,15,Basic,7,199,14.7,11,10,4,42,3,Debit Card,2,0,1,No,3.6,6.6,8,1
NET11352,35,Premium,17,699,44.8,22,1,2,42,6,UPI,1,0,0,No,9.3,9.7,19,1
NET11353,37,Standard,34,399,8.3,3,1,6,5,1,Credit Card,1,0,0,No,5.2,8.5,35,0
NET11354,25,Standard,35,449,32.8,24,6,2,46,4,Credit Card,1,0,0,Yes,8.5,4.1,39,1
NET11355,15,Basic,17,179,5.8,4,10,3,53,2,UPI,0,0,0,No,6.3,7.2,22,0
NET11356,26,Standard,14,419,43.4,31,7,3,50,3,UPI,0,0,1,No,9.0,6.3,14,0
NET11357,34,Standard,10,449,9.9,6,4,2,37,2,Wallet,0,0,0,No,5.8,6.2,14,0
NET11358,17,Premium,2,669,59.1,33,6,5,55,1,UPI,2,1,1,No,5.8,5.7,4,0
NET11359,32,Basic,1,179,3.8,2,4,3,42,7,UPI,0,0,0,Yes,6.8,5.5,6,0
NET11360,30,Basic,9,219,25.6,17,2,4,53,3,Debit Card,0,0,0,No,8.6,9.1,13,0
NET11361,36,Basic,2,249,2.5,1,7,1,18,3,Debit Card,1,0,0,No,9.1,7.6,4,0
NET11362,32,Standard,12,399,15.7,8,6,1,53,5,UPI,1,0,0,Yes,6.0,4.4,17,0
NET11363,22,Premium,14,669,43.8,20,6,3,40,4,Debit Card,2,1,1,Yes,5.2,5.9,15,0
NET11364,41,Premium,10,669,35.1,17,6,4,26,4,Net Banking,0,0,0,No,6.3,5.1,13,0
NET11365,29,Basic,1,179,10.7,7,1,4,68,2,Credit Card,1,0,0,No,5.8,5.5,5,0
NET11366,30,Standard,1,399,14.9,6,15,1,49,4,Net Banking,0,0,1,Yes,8.0,8.1,5,0
NET11367,22,Premium,1,649,35.5,23,29,5,44,4,UPI,0,0,0,No,8.5,6.5,6,1
NET11368,27,Standard,2,449,19.6,12,4,2,36,2,Debit Card,1,0,0,No,6.9,9.7,5,0
NET11369,23,Standard,64,379,46.7,34,1,2,43,2,Credit Card,1,0,0,Yes,4.8,9.3,68,0
NET11370,29,Standard,5,449,33.0,15,2,4,49,2,Debit Card,0,0,2,No,9.1,9.0,9,0
NET11371,46,Basic,4,249,17.4,9,8,2,85,3,UPI,0,0,0,No,8.1,9.5,9,0
NET11372,18,Basic,1,219,9.2,5,1,2,56,4,Net Banking,0,0,0,Yes,8.0,8.6,1,1
NET11373,16,Basic,14,179,43.0,32,5,3,19,5,UPI,0,1,1,No,6.8,7.6,19,0
NET11374,44,Premium,14,629,33.2,25,0,2,47,0,UPI,1,1,2,No,9.3,6.8,19,0
NET11375,29,Basic,2,199,18.4,9,20,2,39,4,Net Banking,0,0,1,No,7.7,7.9,7,0
NET11376,24,Basic,35,199,23.4,13,11,3,38,3,Debit Card,0,2,2,No,7.1,7.4,35,0
NET11377,40,Standard,22,449,29.7,16,10,1,29,6,Net Banking,1,0,0,Yes,8.4,5.1,25,0
NET11378,25,Basic,3,199,31.8,16,8,5,48,4,Credit Card,0,0,0,No,7.9,6.4,4,0
NET11379,47,Basic,9,199,18.8,13,0,2,58,1,Credit Card,0,2,2,No,9.2,8.8,13,0
NET11380,37,Premium+,8,949,39.5,17,0,3,27,4,Credit Card,0,0,0,No,7.8,10.0,13,0
NET11381,26,Basic,5,219,9.1,6,5,3,52,4,Credit Card,0,0,1,No,6.3,5.4,9,0
NET11382,50,Premium,23,669,15.1,9,8,1,59,0,Net Banking,0,1,1,No,6.8,10.0,24,0
NET11383,25,Standard,1,449,11.4,5,8,3,57,6,Net Banking,1,0,0,No,5.7,10.0,5,0
NET11384,37,Premium,7,629,10.5,5,4,2,47,10,UPI,0,3,4,Yes,7.0,5.7,8,0
NET11385,33,Standard,7,399,53.7,38,4,3,52,3,UPI,0,2,2,No,5.8,7.3,10,0
NET11386,42,Basic,8,219,25.8,12,0,3,49,4,Debit Card,0,2,2,No,5.9,9.3,11,0
NET11387,45,Premium,27,649,20.0,9,15,3,51,5,UPI,0,0,1,No,6.1,5.9,28,0
NET11388,31,Standard,3,399,12.7,7,2,2,24,3,Debit Card,0,0,0,No,2.9,6.2,4,1
NET11389,24,Premium,1,649,56.1,36,1,6,38,4,Debit Card,0,0,0,Yes,9.4,9.8,3,0
NET11390,35,Standard,13,449,35.6,25,5,1,14,4,Credit Card,1,0,0,No,4.9,6.9,13,0
NET11391,24,Premium+,2,949,65.2,43,0,4,55,5,Wallet,1,0,0,Yes,7.9,8.0,2,0
NET11392,49,Premium,1,699,13.3,8,19,4,52,6,UPI,1,0,0,No,5.2,3.9,6,0
NET11393,32,Premium+,7,919,74.2,50,0,3,59,6,UPI,0,0,0,Yes,7.0,5.7,11,0
NET11394,27,Standard,3,399,13.2,6,2,4,16,3,Net Banking,0,0,1,No,9.3,7.0,7,0
NET11395,32,Standard,6,399,10.7,8,0,2,5,8,Credit Card,1,1,2,Yes,6.5,7.0,7,0
NET11396,18,Premium,4,649,34.7,20,4,3,42,7,Debit Card,1,0,0,Yes,7.7,7.1,9,0
NET11397,22,Premium,1,669,60.4,36,0,3,54,2,UPI,0,0,0,No,6.8,7.0,2,0
NET11398,41,Premium+,11,899,57.7,27,2,6,19,1,Credit Card,0,0,0,No,4.2,7.8,11,0
NET11399,25,Standard,1,399,15.6,10,0,4,18,5,Credit Card,0,1,1,Yes,3.5,8.8,6,0
NET11400,21,Premium,47,699,19.8,10,2,3,47,3,Credit Card,1,1,1,No,5.7,9.6,52,0
NET11401,35,Basic,5,199,19.9,15,10,4,55,6,UPI,0,0,0,Yes,6.6,6.3,9,0
NET11402,41,Standard,16,399,23.0,10,9,3,46,6,UPI,0,0,0,Yes,5.3,10.0,16,0
NET11403,37,Basic,23,199,16.8,8,5,4,68,2,Debit Card,1,0,0,No,7.0,4.2,26,0
NET11404,39,Standard,4,379,51.8,25,8,2,25,2,UPI,0,0,0,Yes,9.4,5.4,4,0
NET11405,24,Premium+,19,899,52.1,28,5,3,63,2,Net Banking,2,2,2,No,7.1,9.3,19,0
NET11406,18,Basic,25,199,13.8,6,0,2,52,3,Credit Card,1,1,1,No,5.6,6.2,26,0
NET11407,44,Premium,3,649,39.0,28,15,2,44,8,Credit Card,1,1,1,Yes,7.8,5.9,7,0
NET11408,28,Standard,68,449,39.6,20,4,2,63,3,Debit Card,0,1,1,No,4.0,6.7,71,0
NET11409,28,Basic,1,249,4.6,3,8,1,39,5,UPI,0,0,0,No,5.4,6.7,1,1
NET11410,42,Standard,3,449,34.5,18,12,3,45,2,UPI,0,0,1,No,6.8,6.0,3,0
NET11411,36,Standard,21,399,33.0,15,12,2,22,2,Credit Card,0,0,0,No,5.2,6.7,22,0
NET11412,35,Basic,3,219,8.1,5,16,4,70,3,UPI,0,0,1,Yes,9.8,6.1,8,0
NET11413,50,Premium,16,649,44.6,29,6,5,32,2,UPI,0,0,0,No,7.6,6.0,18,0
NET11414,25,Premium+,27,899,20.3,13,6,2,61,6,Debit Card,1,0,0,No,8.8,9.0,31,0
NET11415,39,Basic,44,249,15.8,9,1,2,32,5,Credit Card,0,0,0,Yes,7.9,7.5,48,0
NET11416,31,Basic,9,199,35.5,20,2,2,37,6,Wallet,0,1,1,Yes,8.6,8.8,13,0
NET11417,33,Standard,49,399,31.2,21,5,1,42,4,Credit Card,0,0,0,Yes,6.3,5.0,49,0
NET11418,44,Premium,7,649,21.5,16,1,2,41,3,Net Banking,0,0,0,No,7.9,7.1,7,0
NET11419,35,Standard,3,449,25.3,15,2,2,54,4,Net Banking,0,0,0,No,8.7,8.3,3,0
NET11420,35,Basic,10,219,6.4,3,1,6,57,5,Net Banking,1,0,0,No,6.5,6.4,15,1
NET11421,40,Standard,14,379,19.6,11,8,4,42,3,UPI,0,0,0,Yes,9.0,9.4,16,0
NET11422,27,Premium+,8,899,55.7,29,5,3,81,2,Debit Card,0,0,0,No,8.2,8.9,8,0
NET11423,23,Standard,11,399,43.8,25,7,3,40,1,UPI,1,0,1,Yes,7.4,6.9,15,0
NET11424,21,Standard,7,399,33.2,23,3,4,65,3,UPI,0,0,0,No,5.2,5.0,12,0
NET11425,15,Premium+,10,919,14.6,6,7,5,45,5,Debit Card,0,0,0,No,3.5,10.0,14,0
NET11426,49,Premium,42,699,11.8,6,3,2,34,3,Credit Card,0,0,0,No,7.1,7.0,43,0
NET11427,21,Premium,9,629,31.0,20,4,5,37,7,Credit Card,1,0,0,No,9.7,9.0,11,0
NET11428,29,Standard,4,379,9.1,4,0,2,56,3,UPI,1,0,0,No,7.8,6.7,7,1
NET11429,28,Premium+,19,899,29.0,13,0,5,66,4,Debit Card,0,1,1,Yes,5.3,5.6,19,0
NET11430,33,Premium,5,649,47.5,32,8,3,73,1,UPI,0,0,0,No,5.6,7.3,8,0
NET11431,38,Premium,23,699,22.1,13,13,2,65,2,UPI,0,0,0,Yes,4.8,7.5,23,1
NET11432,38,Premium,1,699,8.5,6,2,3,35,7,UPI,0,0,0,No,8.8,8.0,3,0
NET11433,25,Premium,5,699,61.2,35,3,3,19,4,UPI,1,0,1,No,6.2,6.6,7,0
NET11434,29,Standard,1,399,12.7,6,1,2,55,3,Debit Card,0,0,1,Yes,6.3,6.5,5,0
NET11435,33,Standard,1,419,7.6,3,7,2,35,4,Credit Card,1,0,0,No,9.0,7.1,3,0
NET11436,28,Premium,15,649,37.1,20,5,4,51,1,UPI,0,1,1,No,5.0,10.0,20,0
NET11437,45,Standard,6,399,16.5,10,0,1,79,2,UPI,0,1,1,No,4.6,8.4,11,0
NET11438,35,Standard,28,379,24.5,13,1,4,24,1,UPI,1,1,1,No,6.8,6.3,31,0
NET11439,37,Basic,10,249,14.8,10,5,3,50,4,UPI,0,0,0,No,8.7,5.6,13,0
NET11440,36,Premium,4,649,21.0,10,1,2,24,7,Credit Card,0,0,0,No,6.3,7.0,6,0
NET11441,41,Basic,17,249,13.6,7,5,3,74,3,Credit Card,0,0,0,Yes,10.0,8.1,20,0
NET11442,32,Premium,13,669,20.8,9,7,4,36,6,UPI,1,0,0,No,6.4,8.4,18,0
NET11443,19,Premium,22,669,23.2,13,2,2,41,5,Wallet,0,0,0,Yes,7.0,8.2,22,0
NET11444,34,Basic,14,249,6.5,3,7,1,63,5,Credit Card,1,0,1,No,6.4,7.5,15,1
NET11445,25,Standard,2,449,14.0,8,6,4,79,3,UPI,0,2,2,No,4.5,6.6,7,1
NET11446,26,Standard,15,399,28.1,19,26,1,43,5,UPI,0,1,1,Yes,9.9,7.6,19,0
NET11447,36,Standard,6,399,18.0,9,5,3,71,6,Debit Card,0,0,0,No,5.4,7.9,7,0
NET11448,42,Standard,8,399,15.7,8,1,3,51,1,UPI,0,0,1,No,6.4,5.7,11,0
NET11449,31,Basic,35,179,26.9,13,1,3,47,5,Credit Card,0,0,1,Yes,5.3,5.9,39,0
NET11450,33,Premium+,6,879,15.8,7,6,4,31,2,Debit Card,0,1,1,No,4.9,9.2,7,1
NET11451,46,Basic,13,219,11.6,5,0,3,5,3,Credit Card,0,0,2,No,7.2,5.3,14,0
NET11452,33,Premium,6,669,17.7,8,1,3,102,5,UPI,0,1,1,No,6.2,8.8,9,0
NET11453,54,Standard,1,399,44.3,21,0,1,51,5,Wallet,0,0,2,Yes,5.9,7.2,5,0
NET11454,36,Premium,8,669,28.6,18,4,1,30,6,Credit Card,0,0,0,Yes,4.8,5.7,13,1
NET11455,15,Standard,12,379,22.6,13,9,5,31,3,UPI,0,0,0,No,6.6,7.0,17,0
NET11456,37,Premium,7,649,24.7,18,4,3,63,3,Credit Card,0,1,1,No,6.3,9.0,11,1
NET11457,34,Premium,6,629,30.1,15,2,3,39,1,Net Banking,0,0,0,No,6.9,8.6,7,0
NET11458,42,Premium,24,699,30.9,17,10,4,33,6,Wallet,0,0,1,No,3.9,7.2,28,0
NET11459,37,Basic,1,249,25.8,13,3,1,61,6,Net Banking,0,0,1,No,7.0,8.1,6,0
NET11460,29,Premium,4,649,19.1,9,7,1,42,2,Net Banking,0,0,0,No,4.6,7.1,8,0
NET11461,19,Standard,23,399,27.7,17,25,2,35,3,Credit Card,0,0,0,No,7.7,10.0,23,0
NET11462,29,Basic,35,219,10.4,6,10,2,41,5,UPI,2,0,0,Yes,7.2,3.6,38,0
NET11463,23,Standard,7,399,21.9,15,11,4,38,5,Debit Card,0,1,2,No,7.9,8.2,12,0
NET11464,25,Standard,30,419,51.8,37,0,1,20,4,Net Banking,1,0,0,No,7.4,9.5,33,0
NET11465,36,Standard,3,379,14.1,8,4,3,40,9,Debit Card,0,0,0,No,6.2,5.7,3,0
NET11466,46,Premium,3,649,39.2,21,34,3,63,4,UPI,0,0,0,No,5.8,10.0,4,0
NET11467,34,Standard,26,419,25.8,16,2,4,41,6,UPI,0,0,1,No,9.9,10.0,28,0
NET11468,20,Standard,32,449,16.6,12,0,2,38,5,Credit Card,0,0,1,Yes,7.1,7.2,37,0
NET11469,35,Basic,3,249,30.6,16,0,4,67,3,UPI,2,1,1,No,4.8,5.5,4,0
NET11470,41,Premium,1,629,22.7,11,23,3,23,1,Credit Card,0,0,0,Yes,6.2,5.2,1,1
NET11471,25,Standard,1,399,75.7,47,0,1,44,7,UPI,0,1,1,No,6.3,7.2,5,0
NET11472,29,Standard,4,419,13.6,10,2,2,57,7,Net Banking,2,0,0,Yes,3.9,8.3,4,1
NET11473,31,Premium,20,629,17.9,9,4,2,35,7,Debit Card,0,0,0,No,5.6,3.7,23,0
NET11474,23,Standard,9,449,26.6,19,5,5,42,1,Debit Card,0,1,1,No,2.8,6.0,13,1
NET11475,36,Standard,8,449,12.3,8,12,3,43,10,Credit Card,1,0,0,No,6.4,7.4,9,0
NET11476,29,Standard,12,449,9.6,6,3,5,64,4,Debit Card,0,1,1,No,8.4,8.0,16,0
NET11477,34,Premium,30,649,12.6,8,11,2,29,3,Credit Card,0,0,0,No,4.6,6.8,33,0
NET11478,23,Premium,1,649,31.0,16,1,4,22,6,UPI,1,1,1,No,6.8,6.0,1,0
NET11479,27,Standard,16,449,23.5,17,4,3,37,3,UPI,1,0,1,No,4.4,8.5,17,0
NET11480,37,Basic,36,199,35.9,19,9,6,46,3,UPI,1,1,1,No,9.2,3.6,38,0
NET11481,27,Basic,3,199,26.7,15,3,6,61,5,Wallet,0,0,0,No,6.3,9.1,5,0
NET11482,46,Premium,25,669,21.9,13,1,3,28,4,Debit Card,0,0,0,No,6.9,8.9,25,0
NET11483,27,Premium,16,649,31.5,17,9,6,84,2,Net Banking,0,0,0,No,6.1,6.6,17,0
NET11484,33,Standard,1,419,7.1,3,9,3,17,4,UPI,1,0,1,Yes,10.0,7.0,2,0
NET11485,39,Basic,3,199,19.4,10,1,2,10,4,Credit Card,0,1,3,No,5.9,5.5,7,0
NET11486,18,Premium,13,699,30.9,21,5,2,25,2,Credit Card,0,0,0,Yes,6.9,8.3,18,0
NET11487,15,Premium,9,669,23.3,12,1,3,22,4,UPI,1,0,1,Yes,8.2,6.7,9,0
NET11488,17,Premium,10,649,12.0,7,13,4,40,5,UPI,0,1,2,No,6.9,8.6,14,0
NET11489,42,Premium,3,649,7.3,3,0,3,39,4,UPI,0,0,1,No,4.2,8.1,3,1
NET11490,26,Premium,15,649,15.8,8,2,6,60,3,Debit Card,0,1,1,No,9.2,7.4,18,0
NET11491,54,Basic,4,249,5.4,4,6,4,69,3,Credit Card,0,0,0,No,10.0,4.8,4,0
NET11492,25,Basic,6,219,10.9,7,11,3,48,7,Credit Card,0,1,2,Yes,7.9,8.2,10,0
NET11493,32,Basic,6,249,14.8,8,9,4,20,3,Wallet,0,0,1,Yes,7.7,4.9,7,1
NET11494,44,Premium,15,669,30.0,14,6,5,55,2,UPI,0,1,2,Yes,7.5,9.2,15,1
NET11495,49,Basic,1,199,17.6,12,15,3,47,8,UPI,0,0,0,No,9.9,5.3,2,0
NET11496,49,Standard,3,399,39.0,21,0,3,59,2,UPI,0,0,0,No,8.2,6.8,6,0
NET11497,41,Standard,3,399,54.4,31,23,4,52,1,UPI,0,1,1,No,6.8,5.7,5,0
NET11498,40,Standard,1,399,13.1,8,2,2,53,6,UPI,0,0,0,No,7.5,5.2,3,0
NET11499,36,Premium,3,629,17.8,12,8,2,56,8,UPI,0,0,0,Yes,8.4,9.0,7,0
NET11500,38,Basic,13,199,42.1,20,1,3,60,5,Net Banking,0,0,0,No,8.1,10.0,13,0
NET11501,26,Standard,18,399,13.5,6,3,2,39,3,Wallet,0,0,1,No,6.8,6.9,21,1
NET11502,23,Premium,15,669,41.0,19,12,6,59,8,Net Banking,0,0,0,No,8.2,8.7,18,0
NET11503,30,Basic,9,199,25.0,17,3,1,61,4,UPI,0,2,3,No,4.5,7.8,10,1
NET11504,29,Premium,1,649,63.3,34,3,4,29,6,UPI,1,1,1,No,7.5,8.3,6,0
NET11505,26,Premium,44,669,21.1,16,4,3,52,4,UPI,0,1,1,No,4.8,10.0,48,0
NET11506,37,Premium+,2,899,67.6,46,0,3,35,6,Credit Card,0,1,1,Yes,7.2,8.5,5,0
NET11507,39,Premium,15,649,19.5,9,3,2,52,4,UPI,0,1,2,No,6.8,8.9,15,0
NET11508,31,Standard,34,449,12.4,7,0,3,49,6,Wallet,0,0,1,No,6.1,5.3,37,0
NET11509,44,Standard,16,379,18.5,12,3,4,18,2,Credit Card,0,0,0,No,2.4,7.8,18,0
NET11510,20,Basic,3,219,28.7,16,9,6,41,5,UPI,0,0,1,No,5.3,6.4,7,0
NET11511,29,Standard,5,449,23.3,12,0,2,33,0,Debit Card,0,0,1,No,6.0,6.8,6,0
NET11512,24,Basic,1,199,25.6,13,1,1,49,4,UPI,0,0,0,Yes,10.0,7.5,1,0
NET11513,15,Standard,13,399,54.6,39,3,3,41,2,UPI,0,1,2,No,7.9,9.5,15,0
NET11514,30,Premium,13,629,12.4,5,8,2,60,3,UPI,1,0,0,Yes,9.2,6.8,16,0
NET11515,29,Standard,18,399,8.9,6,8,6,21,3,Debit Card,0,0,0,No,5.7,8.3,22,0
NET11516,44,Standard,1,379,10.9,5,13,4,33,6,UPI,0,0,0,No,6.7,8.2,5,0
NET11517,36,Standard,23,399,5.8,3,0,3,52,3,Credit Card,0,1,3,No,8.6,7.4,23,0
NET11518,21,Standard,18,399,12.2,8,1,3,48,7,UPI,0,0,1,Yes,8.1,7.8,19,0
NET11519,47,Premium+,2,949,43.2,30,6,4,23,6,Credit Card,0,0,0,No,7.0,6.3,4,0
NET11520,41,Standard,5,399,4.0,2,1,4,15,4,Net Banking,1,1,1,No,6.2,10.0,10,0
NET11521,36,Premium,14,629,17.2,7,3,4,61,4,Credit Card,0,0,0,Yes,8.5,9.3,15,0
NET11522,28,Standard,9,399,10.9,5,4,4,10,7,Wallet,0,1,1,Yes,5.1,8.6,9,0
NET11523,22,Basic,1,199,20.4,9,1,3,41,4,Net Banking,0,2,2,Yes,6.4,6.2,1,0
NET11524,27,Standard,1,399,23.7,13,7,3,39,5,Credit Card,0,0,0,No,6.3,7.2,3,0
NET11525,40,Premium,21,629,12.2,6,11,1,50,3,UPI,2,1,1,Yes,5.0,6.6,25,1
NET11526,47,Basic,2,179,24.5,13,0,5,46,2,UPI,0,1,1,No,9.0,7.4,6,0
NET11527,44,Basic,2,199,17.0,12,2,1,10,5,UPI,2,0,0,Yes,5.4,5.3,4,0
NET11528,26,Basic,24,199,14.1,9,7,4,58,4,UPI,1,0,0,No,8.2,9.1,25,0
NET11529,20,Premium,13,649,65.3,41,0,4,37,4,Net Banking,0,0,0,Yes,5.6,5.2,15,0
NET11530,32,Premium,12,669,18.0,11,4,6,45,4,UPI,0,1,1,No,6.6,6.3,17,0
NET11531,15,Standard,9,379,11.1,5,8,2,45,3,Wallet,1,0,1,No,9.8,6.9,13,0
NET11532,33,Standard,11,419,25.9,13,2,1,41,3,Debit Card,2,0,1,No,6.6,5.2,12,0
NET11533,29,Premium,12,669,10.8,6,9,3,62,11,Credit Card,1,0,0,No,10.0,8.1,15,0
NET11534,26,Premium,48,629,19.3,11,10,2,83,5,Debit Card,0,0,1,No,10.0,7.5,49,0
NET11535,16,Premium,3,649,24.4,16,28,5,56,3,UPI,0,1,1,Yes,3.9,7.8,7,1
NET11536,35,Premium,3,699,36.1,27,3,4,33,2,Wallet,1,0,0,Yes,5.6,8.7,3,0
NET11537,26,Premium,1,669,75.2,41,0,2,66,2,Net Banking,1,0,0,Yes,6.2,5.3,2,0
NET11538,20,Standard,15,399,23.2,14,9,3,44,7,UPI,0,0,0,Yes,8.1,7.2,16,0
NET11539,15,Premium,11,699,25.3,14,12,2,73,5,UPI,0,1,1,No,5.5,8.3,11,0
NET11540,30,Premium+,1,919,74.9,35,1,4,42,6,Net Banking,0,0,1,Yes,8.2,8.3,5,0
NET11541,46,Basic,6,199,16.3,8,0,3,30,3,Credit Card,0,0,0,Yes,6.6,5.5,9,0
NET11542,45,Basic,2,219,21.6,10,3,6,46,3,UPI,0,1,2,Yes,8.3,7.8,5,0
NET11543,26,Premium+,5,899,20.1,13,1,4,33,5,Credit Card,2,0,2,No,5.9,6.7,7,0
NET11544,25,Standard,42,399,35.2,27,0,6,47,5,Debit Card,0,1,1,No,5.8,7.3,45,0
NET11545,35,Premium,16,649,9.9,6,2,1,40,4,Net Banking,0,0,0,Yes,6.9,5.3,19,0
NET11546,22,Standard,1,379,12.2,6,2,1,39,5,Net Banking,1,0,0,Yes,7.7,5.7,2,1
NET11547,33,Basic,4,249,16.3,9,23,2,29,7,UPI,0,0,1,Yes,3.5,6.7,6,1
NET11548,37,Basic,1,219,13.8,9,3,3,27,3,Debit Card,0,1,1,No,9.7,6.0,4,0
NET11549,42,Basic,17,219,9.4,4,20,6,32,4,UPI,0,0,0,Yes,6.4,7.2,18,0
NET11550,30,Basic,8,199,4.3,2,7,4,33,3,UPI,0,0,0,Yes,8.4,7.4,10,0
NET11551,29,Standard,71,449,12.7,7,1,4,70,3,Debit Card,0,1,1,No,4.6,9.9,72,0
NET11552,23,Premium,18,669,22.8,10,7,4,43,3,UPI,1,0,0,Yes,9.0,8.8,18,0
NET11553,23,Premium+,10,949,58.7,41,3,5,76,9,UPI,0,1,1,Yes,5.2,7.4,14,0
NET11554,28,Standard,22,449,39.3,21,5,1,68,1,Debit Card,0,0,0,No,5.5,4.2,26,0
NET11555,34,Standard,17,399,15.6,7,4,5,42,5,UPI,0,1,1,No,9.6,5.9,21,0
NET11556,39,Standard,3,419,24.4,11,16,1,32,7,Wallet,0,0,0,Yes,5.8,7.6,6,1
NET11557,23,Standard,10,419,22.5,10,0,2,40,5,Credit Card,0,0,1,No,8.2,6.3,14,0
NET11558,44,Standard,11,379,31.2,19,3,4,49,4,Credit Card,0,1,1,No,6.5,6.7,15,0
NET11559,28,Basic,8,249,13.7,8,0,2,70,3,Net Banking,0,1,2,Yes,5.1,7.8,10,0
NET11560,30,Basic,2,199,30.3,21,1,3,23,3,Credit Card,0,0,0,Yes,9.0,7.4,4,0
NET11561,24,Basic,3,199,7.5,5,0,3,32,3,Credit Card,0,0,1,Yes,8.3,9.4,8,0
NET11562,15,Basic,4,179,21.9,11,16,5,36,1,UPI,0,1,1,No,8.1,7.8,6,0
NET11563,38,Premium,1,649,37.0,23,2,3,59,6,UPI,0,1,1,Yes,6.2,7.0,4,0
NET11564,37,Basic,34,199,19.9,11,9,3,54,3,UPI,1,0,0,No,4.2,10.0,39,0
NET11565,28,Premium,16,629,24.5,12,8,1,42,3,Credit Card,0,0,0,Yes,6.7,7.0,21,0
NET11566,31,Premium+,16,899,81.7,43,0,5,66,6,Net Banking,0,1,1,No,4.2,7.4,20,0
NET11567,35,Premium+,11,899,51.4,25,0,1,74,4,UPI,0,1,2,No,8.0,8.9,14,0
NET11568,16,Premium+,16,879,62.5,46,0,2,19,3,Wallet,0,0,0,Yes,8.3,8.9,19,0
NET11569,26,Standard,56,399,28.5,15,5,3,32,2,Credit Card,0,0,0,No,4.1,9.2,59,0
NET11570,38,Standard,6,379,73.2,34,0,1,48,3,UPI,0,0,1,No,7.7,9.7,9,0
NET11571,19,Basic,17,219,6.7,4,8,1,28,2,Credit Card,0,0,0,Yes,7.0,10.0,20,0
NET11572,33,Premium,6,669,31.0,21,4,6,42,4,Net Banking,0,2,3,No,5.4,7.3,9,0
NET11573,18,Premium,26,649,27.9,20,12,5,34,3,Wallet,0,1,1,No,5.6,8.8,31,0
NET11574,35,Premium,27,699,10.4,4,5,2,10,4,Credit Card,1,0,0,Yes,8.6,7.4,31,0
NET11575,30,Standard,32,449,53.7,41,5,2,29,3,Credit Card,0,0,1,No,7.3,5.0,34,0
NET11576,16,Premium,1,649,101.7,50,1,3,27,3,Credit Card,0,0,0,No,7.0,10.0,6,0
NET11577,41,Basic,4,179,30.1,19,5,5,45,5,Debit Card,0,1,2,Yes,5.3,9.3,5,0
NET11578,24,Basic,2,219,29.8,19,5,3,49,3,Credit Card,0,0,0,No,6.4,10.0,3,0
NET11579,23,Premium,8,699,32.8,22,3,3,51,2,Net Banking,1,0,0,No,5.6,8.4,9,0
NET11580,32,Standard,9,419,38.4,26,0,2,60,5,UPI,1,1,2,Yes,5.1,6.4,9,0
NET11581,41,Premium+,4,899,28.7,16,2,3,25,5,Net Banking,1,1,1,Yes,10.0,7.5,6,0
NET11582,21,Basic,17,199,10.3,4,8,4,34,5,Wallet,0,0,0,Yes,6.4,5.3,21,0
NET11583,31,Premium,4,629,66.0,40,0,3,28,11,Wallet,3,1,1,No,8.2,9.1,7,0
NET11584,34,Standard,26,449,14.8,7,7,6,37,4,UPI,0,0,0,Yes,8.3,9.1,27,0
NET11585,37,Premium,2,649,32.6,21,23,2,13,6,Net Banking,0,1,1,Yes,9.5,8.0,4,0
NET11586,32,Premium,6,649,8.8,4,3,4,11,5,Net Banking,0,0,0,Yes,7.9,10.0,10,0
NET11587,27,Premium+,13,919,21.9,10,1,2,42,3,UPI,0,1,2,No,8.4,9.5,14,0
NET11588,23,Standard,13,399,11.1,7,0,4,5,3,UPI,0,0,0,No,2.9,8.4,15,0
NET11589,31,Premium+,1,949,56.9,27,11,2,49,3,UPI,0,0,1,Yes,7.6,10.0,6,0
NET11590,21,Basic,26,179,20.7,10,0,5,42,7,UPI,0,3,3,No,5.9,7.2,30,0
NET11591,15,Basic,12,179,6.5,3,0,2,27,4,UPI,0,0,0,Yes,8.3,7.3,17,0
NET11592,34,Standard,28,419,21.0,10,3,3,39,8,UPI,0,0,1,No,5.9,8.3,30,0
NET11593,39,Premium,28,629,14.1,6,2,4,43,2,UPI,0,1,2,Yes,6.6,8.3,31,0
NET11594,15,Standard,11,399,25.1,14,19,2,38,5,UPI,1,0,0,No,8.5,8.8,13,0
NET11595,21,Premium,33,699,33.6,19,3,3,52,3,Net Banking,1,0,0,No,6.0,3.2,35,0
NET11596,36,Premium,26,629,13.9,7,10,1,53,4,Net Banking,1,1,1,No,5.9,4.3,26,0
NET11597,49,Basic,44,249,19.9,13,16,2,13,3,Wallet,1,0,1,No,5.6,7.8,47,0
NET11598,31,Premium+,26,879,22.8,16,1,6,35,6,UPI,1,0,0,No,7.1,6.4,31,0
NET11599,24,Basic,24,199,12.2,6,2,4,56,5,UPI,0,0,0,Yes,5.2,9.3,26,0
NET11600,29,Premium,8,649,89.1,56,4,4,39,4,UPI,0,0,0,Yes,8.9,4.8,11,0
NET11601,43,Standard,3,449,38.6,27,4,1,46,3,Debit Card,0,0,0,Yes,4.8,6.0,5,1
NET11602,25,Standard,33,399,53.1,37,2,3,58,0,UPI,0,0,0,No,6.7,9.2,36,0
NET11603,23,Standard,17,399,12.6,8,4,3,47,1,Debit Card,1,1,1,No,5.3,6.6,21,0
NET11604,26,Basic,4,199,24.3,15,7,3,46,6,Net Banking,0,2,2,No,5.2,6.6,5,0
NET11605,22,Standard,5,379,21.2,12,5,3,35,5,Wallet,0,0,1,No,5.4,6.5,5,0
NET11606,32,Basic,16,199,10.6,4,16,2,33,4,UPI,0,0,0,No,7.0,6.3,17,0
NET11607,45,Basic,9,249,5.9,3,19,3,40,2,Credit Card,0,1,2,No,5.4,9.3,11,0
NET11608,33,Basic,1,199,16.0,7,7,3,50,7,Credit Card,0,1,1,Yes,5.5,6.5,3,0
NET11609,28,Standard,2,399,17.1,9,6,2,41,4,UPI,1,0,1,No,9.7,8.6,6,0
NET11610,28,Premium,19,699,14.0,9,0,2,28,6,Net Banking,0,1,2,Yes,9.7,5.3,21,0
NET11611,16,Standard,5,379,2.4,1,9,1,36,5,Wallet,0,1,1,No,7.3,5.4,10,1
NET11612,38,Premium,9,649,50.7,38,4,2,17,3,UPI,0,1,2,No,8.9,10.0,12,0
NET11613,30,Premium,20,699,16.4,9,12,5,26,7,Net Banking,0,0,1,No,7.8,7.5,25,0
NET11614,29,Premium,19,699,38.0,23,16,1,23,3,UPI,0,0,0,No,8.0,6.4,20,0
NET11615,59,Premium,2,669,27.8,16,2,4,58,4,UPI,1,1,1,No,10.0,8.9,4,0
NET11616,33,Standard,1,449,15.1,7,14,3,18,5,UPI,0,0,1,No,6.2,8.6,5,0
NET11617,24,Premium,12,669,56.9,43,6,2,45,5,Net Banking,0,0,0,No,6.6,6.6,12,0
NET11618,27,Basic,18,179,5.8,3,3,4,21,2,UPI,0,1,1,Yes,5.6,6.1,23,0
NET11619,41,Premium,2,629,33.3,16,0,1,5,7,UPI,0,1,1,Yes,7.7,7.4,3,1
NET11620,32,Premium,6,649,15.2,8,8,2,45,6,UPI,0,0,0,Yes,8.0,5.9,10,0
NET11621,18,Basic,28,219,6.3,4,13,1,50,4,Credit Card,1,1,2,No,7.3,6.7,32,0
NET11622,39,Premium,40,699,38.6,22,5,2,75,1,Credit Card,0,1,2,No,6.4,8.8,41,0
NET11623,24,Basic,8,199,15.1,9,3,3,37,2,UPI,0,0,0,No,10.0,3.8,12,1
NET11624,47,Basic,1,199,17.7,8,3,2,5,1,Net Banking,1,0,0,No,7.4,8.1,1,0
NET11625,40,Basic,4,179,4.7,2,7,3,36,5,Net Banking,0,0,0,No,7.1,7.0,4,0
NET11626,26,Premium,3,699,8.0,4,1,3,60,4,Net Banking,0,0,1,Yes,4.9,8.3,5,1
NET11627,42,Premium,3,669,26.7,17,1,4,59,5,Debit Card,1,1,1,Yes,6.1,8.0,6,0
NET11628,31,Premium,9,629,24.9,18,2,1,67,2,Debit Card,1,0,0,Yes,7.2,4.9,11,0
NET11629,38,Basic,12,199,22.4,12,0,3,51,6,Credit Card,0,1,2,Yes,6.7,6.8,15,0
NET11630,35,Standard,1,399,42.1,22,6,6,44,3,UPI,1,1,2,No,6.1,8.5,2,0
NET11631,23,Premium,30,649,33.6,18,3,4,82,5,UPI,0,0,0,No,6.8,9.2,34,0
NET11632,25,Basic,13,199,16.3,7,13,3,12,1,UPI,1,0,0,Yes,4.9,4.0,15,0
NET11633,40,Premium,12,629,51.4,29,6,3,55,6,UPI,0,0,1,Yes,8.2,6.0,16,0
NET11634,27,Basic,61,219,34.9,17,7,3,57,1,UPI,0,0,0,Yes,6.6,5.3,63,0
NET11635,27,Basic,13,249,6.6,4,6,2,43,1,Net Banking,0,0,0,No,6.6,6.6,15,0
NET11636,22,Standard,37,399,19.7,9,3,2,30,4,UPI,0,0,0,No,5.4,8.6,37,0
NET11637,34,Premium,4,699,21.3,12,16,2,58,3,UPI,1,2,2,No,10.0,8.4,7,0
NET11638,49,Basic,3,179,21.8,11,14,1,49,1,UPI,0,2,2,No,7.3,8.9,4,0
NET11639,21,Basic,10,179,12.2,5,3,3,49,6,Net Banking,1,0,0,No,6.3,5.9,14,0
NET11640,31,Basic,9,179,12.1,7,9,2,11,5,Net Banking,0,0,0,Yes,6.7,5.4,11,0
NET11641,43,Basic,3,219,17.6,9,25,6,30,2,UPI,0,1,1,No,5.6,8.8,7,0
NET11642,30,Basic,16,199,21.0,14,2,4,40,2,UPI,1,0,0,Yes,7.7,7.9,16,0
NET11643,35,Standard,1,449,16.3,11,5,2,39,2,Credit Card,0,0,1,Yes,9.3,5.8,2,0
NET11644,21,Premium,16,649,27.6,17,5,3,72,5,UPI,0,0,1,No,7.0,7.9,19,0
NET11645,34,Standard,8,379,7.7,5,4,3,57,1,UPI,0,1,1,Yes,7.1,6.9,11,0
NET11646,29,Premium,16,699,22.5,13,16,2,23,4,Credit Card,0,0,0,No,7.1,4.9,18,0
NET11647,39,Premium,9,699,16.6,7,0,4,49,2,UPI,1,1,1,No,5.4,6.8,10,0
NET11648,41,Basic,53,219,14.2,10,4,5,65,5,Debit Card,0,1,1,Yes,5.5,6.5,56,0
NET11649,54,Basic,5,199,14.2,8,0,4,26,5,UPI,0,0,0,No,10.0,8.1,6,0
NET11650,36,Premium,56,669,60.5,40,0,3,49,6,UPI,0,0,1,Yes,7.0,7.6,60,0
NET11651,33,Basic,1,219,17.5,10,6,3,35,3,Debit Card,0,1,2,No,7.7,5.9,1,0
NET11652,32,Basic,16,249,15.1,8,9,6,51,2,UPI,1,0,0,No,9.9,7.3,17,0
NET11653,27,Basic,8,199,12.2,5,11,2,53,4,UPI,1,0,1,Yes,8.3,5.7,9,0
NET11654,34,Premium,24,649,36.9,27,0,5,61,4,UPI,0,0,0,Yes,8.6,5.1,27,0
NET11655,28,Standard,21,399,9.9,5,1,5,48,2,UPI,0,0,0,No,5.8,8.7,26,0
NET11656,32,Premium+,22,879,24.5,12,3,4,45,2,Credit Card,0,0,0,Yes,7.9,5.6,24,0
NET11657,42,Premium,1,649,36.0,25,2,5,32,6,UPI,0,0,0,No,8.2,9.0,3,0
NET11658,21,Standard,24,449,11.7,5,1,4,40,4,Wallet,0,0,2,No,8.9,7.6,29,0
NET11659,41,Standard,3,379,24.1,17,16,3,72,4,Debit Card,1,0,1,No,6.5,7.2,8,0
NET11660,42,Standard,1,399,34.0,21,4,4,58,6,Net Banking,0,2,2,No,3.3,6.7,6,0
NET11661,29,Basic,3,219,6.2,4,6,1,39,6,Debit Card,0,0,0,No,4.8,7.4,7,1
NET11662,15,Basic,9,199,11.9,8,8,2,42,8,UPI,0,2,2,Yes,6.0,7.2,12,0
NET11663,25,Basic,18,199,8.0,4,4,1,22,4,Net Banking,0,1,1,Yes,9.9,2.2,21,0
NET11664,42,Basic,3,199,9.7,5,10,3,44,3,UPI,0,0,0,Yes,4.2,8.5,3,1
NET11665,30,Basic,1,219,13.0,7,25,3,75,4,Net Banking,0,1,1,No,4.2,5.2,3,0
NET11666,22,Standard,14,449,26.4,17,2,4,41,9,UPI,0,0,0,No,8.1,8.7,17,0
NET11667,26,Premium+,57,949,72.4,42,1,1,44,6,UPI,1,0,0,Yes,10.0,6.0,62,0
NET11668,38,Standard,12,419,18.3,8,2,1,57,8,Credit Card,0,0,0,No,4.7,9.4,16,1
NET11669,35,Premium+,16,899,35.1,21,0,5,61,4,Debit Card,0,0,0,No,8.1,5.7,16,0
NET11670,28,Standard,11,379,10.8,6,0,2,38,3,UPI,0,3,4,No,8.4,7.1,13,1
NET11671,27,Standard,21,379,22.5,10,1,3,62,6,Credit Card,0,1,1,No,9.6,3.7,23,0
NET11672,27,Standard,52,399,35.3,18,1,3,58,8,Credit Card,1,0,1,No,7.0,4.4,54,0
NET11673,22,Basic,10,219,21.4,15,7,2,42,3,Wallet,1,0,1,Yes,5.9,9.7,10,0
NET11674,45,Basic,7,219,4.6,2,3,1,20,3,Credit Card,0,0,0,Yes,9.4,7.1,11,0
NET11675,28,Premium+,27,879,32.0,14,4,3,66,2,UPI,0,0,1,Yes,5.8,5.7,31,1
NET11676,41,Premium+,48,899,13.6,6,0,1,38,2,Debit Card,0,0,0,No,5.9,7.0,51,0
NET11677,44,Basic,1,219,31.1,14,0,2,21,0,Debit Card,0,1,2,No,5.2,6.2,4,1
NET11678,39,Basic,12,249,10.3,4,3,3,30,5,Debit Card,0,1,1,No,7.7,6.8,14,0
NET11679,27,Standard,22,449,27.8,14,1,1,28,2,Debit Card,1,0,0,No,7.5,6.8,27,0
NET11680,34,Basic,10,219,18.4,9,5,3,56,4,Net Banking,0,1,1,Yes,8.6,8.4,11,0
NET11681,30,Standard,7,399,28.3,14,4,2,31,2,UPI,0,0,0,Yes,7.1,6.8,10,0
NET11682,22,Basic,14,249,23.2,13,10,1,46,7,Debit Card,0,1,1,No,8.9,8.1,18,1
NET11683,33,Standard,4,399,14.4,8,10,2,51,5,Debit Card,0,0,0,No,7.0,8.8,6,0
NET11684,20,Standard,6,379,18.7,14,4,3,62,4,Debit Card,0,0,0,No,4.1,6.6,10,0
NET11685,41,Standard,68,399,47.7,31,14,3,47,4,Debit Card,1,0,0,Yes,8.3,8.0,70,0
NET11686,26,Basic,14,179,36.2,27,16,6,27,4,Credit Card,0,0,0,No,7.4,9.4,14,0
NET11687,32,Standard,28,399,35.5,20,1,3,43,4,UPI,0,1,1,No,9.2,8.5,31,0
NET11688,33,Premium+,23,949,44.1,22,22,3,16,4,Credit Card,0,0,0,Yes,9.4,6.2,28,0
NET11689,28,Standard,14,399,20.0,9,25,1,19,3,Credit Card,0,1,1,No,7.3,3.4,14,1
NET11690,36,Premium,25,649,51.0,38,0,3,27,6,UPI,0,0,0,Yes,5.6,6.4,28,0
NET11691,26,Premium,4,669,31.6,18,0,3,43,3,UPI,0,0,0,Yes,5.4,4.0,9,0
NET11692,38,Premium+,14,899,55.4,28,0,3,57,2,UPI,1,2,2,Yes,6.2,6.6,19,0
NET11693,18,Premium,12,669,66.2,34,0,3,59,3,Wallet,1,0,0,No,8.5,7.1,17,0
NET11694,32,Premium,13,649,75.2,38,2,2,43,2,Wallet,1,0,0,Yes,7.1,8.5,17,0
NET11695,48,Premium,2,669,41.4,20,4,4,50,5,UPI,1,1,1,Yes,6.8,4.8,6,0
NET11696,21,Basic,4,249,25.3,11,2,5,47,5,Net Banking,0,0,0,No,6.6,7.4,5,0
NET11697,24,Standard,4,449,12.1,8,0,2,46,5,UPI,1,1,3,Yes,7.2,3.6,8,0
NET11698,35,Premium+,12,899,13.6,6,3,2,39,2,UPI,0,0,0,Yes,6.2,8.7,14,0
NET11699,32,Premium,50,649,33.6,16,0,4,51,3,UPI,0,2,2,No,8.9,8.3,51,0
NET11700,34,Premium+,43,949,44.1,20,1,3,43,2,Wallet,0,1,1,No,3.7,8.2,45,0
NET11701,35,Premium,3,629,47.4,29,12,2,51,5,Wallet,1,0,1,No,6.6,5.8,4,0
NET11702,36,Premium,5,629,15.5,7,8,2,49,4,Wallet,0,0,1,Yes,10.0,10.0,7,0
NET11703,40,Premium,1,669,6.5,4,32,6,47,4,Net Banking,0,1,2,Yes,6.0,4.2,2,1
NET11704,34,Premium,7,649,27.2,13,13,4,35,1,Net Banking,0,0,0,No,7.1,6.1,10,0
NET11705,28,Standard,25,419,6.5,3,11,3,14,4,Debit Card,0,1,1,No,6.8,3.3,30,0
NET11706,37,Premium+,34,899,16.5,11,1,2,43,3,UPI,0,0,0,No,9.9,6.8,37,0
NET11707,48,Premium,3,699,35.5,17,6,2,13,3,Net Banking,1,0,0,Yes,8.0,6.0,4,1
NET11708,29,Premium,4,649,26.3,13,5,6,23,2,UPI,0,0,0,Yes,4.7,6.5,4,0
NET11709,22,Premium,3,669,9.5,5,14,2,46,4,Credit Card,0,0,0,Yes,9.6,8.0,4,0
NET11710,40,Standard,6,419,14.3,7,9,3,21,3,UPI,1,1,1,No,5.7,7.0,6,0
NET11711,29,Basic,22,179,13.3,9,8,2,37,2,UPI,0,0,1,No,5.8,6.6,27,0
NET11712,15,Premium+,14,899,19.7,11,2,2,41,5,UPI,0,0,0,Yes,7.8,9.2,16,0
NET11713,38,Standard,21,419,24.3,18,0,1,17,2,Debit Card,0,1,1,No,6.1,8.6,22,0
NET11714,26,Standard,12,379,7.5,4,2,1,34,1,Net Banking,0,0,0,No,8.3,7.6,12,0
NET11715,30,Basic,4,199,26.1,15,1,4,51,2,UPI,1,0,1,No,6.0,7.4,9,0
NET11716,33,Premium,3,669,53.0,38,7,2,27,7,UPI,0,0,1,Yes,4.0,5.9,4,0
NET11717,32,Premium,1,629,48.5,29,3,3,33,4,Net Banking,0,1,1,Yes,8.0,8.0,4,0
NET11718,37,Premium,21,649,60.2,35,0,1,64,2,Debit Card,0,0,0,No,9.0,3.4,24,0
NET11719,27,Premium,26,699,20.5,10,6,3,50,1,UPI,2,0,0,No,4.7,6.4,27,1
NET11720,35,Standard,20,399,23.1,17,0,4,51,1,Debit Card,0,0,0,Yes,10.0,6.7,21,0
NET11721,28,Standard,1,419,35.9,19,14,4,37,1,Net Banking,0,1,1,No,7.2,7.3,5,0
NET11722,37,Basic,20,179,29.8,16,5,2,44,3,Wallet,0,1,1,No,6.8,6.7,25,0
NET11723,36,Premium,1,669,17.2,11,3,2,51,2,Wallet,0,1,2,No,8.5,6.7,4,1
NET11724,22,Basic,1,249,23.5,11,1,4,66,6,UPI,1,0,0,Yes,7.5,7.0,3,0
NET11725,40,Premium,8,669,40.6,22,4,1,10,5,Debit Card,1,1,1,Yes,6.6,6.0,9,0
NET11726,26,Standard,9,419,10.7,6,2,1,34,4,UPI,1,0,1,No,4.8,6.8,13,0
NET11727,38,Standard,23,379,37.1,17,3,3,46,2,Wallet,1,0,0,No,5.7,6.0,28,0
NET11728,34,Premium+,15,949,28.6,14,13,3,65,5,Credit Card,0,0,1,No,7.5,7.1,16,0
NET11729,47,Basic,2,199,11.8,7,1,3,16,5,Net Banking,0,0,0,No,7.2,7.9,5,0
NET11730,28,Premium,3,629,36.3,22,2,3,47,5,Debit Card,0,1,1,No,7.7,10.0,3,0
NET11731,27,Basic,4,249,6.6,3,6,1,53,2,Credit Card,0,0,0,No,8.7,5.8,9,1
NET11732,30,Basic,1,249,17.1,9,7,3,54,5,Wallet,1,1,1,No,7.5,9.6,1,0
NET11733,28,Standard,4,419,10.0,5,0,1,53,5,Net Banking,0,0,0,Yes,7.7,9.7,7,0
NET11734,38,Basic,18,199,26.8,12,16,1,35,6,Credit Card,0,1,1,Yes,7.0,5.1,20,0
NET11735,16,Premium,3,649,22.7,15,0,6,27,6,Credit Card,0,1,2,No,7.0,8.8,8,0
NET11736,21,Standard,25,399,15.2,9,0,3,57,3,Credit Card,1,0,0,No,10.0,7.5,29,0
NET11737,21,Basic,8,219,11.5,6,8,1,63,3,UPI,0,0,0,No,8.4,8.7,9,0
NET11738,39,Basic,5,199,12.6,9,8,2,51,3,Debit Card,0,0,0,No,4.8,5.3,6,0
NET11739,46,Premium,7,629,21.5,12,6,6,29,2,Net Banking,0,2,2,No,5.7,2.4,8,0
NET11740,30,Premium,17,649,61.9,34,1,2,41,3,UPI,1,0,0,Yes,7.8,9.9,21,0
NET11741,29,Standard,10,419,52.1,33,2,3,28,5,UPI,0,0,0,No,7.1,7.3,14,0
NET11742,31,Standard,1,379,22.3,10,10,4,32,3,Credit Card,0,0,0,No,6.9,8.0,4,0
NET11743,41,Premium,35,649,18.8,10,7,4,39,3,UPI,0,1,1,Yes,7.7,6.3,39,0
NET11744,22,Premium,1,649,45.9,25,20,4,30,6,Net Banking,0,0,0,Yes,9.0,5.9,2,1
NET11745,33,Basic,39,199,13.5,6,3,3,62,4,Wallet,0,1,2,No,6.1,6.9,44,0
NET11746,39,Premium,1,649,17.0,10,3,6,37,4,Debit Card,0,0,1,No,8.8,6.1,2,0
NET11747,35,Premium,20,699,41.6,22,9,3,62,8,Debit Card,0,0,0,No,8.1,9.2,24,0
NET11748,32,Premium,10,649,46.2,27,29,3,30,7,UPI,1,0,0,No,7.3,8.1,14,1
NET11749,40,Premium,9,649,33.7,20,13,2,57,3,UPI,0,0,0,No,3.6,7.4,12,0
NET11750,15,Premium+,1,899,18.3,11,2,6,90,1,Credit Card,0,0,0,Yes,7.3,8.6,1,1
NET11751,37,Basic,3,199,25.0,18,18,3,20,7,Debit Card,1,0,0,Yes,9.4,5.7,7,0
NET11752,25,Premium+,21,879,14.8,7,1,1,71,6,Net Banking,0,1,1,No,6.2,7.6,21,0
NET11753,15,Standard,31,379,43.2,23,3,4,39,6,Debit Card,0,1,1,No,10.0,7.9,33,0
NET11754,35,Premium,10,649,29.1,13,13,2,61,4,Net Banking,1,2,2,No,7.6,4.5,10,0
NET11755,43,Basic,6,199,18.0,8,2,2,77,3,UPI,1,2,2,Yes,7.0,6.9,10,0
NET11756,29,Standard,1,419,12.1,5,2,1,47,5,UPI,0,0,0,No,10.0,4.2,2,0
NET11757,39,Premium,16,649,38.7,29,31,1,16,4,Credit Card,0,0,0,Yes,6.4,5.9,17,0
NET11758,45,Premium,4,699,21.4,11,3,3,50,3,UPI,0,0,1,No,7.8,5.2,8,0
NET11759,42,Basic,1,219,46.9,21,17,1,47,1,Credit Card,0,0,0,No,3.8,5.3,4,0
NET11760,45,Standard,15,449,35.8,17,1,2,51,0,Credit Card,0,0,0,No,5.2,4.5,20,0
NET11761,37,Basic,9,199,28.9,18,4,3,31,3,UPI,0,2,2,Yes,7.7,8.8,13,0
NET11762,31,Premium+,1,949,32.2,22,2,5,60,2,UPI,0,1,1,No,5.9,6.7,5,0
NET11763,16,Premium,1,649,43.5,22,4,1,50,3,Debit Card,0,1,1,No,7.2,3.3,6,0
NET11764,28,Basic,16,249,22.3,11,13,1,40,5,Credit Card,0,0,0,No,8.1,9.7,19,0
NET11765,23,Premium,1,669,44.6,28,28,3,8,2,Net Banking,2,0,0,Yes,9.5,9.8,4,1
NET11766,50,Premium+,28,949,27.6,13,4,1,47,4,Wallet,0,0,1,Yes,5.1,6.5,30,0
NET11767,29,Standard,5,399,18.3,9,1,3,65,6,UPI,0,0,0,No,8.9,3.5,7,0
NET11768,32,Premium,1,649,9.6,5,0,5,65,4,UPI,0,0,0,No,9.1,5.9,3,0
NET11769,35,Standard,19,379,14.6,8,1,4,33,3,Net Banking,0,0,0,Yes,8.2,4.6,22,0
NET11770,31,Premium,10,699,21.4,14,8,6,48,6,Credit Card,0,1,1,No,8.4,7.4,10,0
NET11771,46,Standard,5,399,25.5,14,5,4,35,2,UPI,0,2,2,No,6.4,4.8,9,1
NET11772,25,Standard,7,379,28.1,16,8,2,44,6,Credit Card,1,0,0,No,6.4,7.2,9,1
NET11773,32,Standard,1,399,6.4,2,18,2,54,2,Debit Card,0,1,2,No,7.5,6.9,1,0
NET11774,24,Basic,15,199,11.8,6,7,3,24,2,Wallet,0,1,3,Yes,6.2,10.0,19,0
NET11775,19,Premium,6,629,18.7,9,9,4,38,6,UPI,0,2,2,Yes,7.3,6.2,11,0
NET11776,25,Standard,17,379,39.9,21,3,2,42,3,Net Banking,0,1,1,No,9.3,7.1,22,0
NET11777,30,Standard,13,419,16.2,10,4,1,34,3,Net Banking,0,0,0,Yes,4.6,7.8,18,1
NET11778,27,Premium,14,699,23.0,17,10,5,40,7,UPI,0,0,0,Yes,10.0,8.4,14,0
NET11779,24,Standard,22,449,41.1,21,6,1,52,5,Credit Card,0,0,0,Yes,8.2,7.4,27,0
NET11780,18,Standard,13,399,41.7,20,4,3,39,8,Debit Card,0,1,1,No,10.0,6.8,14,0
NET11781,30,Premium+,7,899,33.5,16,1,1,48,3,UPI,0,1,2,No,5.8,8.4,8,0
NET11782,17,Premium,6,649,50.0,26,5,6,28,10,Credit Card,0,1,1,No,7.4,6.3,11,0
NET11783,37,Basic,1,199,16.2,9,2,2,58,2,Wallet,0,0,0,Yes,7.7,7.0,5,0
NET11784,31,Standard,21,419,6.7,3,5,3,40,6,UPI,0,0,0,No,9.1,6.8,21,0
NET11785,17,Premium+,20,879,18.4,9,3,1,29,1,UPI,0,0,0,No,4.5,6.5,20,0
NET11786,28,Standard,3,399,26.9,18,0,1,69,5,Credit Card,0,1,1,No,5.8,7.6,8,0
NET11787,24,Standard,27,449,27.5,16,11,3,60,4,Credit Card,0,0,0,Yes,4.0,7.5,30,0
NET11788,33,Basic,12,199,23.8,17,5,2,69,8,UPI,0,0,0,No,8.2,7.6,14,0
NET11789,43,Basic,9,199,16.0,11,13,2,61,5,UPI,0,1,1,Yes,7.7,5.5,13,0
NET11790,15,Premium,1,649,37.4,24,15,3,55,3,UPI,0,1,2,Yes,7.5,6.5,1,1
NET11791,32,Premium,6,669,15.8,8,4,2,23,2,Debit Card,0,0,1,No,5.4,6.9,8,0
NET11792,29,Premium+,14,949,91.3,42,1,6,72,6,UPI,0,1,1,No,6.3,6.0,19,0
NET11793,37,Premium,1,669,58.1,35,13,3,44,4,Credit Card,1,0,0,No,8.1,5.4,5,0
NET11794,32,Basic,8,179,8.8,5,6,4,49,5,Debit Card,1,0,0,No,10.0,7.1,8,0
NET11795,24,Basic,70,199,8.9,4,1,4,37,5,UPI,0,0,0,Yes,4.8,7.8,75,0
NET11796,28,Premium+,17,899,45.0,28,1,5,24,2,Net Banking,0,0,0,No,4.5,7.7,18,0
NET11797,23,Standard,11,399,20.5,10,3,4,41,3,UPI,0,3,3,No,4.9,8.9,11,0
NET11798,40,Standard,10,399,37.2,24,0,1,57,4,Credit Card,0,1,1,No,10.0,10.0,11,0
NET11799,31,Premium+,1,879,38.3,26,2,2,49,3,UPI,0,0,0,Yes,6.8,8.2,6,0
NET11800,48,Standard,44,419,47.5,31,0,3,65,1,Net Banking,0,1,1,No,8.3,5.0,45,0
NET11801,30,Basic,36,249,15.3,8,10,3,31,3,UPI,0,1,1,Yes,8.3,6.8,39,0
NET11802,24,Premium,16,629,47.3,31,9,2,53,0,Net Banking,0,0,0,No,6.1,4.3,21,0
NET11803,17,Premium+,1,899,38.9,23,1,1,77,3,UPI,2,0,0,Yes,7.1,6.9,6,1
NET11804,15,Basic,3,199,15.7,9,2,1,83,4,Credit Card,0,1,1,No,4.8,3.8,6,0
NET11805,16,Premium,2,669,30.8,15,5,2,38,1,UPI,0,1,3,No,4.4,8.9,4,0
NET11806,33,Standard,10,379,2.0,1,1,4,38,4,Debit Card,0,0,0,Yes,5.4,5.9,14,1
NET11807,35,Standard,3,449,16.1,10,0,4,50,0,UPI,0,2,2,No,8.9,7.4,5,0
NET11808,16,Premium+,16,879,29.8,13,8,2,55,2,UPI,0,0,0,No,8.0,3.7,19,0
NET11809,39,Premium+,11,879,47.5,31,0,4,49,3,Wallet,0,0,1,Yes,6.6,5.1,13,0
NET11810,26,Standard,1,419,34.8,17,6,4,61,6,Credit Card,0,2,3,Yes,6.2,6.3,5,0
NET11811,32,Basic,19,249,14.8,10,0,4,31,4,Credit Card,0,0,0,No,9.4,6.7,23,0
NET11812,45,Basic,2,199,25.2,13,0,3,55,1,UPI,1,1,1,Yes,5.1,6.8,2,0
NET11813,39,Standard,24,399,42.3,30,4,4,5,3,Credit Card,1,0,0,No,7.6,4.6,26,0
NET11814,28,Basic,6,249,11.5,6,2,3,21,6,UPI,0,0,0,Yes,6.2,8.7,9,0
NET11815,22,Standard,5,399,20.2,9,0,4,41,4,Net Banking,0,0,0,Yes,6.4,7.2,5,0
NET11816,15,Basic,1,219,16.9,8,6,3,56,6,Credit Card,1,0,0,Yes,6.6,6.2,3,0
NET11817,24,Standard,61,449,13.5,9,6,5,61,6,Net Banking,0,0,0,No,6.9,8.4,66,0
NET11818,29,Basic,13,249,16.3,8,3,2,25,7,UPI,0,1,1,No,8.1,7.4,17,0
NET11819,22,Premium,7,649,40.8,21,0,1,34,5,UPI,0,2,2,No,8.9,5.1,10,0
NET11820,29,Basic,1,199,30.6,14,3,3,48,5,Wallet,1,1,1,No,6.7,9.5,6,1
NET11821,31,Standard,16,379,20.9,13,0,3,46,1,Credit Card,0,0,0,No,7.4,8.8,18,0
NET11822,28,Premium,4,629,43.2,30,31,2,59,6,Credit Card,1,0,0,No,8.0,5.0,8,0
NET11823,25,Premium,62,699,22.9,12,1,2,36,1,UPI,1,0,0,No,7.9,10.0,66,0
NET11824,32,Basic,42,199,9.6,4,0,4,37,3,Credit Card,0,0,0,No,7.7,10.0,47,0
NET11825,34,Basic,18,219,31.0,15,1,4,57,4,Debit Card,0,0,0,No,8.0,6.4,20,0
NET11826,21,Premium,49,649,28.1,16,5,2,53,5,UPI,2,2,3,No,6.7,4.6,51,0
NET11827,43,Standard,1,379,23.0,13,22,3,66,7,Credit Card,0,1,2,No,10.0,4.9,4,1
NET11828,30,Premium,4,669,17.7,11,4,2,21,5,Wallet,0,0,0,No,4.7,8.2,4,1
NET11829,31,Standard,4,449,17.2,8,3,4,35,3,UPI,2,0,0,Yes,6.3,8.3,8,0
NET11830,37,Standard,1,399,34.8,17,29,1,32,7,UPI,0,1,1,No,6.8,5.6,1,1
NET11831,33,Standard,50,399,19.0,12,1,2,39,4,Credit Card,0,0,1,No,5.8,6.6,50,0
NET11832,39,Premium,1,629,32.7,20,1,5,40,1,Wallet,0,0,0,No,6.6,7.5,5,0
NET11833,33,Premium+,27,899,7.9,4,2,3,48,3,Net Banking,1,2,2,Yes,6.6,7.6,29,1
NET11834,25,Basic,20,199,27.9,16,8,6,25,1,UPI,0,0,0,No,5.3,5.7,24,0
NET11835,34,Standard,6,399,19.4,10,2,4,60,6,Net Banking,0,1,1,No,9.2,7.1,11,0
NET11836,20,Basic,1,219,22.4,15,3,3,56,10,UPI,0,0,0,No,5.5,8.1,1,1
NET11837,31,Standard,1,399,25.5,12,16,5,37,4,Credit Card,0,0,0,No,6.3,7.9,4,0
NET11838,30,Premium,3,649,30.5,16,12,1,15,4,Debit Card,0,0,0,Yes,10.0,8.5,7,0
NET11839,29,Standard,9,399,31.4,15,17,2,76,3,Credit Card,0,2,2,Yes,6.7,8.8,12,1
NET11840,29,Premium+,8,879,51.6,26,1,2,42,2,Wallet,0,0,0,Yes,6.8,6.2,10,0
NET11841,15,Premium,12,699,25.0,14,3,2,47,2,Debit Card,1,0,0,Yes,9.0,5.0,14,0
NET11842,26,Premium+,20,919,43.1,22,7,4,58,6,Debit Card,0,0,1,No,5.9,6.6,25,0
NET11843,31,Premium,6,649,75.7,55,2,3,46,4,Net Banking,1,0,0,No,4.3,6.0,9,0
NET11844,32,Basic,2,179,6.5,3,4,6,11,3,UPI,0,2,2,Yes,7.2,7.3,5,0
NET11845,21,Basic,22,199,10.5,6,10,4,41,1,Credit Card,0,0,0,Yes,7.3,8.1,26,0
NET11846,42,Standard,5,419,9.9,5,0,4,45,2,Credit Card,0,0,0,No,6.8,8.8,7,0
NET11847,23,Basic,4,249,12.1,8,1,3,48,4,Credit Card,0,0,0,No,4.7,6.6,7,0
NET11848,39,Standard,20,399,16.5,9,2,1,13,7,Wallet,0,1,2,No,8.3,7.9,21,0
NET11849,34,Standard,38,399,31.0,15,7,5,28,7,Debit Card,0,0,0,No,6.8,6.4,42,0
NET11850,25,Premium+,34,879,16.3,10,13,2,28,2,UPI,2,1,1,No,6.6,9.7,38,0
NET11851,46,Standard,2,449,33.0,16,4,6,36,4,UPI,0,0,1,No,8.9,6.5,3,0
NET11852,20,Premium,9,649,38.1,20,7,3,36,5,Credit Card,0,1,1,No,9.5,8.7,11,0
NET11853,39,Premium+,1,949,8.3,4,5,1,69,1,Wallet,0,0,0,No,8.3,8.0,4,1
NET11854,40,Premium,45,649,27.2,12,15,6,78,4,UPI,0,1,2,Yes,6.9,8.2,48,0
NET11855,24,Basic,3,199,14.9,8,13,4,57,1,Net Banking,0,0,0,No,7.4,5.5,5,0
NET11856,43,Standard,3,449,26.5,12,9,4,10,2,Credit Card,0,0,0,No,6.4,8.4,4,0
NET11857,28,Standard,30,399,14.9,10,1,4,49,1,UPI,1,0,0,No,8.0,5.9,31,0
NET11858,33,Standard,48,399,57.0,28,2,2,48,2,Debit Card,0,0,0,No,10.0,9.2,49,0
NET11859,33,Standard,16,449,16.5,8,3,2,72,2,Credit Card,0,0,1,Yes,10.0,2.7,20,0
NET11860,29,Premium,1,649,11.5,5,0,3,37,3,Wallet,0,1,1,No,7.0,5.0,4,0
NET11861,38,Standard,9,399,25.3,18,1,2,34,3,Wallet,0,0,1,No,8.7,8.4,9,0
NET11862,38,Standard,23,449,34.2,24,7,2,42,3,Net Banking,0,0,1,No,5.0,6.4,27,1
NET11863,15,Premium+,11,949,31.4,23,4,5,18,1,Credit Card,0,0,1,No,5.7,5.7,15,1
NET11864,42,Basic,1,199,7.9,4,18,2,49,6,UPI,0,1,1,No,8.0,5.7,4,0
NET11865,16,Standard,2,399,27.8,18,0,4,31,10,Credit Card,0,1,3,No,4.8,6.4,4,0
NET11866,40,Premium,27,649,16.8,9,2,2,52,5,Credit Card,0,0,0,No,3.1,7.5,32,0
NET11867,41,Basic,10,199,13.2,6,7,2,59,5,UPI,1,0,1,No,7.7,9.2,13,0
NET11868,21,Premium,17,649,31.4,19,0,1,41,1,Debit Card,0,0,1,Yes,5.1,8.1,19,0
NET11869,27,Basic,6,219,13.2,10,4,2,14,6,Debit Card,0,2,2,No,7.9,5.7,9,0
NET11870,21,Premium,10,649,68.1,32,0,2,29,3,UPI,1,0,0,No,7.5,7.3,14,0
NET11871,29,Standard,52,399,38.9,20,1,4,22,3,UPI,0,0,0,No,4.5,7.2,57,0
NET11872,28,Standard,5,419,77.0,51,4,4,54,5,Credit Card,1,0,0,No,7.6,8.0,6,0
NET11873,38,Standard,15,399,7.5,3,5,2,73,2,Credit Card,1,1,1,No,8.0,9.3,19,0
NET11874,42,Basic,2,179,17.4,9,8,4,56,6,UPI,0,1,1,No,5.5,7.3,6,0
NET11875,43,Standard,1,449,32.8,19,0,2,30,5,UPI,0,1,1,No,4.2,6.1,1,1
NET11876,25,Standard,21,379,22.3,14,1,3,18,7,Debit Card,1,1,2,Yes,7.9,5.1,25,0
NET11877,29,Standard,26,399,39.4,17,1,2,40,1,Wallet,1,0,0,Yes,7.9,7.8,30,0
NET11878,15,Standard,15,399,23.0,12,1,1,40,3,UPI,0,0,0,No,7.0,6.7,19,0
NET11879,23,Standard,2,449,16.7,12,1,2,42,3,Credit Card,0,1,1,Yes,10.0,9.0,7,0
NET11880,39,Standard,3,399,14.5,10,4,3,63,4,UPI,0,0,0,No,7.8,5.9,3,0
NET11881,45,Premium,33,649,2.0,1,7,5,21,2,Debit Card,1,0,0,No,8.8,6.3,35,0
NET11882,19,Standard,4,449,5.0,2,4,4,51,5,Net Banking,1,1,1,No,8.2,5.5,9,0
NET11883,25,Basic,23,249,10.9,6,2,2,75,7,Net Banking,0,0,2,No,6.4,8.0,28,0
NET11884,30,Premium,4,629,34.2,25,7,2,26,6,UPI,0,0,0,No,7.2,7.1,4,0
NET11885,33,Premium,39,649,30.1,19,4,5,46,2,Wallet,1,0,0,Yes,5.1,7.6,40,0
NET11886,23,Standard,34,399,13.1,6,6,2,50,5,Credit Card,0,1,1,No,9.0,10.0,36,0
NET11887,34,Standard,1,399,84.7,42,0,4,42,3,Wallet,0,1,1,No,6.9,10.0,6,0
NET11888,26,Standard,20,399,21.6,16,19,5,72,3,Debit Card,0,0,0,No,5.7,7.4,25,0
NET11889,30,Standard,2,419,36.2,17,2,1,37,6,Credit Card,0,0,2,No,4.5,7.3,2,0
NET11890,35,Premium,3,629,9.9,6,2,1,66,2,Credit Card,1,0,0,No,4.9,6.6,4,1
NET11891,31,Basic,8,199,18.8,11,4,3,64,5,Wallet,0,1,1,No,5.7,4.7,9,0
NET11892,27,Premium,12,699,50.8,36,0,2,23,7,UPI,0,0,0,No,6.9,5.6,15,0
NET11893,30,Basic,5,249,4.6,3,1,2,52,7,Net Banking,0,0,1,No,5.2,7.3,8,1
NET11894,30,Standard,11,399,18.1,10,10,4,55,2,Debit Card,0,0,0,No,8.1,5.0,16,0
NET11895,27,Premium,2,629,50.9,32,9,5,66,3,UPI,0,1,2,Yes,7.9,4.2,7,0
NET11896,28,Standard,1,379,37.1,22,0,1,30,6,Wallet,0,0,0,No,6.8,10.0,5,0
NET11897,45,Basic,11,199,13.0,8,5,4,46,4,Credit Card,0,1,1,No,10.0,8.5,13,0
NET11898,36,Premium+,10,899,38.7,19,0,2,54,3,UPI,0,0,0,No,10.0,5.7,10,0
NET11899,28,Premium,16,649,22.0,15,0,2,33,7,Wallet,0,0,0,No,7.3,5.5,20,0
NET11900,37,Premium,14,649,28.5,16,9,6,62,4,Net Banking,0,0,0,Yes,7.6,3.3,16,1
NET11901,27,Standard,31,399,39.4,22,3,3,7,4,UPI,0,0,0,Yes,7.7,6.3,36,0
NET11902,41,Basic,8,219,14.3,6,15,4,38,3,UPI,1,1,1,No,6.3,4.1,11,0
NET11903,34,Premium+,1,879,85.4,39,0,4,23,7,UPI,1,0,2,No,2.9,10.0,1,1
NET11904,30,Standard,13,399,19.6,9,9,3,28,2,Net Banking,1,0,1,Yes,10.0,7.6,14,0
NET11905,35,Premium,15,629,21.1,10,6,3,53,5,UPI,0,2,2,Yes,7.5,8.1,16,0
NET11906,16,Standard,10,449,24.3,14,3,2,79,7,UPI,0,0,0,No,6.9,4.6,14,0
NET11907,20,Standard,16,449,14.6,10,4,1,50,3,Net Banking,1,1,1,No,5.1,9.0,20,0
NET11908,20,Premium+,5,879,64.4,30,4,5,26,2,UPI,0,0,0,No,8.8,7.1,5,0
NET11909,32,Standard,2,449,10.7,5,0,3,20,4,UPI,0,0,0,Yes,7.1,9.8,3,0
NET11910,46,Basic,15,249,20.5,14,4,2,42,2,UPI,0,1,1,No,10.0,5.4,19,0
NET11911,51,Basic,3,249,8.7,6,0,4,48,7,Credit Card,1,3,3,No,6.3,6.1,4,1
NET11912,36,Standard,8,399,6.7,3,4,3,33,2,Debit Card,0,0,0,No,6.8,7.2,11,0
NET11913,35,Basic,9,199,9.3,4,5,4,54,3,Net Banking,0,0,0,Yes,10.0,6.7,13,0
NET11914,15,Standard,9,379,14.0,9,9,2,74,2,UPI,0,1,1,No,9.0,5.3,14,0
NET11915,26,Standard,12,379,25.9,15,9,4,36,3,UPI,0,0,0,Yes,5.6,6.6,14,0
NET11916,23,Premium,1,669,26.6,12,0,2,32,2,UPI,1,0,0,No,6.8,8.1,5,0
NET11917,25,Standard,64,399,27.4,12,0,4,41,2,Net Banking,0,0,0,No,7.7,5.4,67,0
NET11918,29,Premium+,17,879,57.0,29,6,2,22,10,UPI,0,1,1,No,7.2,8.2,17,0
NET11919,26,Basic,7,199,14.7,8,1,3,33,7,UPI,0,0,0,No,4.5,6.0,8,0
NET11920,15,Standard,2,419,9.2,5,4,3,50,4,UPI,1,0,0,No,9.8,10.0,7,1
NET11921,37,Basic,1,179,9.4,5,1,3,25,1,Wallet,1,0,0,Yes,8.7,8.8,1,1
NET11922,21,Premium,15,629,30.6,17,10,4,59,6,UPI,0,0,0,Yes,3.6,8.8,19,0
NET11923,33,Premium+,5,879,18.7,9,6,1,59,1,UPI,0,0,1,No,6.9,6.4,7,0
NET11924,49,Premium,3,629,16.1,9,3,2,29,6,Credit Card,0,0,1,No,8.1,7.5,3,0
NET11925,22,Standard,6,399,17.0,11,1,3,61,2,Credit Card,0,0,1,Yes,6.7,3.3,8,0
NET11926,15,Standard,12,399,22.6,11,6,5,37,5,Debit Card,0,0,0,No,9.2,10.0,16,0
NET11927,28,Premium,15,649,23.0,13,2,4,80,2,Credit Card,0,0,0,Yes,6.7,8.0,17,0
NET11928,40,Premium+,14,899,4.3,2,5,3,48,1,Credit Card,0,0,1,No,5.5,6.3,16,0
NET11929,48,Premium+,27,919,22.4,11,6,5,20,6,Net Banking,0,0,0,Yes,10.0,4.9,30,0
NET11930,19,Standard,3,399,31.8,19,0,1,28,2,Debit Card,0,1,1,No,6.1,5.3,3,0
NET11931,35,Premium+,14,899,42.5,19,0,4,33,2,Credit Card,0,1,2,No,6.3,5.6,18,0
NET11932,26,Basic,1,199,10.4,5,4,2,38,6,Credit Card,0,0,0,No,5.2,6.0,4,0
NET11933,30,Standard,11,379,33.4,17,1,4,49,5,Credit Card,2,0,0,No,7.4,7.4,13,0
NET11934,54,Basic,12,179,28.1,14,0,4,32,5,UPI,0,0,0,No,7.6,9.6,15,0
NET11935,17,Standard,3,379,29.4,18,0,3,57,0,UPI,0,1,1,No,5.2,10.0,6,0
NET11936,33,Premium,6,649,26.0,16,7,5,46,6,Credit Card,0,0,0,No,6.9,9.6,8,0
NET11937,35,Premium,24,629,31.8,14,14,3,66,6,UPI,0,0,1,Yes,6.3,7.8,28,0
NET11938,40,Premium,2,649,14.8,9,16,3,31,5,Debit Card,0,0,0,No,5.6,8.3,3,0
NET11939,31,Premium,7,669,21.5,15,16,3,63,5,UPI,0,0,0,No,4.7,5.4,10,0
NET11940,33,Standard,37,419,9.9,5,6,2,60,3,Credit Card,0,0,0,Yes,10.0,5.3,37,0
NET11941,27,Premium,9,699,55.9,27,15,1,37,5,Credit Card,0,0,0,Yes,6.8,8.3,11,0
NET11942,33,Standard,18,399,8.3,5,0,1,96,2,UPI,1,0,1,No,3.4,6.8,19,1
NET11943,27,Premium,24,629,27.3,15,5,4,61,4,UPI,0,1,1,Yes,4.4,8.1,27,0
NET11944,36,Premium,3,629,21.4,13,8,1,32,2,UPI,0,0,0,No,4.4,8.1,5,0
NET11945,27,Premium,3,649,6.4,4,17,4,35,2,UPI,0,0,0,No,8.4,7.7,5,1
NET11946,34,Standard,19,399,35.2,24,2,3,18,4,Debit Card,0,0,0,No,5.9,7.6,22,0
NET11947,30,Premium,19,699,18.4,9,5,4,25,6,Credit Card,0,1,1,Yes,6.9,3.2,24,0
NET11948,41,Standard,1,399,5.6,2,3,3,51,5,UPI,1,0,0,Yes,7.6,7.4,6,0
NET11949,30,Standard,5,399,13.1,10,4,3,37,2,UPI,0,0,0,Yes,3.2,6.7,5,0
NET11950,15,Premium,7,629,23.2,11,4,4,27,5,Debit Card,0,0,0,No,7.9,7.1,9,0
NET11951,42,Standard,24,399,12.2,6,11,2,63,7,Debit Card,0,0,0,No,6.4,4.0,26,0
NET11952,22,Premium,7,649,17.4,9,10,4,11,5,Debit Card,0,1,1,Yes,6.0,5.4,10,0
NET11953,25,Standard,36,399,24.6,14,3,2,44,3,Net Banking,0,0,0,Yes,5.4,5.2,37,0
NET11954,25,Standard,79,399,22.7,14,1,1,41,0,UPI,1,0,0,No,5.4,10.0,81,0
NET11955,43,Premium,21,669,42.6,25,11,2,30,5,Credit Card,0,0,0,No,3.7,8.2,23,0
NET11956,15,Standard,15,399,14.6,7,18,4,60,2,Debit Card,0,0,0,No,7.4,8.4,18,0
NET11957,59,Standard,6,449,29.6,13,0,4,39,5,Net Banking,0,1,1,No,5.4,8.2,11,0
NET11958,40,Standard,1,399,14.2,9,4,3,66,5,Wallet,0,0,0,No,4.9,9.4,3,1
NET11959,33,Standard,11,399,50.3,23,8,2,56,3,Wallet,0,0,1,No,6.9,8.6,14,0
NET11960,30,Premium,6,669,59.1,39,25,6,23,4,Wallet,0,0,2,No,5.8,5.0,6,0
NET11961,33,Basic,6,219,16.1,7,4,2,61,4,UPI,0,0,1,No,7.4,7.5,9,0
NET11962,35,Premium,16,649,18.2,9,7,2,55,1,Debit Card,0,2,3,Yes,7.5,8.1,21,0
NET11963,36,Premium,8,649,26.2,13,16,3,62,5,UPI,1,2,2,Yes,10.0,4.5,9,0
NET11964,36,Basic,19,219,34.8,16,2,3,42,2,UPI,0,0,0,No,5.4,10.0,21,0
NET11965,31,Premium,7,649,17.0,12,12,2,28,6,UPI,0,0,0,No,7.5,3.5,7,1
NET11966,29,Premium,2,649,50.5,25,1,3,43,8,UPI,2,0,0,No,7.4,8.6,4,0
NET11967,29,Basic,8,199,5.8,2,7,3,39,2,Net Banking,0,0,0,Yes,8.3,6.6,10,0
NET11968,29,Standard,42,419,31.9,18,18,4,51,3,Credit Card,0,0,0,Yes,1.3,7.1,47,0
NET11969,41,Standard,22,379,16.2,9,6,4,86,2,UPI,0,1,1,No,4.9,5.4,25,0
NET11970,36,Premium,3,649,20.1,14,2,2,19,6,Credit Card,0,0,0,No,7.0,7.8,5,0
NET11971,15,Premium,6,699,21.7,13,0,2,42,4,Credit Card,0,0,2,No,5.2,8.7,11,0
NET11972,36,Standard,36,449,57.6,31,1,2,41,5,Net Banking,1,0,0,No,8.0,5.4,36,0
NET11973,32,Premium,1,649,48.9,34,7,2,28,8,UPI,0,0,1,Yes,7.0,6.6,6,1
NET11974,30,Premium,4,629,38.8,24,27,3,74,3,Credit Card,0,1,1,Yes,4.4,6.7,9,1
NET11975,27,Premium,4,649,85.6,53,3,6,35,4,UPI,1,2,4,Yes,7.5,7.5,9,0
NET11976,41,Premium,11,649,15.3,7,9,1,38,3,Credit Card,0,1,2,Yes,6.4,5.5,15,0
NET11977,39,Standard,7,399,9.0,5,0,1,30,3,Credit Card,0,0,0,No,6.6,6.1,12,0
NET11978,24,Premium,1,649,18.6,10,7,3,27,10,UPI,0,1,1,No,6.3,7.4,3,0
NET11979,34,Premium,13,669,25.4,16,10,4,11,1,Credit Card,0,0,0,Yes,7.0,3.7,18,0
NET11980,22,Premium,1,699,50.1,31,2,3,51,2,Debit Card,0,2,2,No,7.9,6.5,4,0
NET11981,18,Standard,13,449,9.0,5,48,3,30,1,UPI,0,0,0,Yes,7.7,4.8,14,1
NET11982,25,Basic,9,199,10.8,5,0,6,59,6,Debit Card,1,0,1,No,8.6,4.2,11,0
NET11983,38,Standard,9,399,8.1,5,2,4,5,6,Credit Card,1,0,0,Yes,9.8,5.2,14,1
NET11984,39,Standard,1,419,42.9,26,1,3,49,3,Credit Card,0,0,0,Yes,6.6,9.7,6,1
NET11985,35,Premium,14,649,8.9,4,21,4,34,4,UPI,0,0,0,No,5.7,7.4,17,1
NET11986,37,Standard,7,379,15.1,7,6,1,29,8,Debit Card,0,0,0,No,7.4,5.7,9,1
NET11987,35,Premium,7,669,21.4,12,3,3,79,6,Debit Card,0,0,0,No,10.0,8.4,11,0
NET11988,25,Premium,12,669,33.3,23,21,2,13,2,Debit Card,1,1,1,Yes,5.6,6.4,16,0
NET11989,34,Premium,13,649,13.3,6,0,3,39,4,Debit Card,0,0,0,Yes,5.8,5.1,13,0
NET11990,38,Basic,1,199,14.0,8,1,2,50,0,Credit Card,1,1,2,Yes,6.6,9.3,5,0
NET11991,37,Premium+,1,879,58.9,29,3,3,42,4,UPI,0,0,0,No,7.0,5.0,4,0
NET11992,41,Premium,3,669,24.0,17,0,5,45,1,Debit Card,0,1,2,Yes,6.4,8.3,7,0
NET11993,37,Premium,15,669,17.8,8,34,1,40,8,UPI,0,0,0,No,7.9,6.6,18,0
NET11994,34,Standard,12,399,21.6,15,5,3,26,7,UPI,0,0,0,No,9.4,4.1,14,0
NET11995,40,Standard,19,449,66.0,30,0,4,20,7,Net Banking,1,1,1,No,3.2,8.7,19,0
NET11996,30,Basic,18,249,5.4,2,1,3,5,2,UPI,0,0,0,Yes,9.9,8.2,23,0
NET11997,23,Standard,26,399,3.5,2,3,4,56,4,Credit Card,0,0,1,No,10.0,5.3,31,0
NET11998,29,Basic,6,199,13.9,9,7,2,37,3,UPI,0,1,1,No,4.1,8.1,11,0
NET11999,24,Standard,5,419,31.0,15,2,3,35,5,Debit Card,1,1,1,No,6.0,6.5,5,1
NET12000,24,Premium,24,629,20.7,14,2,3,43,3,UPI,0,1,1,Yes,7.4,10.0,29,0
NET12001,29,Standard,3,449,16.9,8,5,4,38,3,Net Banking,0,0,0,No,8.0,6.8,7,1
NET12002,23,Standard,8,399,52.1,39,0,5,44,4,Debit Card,0,0,0,No,5.9,7.4,13,0
NET12003,28,Premium,3,669,26.5,14,7,2,62,3,UPI,0,0,1,No,7.6,7.1,8,0
NET12004,15,Basic,34,199,14.7,9,4,3,7,7,Credit Card,0,0,0,Yes,8.3,7.3,35,0
NET12005,32,Premium,7,669,45.3,22,3,4,77,2,Net Banking,1,1,1,No,6.7,7.6,11,0
NET12006,31,Basic,3,219,12.3,7,2,3,41,5,Debit Card,0,0,0,No,6.6,8.0,8,0
NET12007,23,Basic,16,199,10.2,6,1,3,62,3,Credit Card,0,2,2,No,9.3,8.9,17,1
NET12008,36,Basic,3,199,19.9,13,1,3,59,3,UPI,0,0,0,No,2.5,7.8,7,0
NET12009,39,Premium,40,629,18.2,9,4,4,59,3,UPI,0,0,1,Yes,7.1,6.8,43,0
NET12010,16,Standard,6,379,10.4,6,1,2,83,3,UPI,0,0,0,Yes,3.8,6.0,9,1
NET12011,24,Premium,15,649,11.1,8,5,5,44,1,UPI,0,0,0,Yes,10.0,5.0,20,0
NET12012,24,Standard,5,399,30.7,15,6,5,73,2,UPI,1,0,1,No,4.4,5.9,10,0
NET12013,22,Basic,23,219,48.0,33,3,2,37,1,Debit Card,0,0,1,No,7.0,3.0,24,0
NET12014,38,Premium,31,649,8.2,4,0,5,39,5,Credit Card,0,0,1,No,6.6,10.0,31,0
NET12015,29,Basic,21,219,11.9,6,16,4,32,3,UPI,1,1,1,Yes,9.3,5.3,22,0
NET12016,28,Premium,26,649,37.4,23,10,4,59,5,UPI,0,0,1,No,4.7,7.7,28,0
NET12017,15,Basic,1,219,17.5,11,18,4,36,4,Net Banking,1,0,0,Yes,7.7,10.0,1,0
NET12018,36,Standard,36,399,27.6,17,2,2,23,2,UPI,1,0,1,No,8.1,5.8,37,0
NET12019,19,Premium,13,649,32.2,19,0,1,75,2,Net Banking,0,1,1,No,6.7,8.5,15,0
NET12020,31,Premium+,28,949,36.3,16,3,2,48,5,Credit Card,0,2,2,Yes,8.7,7.3,30,0
NET12021,33,Standard,16,449,43.3,22,3,2,49,4,Debit Card,0,1,1,No,6.8,6.7,21,0
NET12022,43,Premium,3,669,16.2,7,7,4,34,5,Wallet,0,0,1,Yes,9.7,9.7,7,0
NET12023,19,Basic,13,199,6.0,4,7,2,43,3,Net Banking,0,2,2,No,9.4,7.6,18,0
NET12024,15,Premium,1,669,39.0,29,3,3,39,1,Credit Card,0,0,1,No,5.2,7.0,2,0
NET12025,32,Premium,16,649,14.6,10,22,1,55,5,Wallet,0,0,0,No,3.4,8.5,19,1
NET12026,47,Basic,7,179,3.8,1,0,5,59,1,Net Banking,0,0,0,No,8.1,8.0,12,0
NET12027,42,Standard,2,399,63.6,31,3,6,39,6,Wallet,0,1,1,Yes,5.7,6.4,6,1
NET12028,32,Basic,54,199,10.3,6,8,2,25,7,UPI,0,0,0,Yes,6.0,2.5,59,0
NET12029,26,Standard,32,419,49.2,29,4,1,91,4,UPI,0,0,0,No,8.8,6.6,37,0
NET12030,38,Basic,31,179,3.9,2,8,3,74,1,Credit Card,1,0,0,Yes,8.3,6.0,31,0
NET12031,22,Premium,21,669,36.5,16,8,2,5,5,Debit Card,1,0,0,Yes,8.9,5.7,24,0
NET12032,35,Premium+,16,949,24.6,16,1,3,37,5,Debit Card,0,0,0,No,5.5,5.0,18,0
NET12033,35,Basic,14,249,18.0,9,4,3,33,4,Credit Card,0,2,2,Yes,6.0,3.6,14,0
NET12034,40,Standard,1,399,13.1,9,3,4,49,5,Debit Card,0,0,0,Yes,10.0,5.6,5,0
NET12035,55,Standard,32,399,25.0,16,4,3,60,1,Debit Card,0,1,1,No,4.9,7.9,37,0
NET12036,34,Premium+,29,879,57.4,31,1,2,72,6,Credit Card,2,1,1,Yes,6.5,6.6,31,0
NET12037,26,Standard,19,449,18.4,10,2,3,13,4,Credit Card,0,0,0,No,9.4,8.4,24,0
NET12038,30,Standard,36,399,23.6,13,4,2,64,8,Wallet,1,0,0,Yes,5.9,6.2,38,0
NET12039,15,Standard,11,449,9.7,6,6,2,41,2,Credit Card,0,0,1,No,4.9,9.6,13,0
NET12040,24,Standard,8,399,18.7,9,3,2,70,6,Credit Card,0,0,1,No,5.5,6.3,11,0
NET12041,27,Basic,48,219,14.8,7,6,5,51,1,UPI,0,0,0,No,4.4,4.4,52,1
NET12042,26,Standard,8,379,51.1,26,5,3,50,3,Credit Card,2,0,0,No,7.2,7.7,12,0
NET12043,32,Basic,14,249,7.7,5,10,2,36,6,Debit Card,0,0,0,No,9.3,7.6,19,0
NET12044,23,Standard,6,399,10.6,7,3,3,78,2,Credit Card,0,0,0,Yes,7.5,10.0,9,0
NET12045,41,Standard,14,399,21.4,10,12,2,31,4,Net Banking,0,0,0,Yes,7.5,7.5,18,0
NET12046,31,Standard,17,399,18.0,10,0,1,44,3,UPI,0,1,3,No,7.6,8.0,19,0
NET12047,30,Basic,13,179,9.4,5,13,5,63,6,UPI,0,0,0,No,10.0,6.9,15,0
NET12048,28,Premium+,10,899,64.5,30,5,5,41,6,Credit Card,0,1,1,No,8.2,6.1,15,0
NET12049,32,Premium,4,649,12.9,8,3,2,62,4,Debit Card,0,0,1,No,8.3,5.7,6,0
NET12050,38,Basic,14,249,4.6,2,17,3,5,5,Net Banking,0,1,1,Yes,5.6,5.9,18,1
NET12051,23,Standard,33,379,11.7,6,11,2,35,4,UPI,0,1,1,No,4.1,7.0,34,0
NET12052,25,Premium,1,669,43.5,23,0,1,54,3,UPI,0,1,1,No,6.1,8.4,1,0
NET12053,28,Basic,2,219,20.2,12,6,4,28,2,UPI,0,1,2,No,9.5,6.1,3,0
NET12054,18,Standard,1,399,21.3,10,14,4,69,4,UPI,1,0,0,No,4.9,4.8,4,0
NET12055,23,Standard,35,399,6.9,4,1,3,48,4,Net Banking,0,1,2,No,7.1,7.0,36,0
NET12056,26,Premium+,15,879,25.8,17,15,2,41,5,Net Banking,1,0,0,No,5.4,6.4,20,0
NET12057,38,Premium,42,649,28.0,18,1,4,50,5,Wallet,0,0,1,Yes,6.3,6.7,43,0
NET12058,33,Standard,12,379,13.4,8,5,5,27,4,Credit Card,0,0,0,No,6.9,6.9,17,0
NET12059,32,Standard,8,379,29.5,17,2,3,61,5,Credit Card,0,0,0,No,10.0,6.0,11,0
NET12060,38,Premium+,22,949,7.2,5,4,3,26,5,Credit Card,0,1,1,Yes,7.1,5.6,23,1
NET12061,29,Premium+,2,899,52.3,39,1,4,66,3,Credit Card,1,0,2,No,6.8,5.2,2,1
NET12062,34,Premium+,6,949,28.3,15,3,4,53,2,Credit Card,0,0,0,Yes,10.0,5.1,10,0
NET12063,30,Basic,8,199,32.2,18,4,4,54,4,UPI,0,1,1,Yes,10.0,6.8,11,0
NET12064,33,Basic,4,199,32.9,20,4,3,24,6,Net Banking,0,2,2,Yes,4.7,10.0,5,0
NET12065,25,Premium,6,669,71.1,48,9,3,5,3,Debit Card,0,0,0,Yes,6.7,6.3,8,0
NET12066,15,Standard,1,449,21.4,15,11,1,30,2,Credit Card,0,0,0,No,7.1,7.3,3,0
NET12067,29,Basic,3,249,32.0,15,0,1,21,5,Credit Card,0,0,0,No,7.7,8.8,6,0
NET12068,43,Basic,5,249,18.5,10,19,2,22,5,Debit Card,1,1,1,No,8.1,9.5,7,0
NET12069,39,Premium,22,669,6.9,3,5,1,43,10,UPI,0,1,1,No,7.8,9.9,22,0
NET12070,39,Premium,2,699,15.9,9,5,1,74,6,Debit Card,0,0,1,No,6.1,7.2,3,0
NET12071,42,Standard,5,449,37.3,20,1,6,79,4,Net Banking,0,0,0,Yes,8.1,8.0,5,0
NET12072,31,Premium,1,699,13.5,7,2,1,10,4,Credit Card,1,0,1,No,6.5,9.2,1,0
NET12073,32,Standard,11,449,26.2,18,0,4,47,5,Wallet,1,1,1,No,8.7,5.3,15,0
NET12074,25,Premium,13,649,30.4,17,10,1,77,8,UPI,1,1,1,No,5.1,5.7,14,0
NET12075,28,Standard,28,399,12.6,7,3,3,37,3,UPI,1,0,0,No,9.3,5.9,31,0
NET12076,36,Basic,23,199,66.1,37,0,3,57,1,Credit Card,1,0,0,Yes,7.0,4.0,25,0
NET12077,41,Standard,4,449,54.1,34,3,3,65,3,Debit Card,0,0,0,Yes,7.9,7.3,8,0
NET12078,29,Standard,2,379,16.2,10,2,3,17,1,UPI,0,0,0,No,8.0,5.5,2,0
NET12079,26,Standard,2,379,8.3,4,7,2,27,7,UPI,0,1,1,No,7.9,6.4,4,0
NET12080,31,Basic,48,219,1.8,0,1,6,36,3,Credit Card,0,0,1,No,10.0,6.2,49,0
NET12081,36,Premium+,15,899,27.9,15,16,4,67,5,Wallet,0,0,2,Yes,6.1,8.3,15,0
NET12082,18,Basic,1,219,20.2,11,9,2,62,5,UPI,1,0,0,No,9.1,5.8,1,0
NET12083,15,Basic,2,219,8.1,5,2,5,30,3,UPI,1,0,0,Yes,10.0,8.5,3,0
NET12084,26,Standard,9,379,21.8,10,1,6,66,7,Net Banking,0,0,0,Yes,6.8,7.8,12,0
NET12085,20,Standard,3,399,19.7,10,8,4,64,5,Wallet,0,0,0,Yes,9.3,5.8,7,0
NET12086,26,Standard,22,399,28.2,12,0,1,49,2,Net Banking,0,1,1,No,9.0,8.5,23,0
NET12087,29,Premium,11,649,33.7,23,0,2,62,4,Debit Card,1,0,1,No,7.9,8.7,13,0
NET12088,26,Standard,13,419,19.6,11,6,3,64,3,Net Banking,1,0,1,No,7.5,7.9,15,0
NET12089,44,Premium,8,699,18.0,11,1,2,36,6,Net Banking,0,0,0,No,10.0,6.4,8,0
NET12090,33,Premium,4,669,52.5,32,6,1,31,6,Net Banking,0,0,2,Yes,7.2,5.1,9,0
NET12091,33,Basic,12,199,21.6,16,2,3,52,3,Wallet,0,0,1,No,9.7,5.7,16,0
NET12092,36,Standard,17,379,32.4,18,0,2,57,3,Wallet,0,0,0,Yes,8.1,8.2,20,0
NET12093,20,Premium,6,649,12.5,6,5,2,65,8,UPI,0,0,1,Yes,10.0,9.8,9,0
NET12094,40,Basic,9,199,16.0,11,6,2,68,2,Credit Card,0,0,0,No,5.4,5.7,14,0
NET12095,30,Standard,25,449,27.8,13,4,6,63,3,UPI,0,0,0,No,10.0,7.8,27,0
NET12096,37,Premium+,2,949,22.1,14,2,2,56,3,Credit Card,1,0,0,No,6.0,8.5,5,0
NET12097,21,Standard,11,419,3.2,2,14,3,16,8,Net Banking,1,0,1,No,4.3,5.1,13,0
NET12098,17,Standard,5,399,24.3,16,6,2,32,2,UPI,1,1,2,Yes,6.5,6.7,9,0
NET12099,38,Premium+,16,879,28.6,17,4,1,41,3,Credit Card,0,0,0,No,7.4,6.2,21,0
NET12100,34,Basic,1,199,12.9,9,3,4,36,3,Debit Card,0,0,1,No,9.2,8.4,1,0
NET12101,22,Basic,15,219,6.3,3,11,2,63,2,Credit Card,0,1,1,Yes,9.6,10.0,17,0
NET12102,23,Premium,1,649,18.9,9,19,3,16,5,Wallet,0,1,1,No,6.5,7.3,5,0
NET12103,41,Premium,1,629,59.4,34,4,4,60,3,Credit Card,0,1,1,No,6.2,8.4,6,0
NET12104,20,Standard,18,399,27.6,15,0,4,19,3,Credit Card,0,1,1,Yes,5.9,5.3,20,0
NET12105,45,Standard,14,379,40.4,24,4,4,30,2,UPI,0,0,0,Yes,6.4,6.0,15,0
NET12106,22,Premium,31,649,47.6,24,6,5,34,7,UPI,0,0,0,No,10.0,10.0,33,0
NET12107,36,Premium,10,649,9.0,4,10,4,23,5,Debit Card,0,0,0,No,7.0,9.5,14,0
NET12108,28,Standard,10,419,25.4,14,2,3,34,6,Debit Card,0,1,1,Yes,4.0,4.3,13,0
NET12109,36,Basic,17,199,16.8,9,6,2,26,3,Credit Card,0,1,1,No,5.7,8.9,19,0
NET12110,26,Standard,5,399,60.7,34,0,3,24,6,UPI,0,0,0,No,4.5,7.5,5,0
NET12111,29,Premium,1,669,30.7,14,2,6,66,5,UPI,1,0,0,No,10.0,5.4,5,0
NET12112,31,Premium,3,669,28.6,15,2,3,34,3,Debit Card,1,0,1,No,7.2,9.8,6,0
NET12113,21,Premium+,3,949,17.0,8,0,3,44,4,UPI,0,1,1,Yes,8.1,5.0,7,0
NET12114,37,Premium,5,699,30.6,16,7,2,39,4,UPI,0,1,1,No,3.5,10.0,7,0
NET12115,26,Standard,40,419,25.1,13,2,1,35,3,Net Banking,0,2,2,No,7.7,7.1,41,0
NET12116,28,Standard,22,399,11.5,6,1,5,45,1,Wallet,2,1,1,Yes,5.6,5.9,23,1
NET12117,22,Premium,38,629,41.5,24,0,2,42,3,Credit Card,0,1,1,No,8.1,7.6,38,0
NET12118,15,Premium,92,669,39.3,27,14,3,5,6,Net Banking,1,0,1,No,8.6,6.8,97,0
NET12119,29,Standard,7,449,46.3,27,0,1,76,1,Debit Card,0,2,2,No,8.6,7.0,12,0
NET12120,52,Basic,3,199,10.5,5,12,6,35,5,Debit Card,0,1,1,Yes,5.0,3.6,3,0
NET12121,38,Premium+,11,919,30.3,16,4,2,68,7,UPI,1,0,0,Yes,9.5,8.9,14,0
NET12122,30,Standard,29,419,36.1,16,0,1,30,4,Debit Card,1,0,1,No,8.1,7.1,30,0
NET12123,28,Standard,8,449,12.6,8,19,6,23,2,UPI,1,0,1,No,6.3,6.0,10,0
NET12124,31,Premium,9,699,43.2,25,4,3,50,3,Debit Card,1,0,1,No,7.7,8.5,13,0
NET12125,35,Premium,2,649,44.9,22,2,4,47,4,Credit Card,1,0,0,Yes,7.3,6.1,6,0
NET12126,20,Basic,7,249,14.8,10,1,3,55,1,Net Banking,0,1,2,No,8.4,7.5,8,0
NET12127,41,Premium,6,699,28.0,20,2,5,47,3,Credit Card,0,0,0,No,7.0,8.3,7,0
NET12128,37,Standard,6,449,20.9,10,1,6,37,4,Net Banking,1,0,2,No,7.8,8.3,10,0
NET12129,37,Basic,30,199,18.2,9,1,3,34,2,Credit Card,3,1,1,No,6.6,6.5,33,0
NET12130,34,Standard,1,419,21.7,12,2,3,42,5,Wallet,0,1,2,No,8.4,7.1,5,0
NET12131,31,Premium,50,669,15.2,11,4,1,83,3,UPI,0,0,0,No,7.0,9.2,50,0
NET12132,37,Premium+,1,949,20.2,10,7,5,19,2,UPI,0,0,0,Yes,7.3,10.0,3,0
NET12133,36,Premium,40,649,26.5,13,2,3,21,8,Debit Card,0,1,1,No,8.3,6.3,41,0
NET12134,27,Premium+,11,949,37.8,24,0,1,61,4,Debit Card,0,1,2,Yes,8.5,6.9,16,0
NET12135,25,Basic,16,199,14.1,10,0,3,34,3,UPI,0,0,0,No,3.5,6.2,17,0
NET12136,31,Basic,2,219,24.2,13,2,1,33,8,Wallet,0,1,1,No,3.6,5.7,5,1
NET12137,44,Standard,14,399,23.5,13,9,6,41,5,Debit Card,0,0,0,No,7.4,7.5,14,0
NET12138,19,Standard,29,399,57.9,36,2,2,44,9,UPI,0,0,0,Yes,6.1,5.9,33,0
NET12139,17,Premium,2,629,28.3,15,1,3,23,3,Credit Card,0,1,1,Yes,7.4,7.4,2,0
NET12140,32,Premium,1,649,42.8,23,14,2,45,2,UPI,0,1,2,No,6.9,8.3,1,0
NET12141,31,Premium+,5,899,30.4,14,6,2,43,1,Credit Card,1,0,0,No,6.1,9.5,8,0
NET12142,32,Standard,2,399,20.0,10,22,6,51,2,UPI,0,0,0,No,8.1,8.8,5,1
NET12143,33,Standard,1,419,12.2,6,4,3,58,2,Net Banking,1,0,0,No,3.8,10.0,6,0
NET12144,28,Standard,15,449,29.7,20,4,3,24,3,UPI,0,0,0,No,6.8,9.6,19,0
NET12145,44,Basic,3,179,4.0,2,21,2,30,6,Credit Card,0,0,1,No,4.7,8.5,8,1
NET12146,16,Standard,15,399,6.4,4,5,4,74,3,Debit Card,1,0,0,No,8.5,6.0,19,0
NET12147,23,Standard,27,399,17.5,11,4,2,16,3,Credit Card,0,0,1,Yes,8.0,7.7,29,0
NET12148,30,Standard,14,399,33.6,19,1,5,53,3,UPI,0,0,0,No,4.3,8.9,14,1
NET12149,16,Standard,1,449,25.9,16,2,5,39,6,Net Banking,1,0,0,No,6.2,7.5,5,0
NET12150,29,Basic,11,249,38.8,25,4,1,6,5,UPI,1,0,0,No,4.8,4.3,14,0
NET12151,45,Standard,7,419,11.4,5,4,2,39,2,Wallet,0,0,0,No,8.1,5.2,9,0
NET12152,31,Standard,5,399,14.2,10,3,2,37,5,UPI,0,0,0,Yes,6.6,4.9,10,0
NET12153,33,Basic,5,199,6.2,3,7,3,10,5,Credit Card,0,0,0,No,5.9,8.6,7,0
NET12154,19,Standard,37,379,25.7,12,1,2,24,5,Credit Card,1,0,0,No,5.4,9.1,40,0
NET12155,25,Standard,18,419,18.6,9,12,3,49,3,Credit Card,0,0,1,No,5.2,6.8,22,0
NET12156,27,Standard,2,399,14.8,10,8,2,37,9,UPI,0,1,2,No,6.8,6.8,5,0
NET12157,28,Basic,9,249,10.3,5,10,3,62,5,Debit Card,1,0,0,Yes,6.1,6.3,13,0
NET12158,42,Standard,5,399,6.0,3,0,3,95,1,UPI,0,1,1,No,4.6,5.7,8,0
NET12159,36,Premium,53,699,47.2,25,9,3,39,8,Debit Card,0,0,1,Yes,5.9,6.2,56,0
NET12160,20,Premium,53,649,31.8,19,8,2,30,6,UPI,0,0,1,Yes,8.2,6.4,54,0
NET12161,33,Premium,5,629,36.4,24,0,2,50,4,Net Banking,1,0,1,Yes,3.5,8.2,9,0
NET12162,35,Standard,6,419,66.8,50,0,2,40,6,UPI,0,0,0,No,9.3,7.7,6,0
NET12163,41,Standard,12,449,53.6,27,2,4,42,4,Credit Card,1,0,0,Yes,7.2,6.2,13,0
NET12164,45,Premium,9,629,40.7,24,1,1,59,1,Net Banking,0,1,1,No,7.0,7.3,10,0
NET12165,21,Standard,3,399,24.6,16,1,2,62,2,UPI,0,0,1,No,10.0,4.6,4,0
NET12166,23,Premium,15,629,26.6,14,1,3,62,5,UPI,0,0,1,No,5.0,7.5,16,0
NET12167,19,Standard,5,379,33.2,16,8,2,32,3,UPI,1,1,1,No,6.8,4.9,5,0
NET12168,28,Standard,14,379,15.3,8,14,4,53,3,UPI,0,1,2,No,6.4,5.2,15,1
NET12169,35,Premium,6,699,26.9,13,2,6,5,6,Credit Card,0,0,1,No,4.7,10.0,11,0
NET12170,39,Basic,16,199,19.8,12,2,2,64,6,Credit Card,2,0,0,No,10.0,6.9,16,0
NET12171,30,Standard,15,419,8.0,4,2,5,22,4,Wallet,0,0,1,No,9.7,9.4,20,0
NET12172,28,Basic,9,179,7.8,4,4,3,54,3,UPI,0,0,0,No,6.8,7.0,9,0
NET12173,32,Standard,17,449,9.1,6,0,2,58,4,UPI,0,0,0,Yes,9.0,7.1,22,0
NET12174,23,Basic,8,249,13.3,6,5,1,42,4,UPI,0,0,2,No,8.5,7.2,9,0
NET12175,49,Standard,1,419,32.7,16,15,2,55,5,Net Banking,0,0,0,No,6.1,6.5,3,0
NET12176,16,Premium,2,649,25.6,13,4,3,49,2,Wallet,0,0,0,Yes,7.4,9.7,2,0
NET12177,32,Premium,3,649,14.5,8,3,2,41,3,UPI,0,1,1,Yes,6.7,7.3,4,0
NET12178,49,Standard,1,399,7.8,4,0,5,44,5,Debit Card,0,1,1,Yes,8.2,8.7,4,1
NET12179,31,Premium+,17,879,38.0,22,4,1,49,3,UPI,1,0,0,Yes,7.9,4.4,20,0
NET12180,29,Standard,6,399,22.1,16,0,5,34,4,Credit Card,0,2,2,No,8.9,7.7,10,0
NET12181,27,Standard,1,399,49.8,38,3,3,29,3,Wallet,0,0,1,No,7.2,6.1,1,0
NET12182,29,Premium,24,629,15.8,10,2,2,24,7,Debit Card,0,0,0,No,3.6,7.0,24,0
NET12183,43,Premium,16,649,34.8,16,1,3,41,6,Net Banking,0,0,0,No,7.9,7.9,21,0
NET12184,15,Premium,8,699,68.4,36,5,4,73,4,UPI,0,0,1,Yes,9.3,4.3,11,0
NET12185,44,Basic,3,179,28.5,17,9,2,29,6,UPI,1,0,0,No,8.4,7.0,3,0
NET12186,18,Standard,2,399,4.8,2,0,4,71,1,Credit Card,0,1,1,Yes,7.1,9.1,2,0
NET12187,28,Premium,8,669,28.1,20,2,6,46,4,Credit Card,0,0,0,No,10.0,7.0,11,0
NET12188,27,Standard,30,399,21.8,15,7,1,23,4,UPI,1,0,0,No,3.9,5.9,31,0
NET12189,36,Premium,2,629,58.5,42,10,4,20,5,Credit Card,0,0,0,Yes,9.0,5.6,7,0
NET12190,16,Standard,11,449,14.9,7,4,5,73,3,UPI,0,0,1,Yes,6.8,6.3,14,0
NET12191,35,Premium,45,629,69.3,31,3,5,56,4,Credit Card,2,0,0,No,5.7,4.8,47,0
NET12192,49,Standard,14,399,20.3,13,2,3,28,4,Net Banking,0,0,0,No,9.1,4.5,17,0
NET12193,18,Standard,8,399,24.1,13,0,2,23,3,Credit Card,1,0,0,Yes,9.2,9.4,13,0
NET12194,32,Basic,17,199,31.8,22,17,6,52,3,UPI,0,0,1,No,7.9,8.9,20,0
NET12195,25,Premium,24,699,23.0,10,3,2,34,2,Net Banking,0,0,0,No,10.0,2.9,29,0
NET12196,34,Premium,12,649,46.4,32,0,1,24,5,UPI,0,1,1,No,9.6,6.4,13,1
NET12197,31,Basic,28,249,6.3,3,7,6,55,4,Debit Card,0,1,1,Yes,7.0,4.6,31,0
NET12198,25,Premium,10,629,50.7,27,1,3,44,1,Credit Card,1,2,2,No,2.6,10.0,13,0
NET12199,35,Standard,24,379,10.5,6,0,3,23,2,Credit Card,0,0,0,No,10.0,9.6,25,0
NET12200,47,Basic,42,199,9.8,7,11,3,38,3,Credit Card,0,1,1,No,4.4,9.2,45,0
NET12201,29,Standard,9,419,9.2,4,1,3,63,3,Debit Card,0,0,0,Yes,8.0,6.0,10,0
NET12202,37,Basic,13,199,34.1,16,4,5,22,4,Net Banking,0,0,0,No,5.2,5.4,15,0
NET12203,19,Standard,13,399,28.5,20,5,3,55,3,Wallet,0,1,2,No,8.6,5.5,14,0
NET12204,22,Standard,21,399,25.3,12,17,3,36,8,UPI,0,2,2,No,10.0,10.0,21,0
NET12205,35,Premium,24,629,12.7,6,3,6,44,4,Credit Card,0,0,0,No,6.9,6.1,24,0
NET12206,44,Premium,1,649,32.1,22,4,3,39,3,UPI,2,1,2,No,6.1,8.7,6,1
NET12207,34,Premium,18,649,30.0,13,2,2,50,9,UPI,0,0,0,No,6.7,6.8,19,0
NET12208,28,Basic,21,179,5.2,3,3,5,28,5,Wallet,0,1,2,No,7.1,10.0,24,1
NET12209,30,Premium+,16,879,16.4,10,0,2,60,7,Debit Card,0,0,0,No,9.0,7.8,20,0
NET12210,19,Premium,17,649,16.2,8,11,4,35,6,Debit Card,0,0,0,Yes,5.9,5.2,21,1
NET12211,36,Basic,1,199,11.0,5,0,4,61,5,Net Banking,1,0,1,No,5.8,9.1,3,0
NET12212,38,Premium,8,629,46.7,27,1,4,49,5,UPI,1,1,1,No,5.8,5.2,10,0
NET12213,26,Basic,23,199,4.7,2,7,4,53,4,UPI,1,0,1,No,8.5,8.1,27,0
NET12214,26,Standard,38,399,56.8,30,6,6,32,4,Wallet,0,0,0,Yes,4.6,6.1,42,0
NET12215,33,Standard,3,379,50.8,25,8,2,28,2,Net Banking,1,0,0,Yes,10.0,6.6,4,0
NET12216,27,Standard,12,379,13.5,7,4,5,30,2,Wallet,1,0,2,Yes,2.9,8.2,16,0
NET12217,30,Premium,22,649,32.9,22,15,3,34,6,UPI,0,0,0,No,9.4,6.7,22,0
NET12218,49,Standard,19,399,25.1,13,17,2,55,5,Credit Card,0,0,0,Yes,4.7,6.9,21,0
NET12219,28,Basic,13,199,17.1,11,8,2,44,3,UPI,0,0,0,Yes,6.2,10.0,18,0
NET12220,27,Premium+,1,899,30.7,18,2,5,68,3,Wallet,0,0,1,No,9.2,6.5,3,0
NET12221,25,Premium+,18,879,50.1,24,0,2,16,6,Credit Card,0,0,0,Yes,9.4,10.0,18,0
NET12222,37,Premium,20,669,32.1,22,4,2,48,6,Credit Card,0,0,1,No,6.2,6.2,22,0
NET12223,29,Standard,17,399,24.0,14,0,2,25,3,Credit Card,0,0,0,Yes,4.2,8.2,21,0
NET12224,25,Basic,20,199,7.3,4,9,4,39,6,Credit Card,0,0,0,No,6.4,7.6,22,0
NET12225,42,Premium,7,629,46.5,22,5,3,38,5,UPI,0,0,1,No,5.3,8.4,7,0
NET12226,43,Basic,71,219,21.9,10,5,2,57,2,UPI,0,0,1,Yes,5.7,5.4,73,0
NET12227,25,Basic,20,179,3.3,1,0,5,18,6,UPI,3,1,1,No,8.8,8.3,25,1
NET12228,15,Standard,12,399,29.7,16,5,5,47,2,UPI,1,0,0,No,7.4,8.3,17,1
NET12229,40,Basic,38,199,26.0,12,1,2,43,4,Net Banking,0,1,4,Yes,5.8,9.0,43,0
NET12230,24,Basic,33,179,5.1,2,3,3,44,6,UPI,0,1,1,No,5.9,7.9,38,0
NET12231,38,Standard,23,379,32.8,18,2,2,33,3,Debit Card,1,0,1,Yes,7.2,10.0,27,0
NET12232,15,Basic,11,199,19.5,13,1,1,24,5,UPI,1,1,2,Yes,9.9,6.5,16,0
NET12233,39,Basic,10,219,8.6,4,3,4,19,7,UPI,0,0,1,No,7.2,5.4,15,0
NET12234,20,Basic,5,219,22.7,10,8,4,40,4,UPI,0,0,0,Yes,6.7,4.9,6,1
NET12235,37,Basic,4,179,17.7,9,1,2,29,5,UPI,1,0,1,No,6.7,8.3,9,0
NET12236,31,Premium,10,649,43.3,21,4,3,61,6,Net Banking,0,0,0,Yes,2.5,6.0,14,1
NET12237,22,Premium,12,629,24.3,18,2,4,65,5,UPI,0,0,1,Yes,8.3,9.4,17,0
NET12238,27,Standard,3,399,7.0,3,6,4,43,5,Wallet,0,0,0,No,5.7,7.5,5,0
NET12239,37,Standard,35,399,21.3,11,5,3,61,7,Net Banking,0,0,1,Yes,7.7,10.0,40,0
NET12240,31,Basic,11,199,16.0,9,6,2,15,2,Credit Card,0,0,0,No,6.9,7.1,14,0
NET12241,36,Basic,10,179,17.2,8,24,2,11,7,Net Banking,0,0,0,No,8.6,3.6,12,1
NET12242,48,Standard,8,449,22.0,10,4,2,36,2,UPI,1,1,1,No,5.5,6.2,13,0
NET12243,16,Standard,1,419,13.5,6,0,2,78,5,UPI,2,0,0,No,7.1,4.0,6,0
NET12244,45,Premium,29,629,24.5,16,0,3,25,2,UPI,0,1,1,No,10.0,7.4,31,0
NET12245,31,Premium,5,649,15.0,8,0,2,51,5,Wallet,1,2,2,No,8.1,8.0,5,0
NET12246,22,Standard,14,399,17.5,11,2,2,58,6,UPI,0,1,2,Yes,8.0,3.2,17,0
NET12247,19,Basic,13,219,14.2,8,7,4,25,4,Net Banking,0,0,0,No,6.2,10.0,13,0
NET12248,29,Premium,12,629,17.3,9,10,3,68,6,UPI,0,1,1,No,8.8,5.3,17,0
NET12249,39,Standard,10,449,10.4,5,5,5,34,3,Credit Card,0,2,2,No,6.9,8.2,10,0
NET12250,29,Premium,2,649,34.7,16,3,3,63,2,UPI,1,2,2,No,8.4,7.0,6,0
NET12251,44,Standard,4,449,11.3,6,11,4,41,2,Debit Card,0,1,1,Yes,9.8,9.5,5,0
NET12252,17,Premium,10,649,32.0,14,0,4,65,2,UPI,0,0,0,No,9.3,7.5,12,0
NET12253,30,Premium+,21,899,68.9,38,0,3,50,4,UPI,0,0,1,No,8.7,6.2,24,0
NET12254,19,Premium+,7,879,41.7,20,0,2,38,2,UPI,0,1,1,No,7.4,5.4,9,0
NET12255,34,Standard,3,399,28.6,20,16,4,58,4,Credit Card,0,0,0,Yes,7.4,3.8,3,0
NET12256,38,Standard,1,399,23.1,17,0,2,72,4,Wallet,0,1,2,No,7.2,8.6,2,0
NET12257,27,Standard,15,399,15.9,12,19,5,32,4,Credit Card,0,2,2,No,8.7,5.4,15,0
NET12258,15,Premium+,7,899,38.4,18,7,1,46,11,UPI,1,2,2,No,5.5,9.9,9,1
NET12259,32,Standard,1,419,18.1,13,4,2,35,8,Debit Card,0,0,1,Yes,8.1,8.3,5,0
NET12260,34,Basic,15,219,28.1,15,2,3,69,4,Credit Card,0,3,3,No,10.0,6.4,17,0
NET12261,34,Standard,3,379,34.0,18,4,2,40,2,Debit Card,0,0,0,Yes,5.5,10.0,3,0
NET12262,42,Basic,9,179,12.9,6,6,1,62,5,UPI,0,0,0,Yes,4.9,7.1,12,1
NET12263,21,Standard,5,399,12.7,8,3,4,56,4,Net Banking,0,2,2,Yes,8.9,4.7,8,0
NET12264,37,Standard,37,419,17.7,10,14,3,31,3,UPI,0,1,2,No,8.4,4.8,40,0
NET12265,41,Standard,3,449,17.9,11,0,3,24,4,UPI,0,0,0,No,8.1,6.0,6,0
NET12266,15,Basic,7,179,11.0,7,0,2,31,2,Credit Card,1,0,0,Yes,8.6,7.7,10,0
NET12267,33,Premium+,44,879,18.5,12,9,2,61,1,UPI,0,2,2,Yes,6.0,7.4,49,0
NET12268,26,Premium,5,669,31.8,21,4,5,59,5,UPI,1,0,0,No,9.1,5.0,6,0
NET12269,30,Premium,14,669,23.5,16,3,1,59,2,Debit Card,0,0,1,No,9.0,5.8,15,0
NET12270,34,Standard,5,399,4.1,2,10,6,38,5,Debit Card,0,0,0,No,5.4,3.8,9,0
NET12271,26,Premium,1,669,38.2,20,16,2,72,3,Debit Card,0,0,1,Yes,6.3,6.9,4,0
NET12272,24,Standard,13,399,27.8,15,4,2,44,5,Credit Card,0,0,0,No,6.9,4.7,13,0
NET12273,31,Basic,34,249,26.0,13,5,1,19,2,Credit Card,0,0,0,Yes,6.5,4.9,34,0
NET12274,21,Basic,8,199,28.8,17,0,2,56,1,UPI,0,0,1,Yes,7.0,7.1,10,0
NET12275,21,Standard,13,399,12.1,6,4,3,37,4,UPI,0,1,1,Yes,8.8,6.8,16,0
NET12276,37,Basic,13,199,6.3,4,0,2,61,4,Credit Card,1,1,1,No,3.9,6.8,13,1
NET12277,20,Premium+,7,879,24.5,12,3,2,60,1,Wallet,0,0,0,No,7.3,7.8,12,0
NET12278,36,Basic,13,199,28.6,15,20,1,40,7,UPI,0,0,0,Yes,6.5,6.4,17,0
NET12279,35,Standard,4,379,16.2,7,8,2,11,1,UPI,0,0,1,No,7.2,7.9,4,0
NET12280,15,Standard,6,419,22.6,16,7,3,29,5,UPI,0,0,1,No,6.3,7.3,11,0
NET12281,24,Standard,8,449,12.2,5,9,3,81,4,Credit Card,0,1,1,No,6.9,8.3,13,0
NET12282,41,Standard,27,449,8.4,6,11,2,52,3,Debit Card,0,0,0,Yes,3.5,4.7,31,1
NET12283,22,Basic,5,199,5.4,2,0,5,68,7,Net Banking,0,1,1,Yes,3.7,8.6,8,1
NET12284,26,Premium,14,699,24.9,16,12,3,33,4,UPI,0,2,2,No,8.0,10.0,16,0
NET12285,35,Standard,3,379,23.7,17,8,3,47,5,Credit Card,1,1,1,No,6.2,4.9,5,0
NET12286,38,Standard,4,419,19.5,12,6,2,38,3,UPI,1,1,1,No,9.9,7.4,5,0
NET12287,28,Premium,14,649,18.1,10,3,4,49,7,Wallet,0,0,1,No,10.0,8.0,17,0
NET12288,25,Premium,20,649,12.0,8,2,4,40,5,UPI,2,1,1,No,5.1,6.1,20,0
NET12289,43,Premium,8,699,6.2,4,1,5,41,1,Net Banking,1,0,1,No,8.7,7.3,10,0
NET12290,46,Premium,5,699,16.7,7,2,1,49,2,Wallet,0,0,0,No,8.1,7.1,10,0
NET12291,39,Standard,33,399,5.0,3,12,1,65,4,UPI,0,2,2,No,9.2,7.1,37,1
NET12292,31,Standard,2,449,6.2,4,0,5,39,4,Debit Card,0,0,0,No,7.2,5.7,7,1
NET12293,23,Premium,17,699,35.2,23,7,1,55,6,UPI,0,0,2,No,6.3,5.4,21,0
NET12294,23,Premium,16,649,33.4,21,0,2,60,6,Net Banking,0,0,0,Yes,3.9,5.6,16,0
NET12295,35,Basic,16,179,7.9,5,0,4,33,2,Debit Card,1,0,0,No,7.9,9.9,16,1
NET12296,34,Standard,38,399,5.3,2,1,2,42,6,UPI,0,1,2,No,7.8,7.8,41,1
NET12297,43,Premium,18,649,27.4,12,6,5,43,6,Credit Card,0,1,2,Yes,4.9,7.2,18,1
NET12298,36,Standard,5,399,22.3,12,11,3,82,5,UPI,1,2,2,No,8.0,6.8,5,0
NET12299,17,Standard,6,399,28.8,15,0,3,23,3,Credit Card,1,1,1,Yes,4.1,8.3,6,1
NET12300,40,Standard,6,379,37.8,17,1,3,31,4,Credit Card,0,0,0,Yes,7.5,8.8,8,0
NET12301,22,Premium,1,669,64.6,30,1,1,52,2,Debit Card,1,1,2,Yes,8.4,9.9,4,0
NET12302,27,Premium+,34,899,29.8,17,3,6,7,2,UPI,0,1,1,Yes,3.8,3.5,34,1
NET12303,33,Standard,1,449,14.3,7,6,3,48,3,UPI,1,0,0,No,6.6,10.0,1,0
NET12304,48,Basic,16,179,25.3,16,1,1,28,4,Debit Card,0,0,0,No,4.3,3.3,21,1
NET12305,58,Basic,18,199,4.8,3,3,3,42,4,Debit Card,1,0,0,No,8.0,7.0,23,0
NET12306,36,Basic,25,179,20.0,15,2,1,58,7,Credit Card,0,0,0,Yes,7.3,8.0,29,0
NET12307,29,Standard,11,419,44.7,25,3,2,68,7,Wallet,1,1,1,Yes,8.6,6.6,13,0
NET12308,35,Standard,18,399,27.7,15,2,4,21,2,Net Banking,0,0,0,Yes,7.5,6.8,18,0
NET12309,38,Basic,5,249,32.1,22,0,1,47,0,Credit Card,0,1,2,Yes,8.4,7.9,7,0
NET12310,28,Premium,19,649,33.4,16,6,2,36,4,Credit Card,1,1,1,No,9.9,7.4,22,0
NET12311,47,Premium,5,629,24.8,13,6,2,35,2,Net Banking,0,1,2,Yes,6.1,4.4,8,0
NET12312,33,Standard,32,419,10.3,6,1,6,34,7,Credit Card,0,0,0,Yes,4.8,7.1,37,0
NET12313,35,Standard,2,379,34.4,19,5,3,66,2,Debit Card,0,1,1,Yes,8.3,7.8,3,0
NET12314,36,Premium+,5,879,39.7,28,19,4,18,5,UPI,1,2,2,No,8.2,9.0,9,0
NET12315,34,Standard,9,399,17.5,8,4,3,21,2,Net Banking,0,0,1,No,5.6,7.6,10,0
NET12316,38,Premium,20,629,17.5,11,2,2,45,7,UPI,0,0,0,No,6.6,8.2,22,0
NET12317,25,Standard,19,419,20.1,13,2,3,45,2,UPI,1,0,0,No,9.5,6.4,23,0
NET12318,25,Premium,3,699,31.8,18,10,2,80,4,UPI,0,1,1,Yes,8.3,8.0,8,0
NET12319,21,Premium,2,649,50.6,32,4,3,48,5,Debit Card,0,1,1,Yes,10.0,6.1,2,0
NET12320,34,Premium,5,629,7.9,5,1,5,53,4,UPI,0,0,0,No,3.5,7.3,10,0
NET12321,38,Premium,9,649,9.1,4,5,5,53,6,Credit Card,1,0,0,No,7.3,9.1,14,0
NET12322,35,Premium+,10,899,44.9,25,12,2,8,3,Credit Card,0,0,0,No,4.6,6.5,14,0
NET12323,46,Standard,7,419,23.9,11,7,5,26,3,Net Banking,0,0,0,No,10.0,5.2,11,0
NET12324,30,Basic,15,199,25.1,11,0,4,52,1,UPI,0,0,0,No,10.0,6.6,18,0
NET12325,37,Standard,7,419,28.5,12,2,3,35,1,Net Banking,0,1,1,Yes,4.8,7.6,8,0
NET12326,21,Premium,40,649,46.8,32,10,3,25,4,Debit Card,0,3,3,No,7.2,10.0,43,0
NET12327,27,Premium,4,699,21.1,10,3,5,52,2,UPI,0,0,0,No,7.8,9.7,7,0
NET12328,37,Basic,13,219,13.4,8,39,3,95,4,UPI,0,0,0,Yes,5.6,8.0,14,0
NET12329,38,Basic,13,199,4.4,2,2,6,42,5,UPI,0,0,0,Yes,9.2,6.8,16,1
NET12330,28,Premium,4,669,8.8,4,14,5,47,3,Net Banking,0,1,1,Yes,5.4,6.8,8,0
NET12331,30,Standard,7,399,36.1,26,3,6,22,5,UPI,0,1,1,No,6.9,7.1,9,1
NET12332,17,Standard,6,419,19.3,13,16,4,42,2,Credit Card,1,1,2,No,7.3,7.5,6,0
NET12333,27,Premium,2,669,27.2,13,3,3,36,8,UPI,0,1,2,No,5.6,7.1,2,0
NET12334,39,Standard,9,399,48.5,30,3,6,35,2,UPI,0,3,3,No,5.8,10.0,12,0
NET12335,36,Basic,6,219,9.2,4,4,3,30,5,Wallet,0,0,0,Yes,3.4,8.4,7,1
NET12336,35,Basic,2,249,12.0,8,0,6,32,8,Net Banking,0,0,1,No,6.0,4.6,6,0
NET12337,31,Basic,8,179,6.2,2,0,3,66,5,Credit Card,2,0,1,Yes,5.6,7.1,11,0
NET12338,31,Standard,7,399,20.7,11,11,2,39,7,UPI,1,0,0,No,5.7,5.2,11,0
NET12339,25,Standard,1,399,17.9,8,1,4,54,1,UPI,0,0,0,No,5.7,7.2,5,0
NET12340,37,Standard,1,419,20.9,10,5,5,63,2,Net Banking,0,1,2,No,6.2,9.9,6,0
NET12341,34,Basic,14,219,25.2,11,1,1,37,3,Credit Card,1,0,1,Yes,5.3,8.5,14,0
NET12342,35,Basic,17,219,17.1,9,2,2,35,4,UPI,0,0,0,No,8.6,5.4,19,0
NET12343,26,Basic,39,199,10.7,6,5,2,45,8,Net Banking,0,0,1,Yes,6.4,6.8,41,0
NET12344,15,Premium+,1,879,35.5,19,2,1,57,7,Credit Card,0,0,1,No,9.4,9.3,2,0
NET12345,40,Standard,1,449,64.0,29,2,4,72,4,Debit Card,0,1,1,No,8.8,7.8,3,0
NET12346,26,Premium,1,699,30.0,14,4,4,44,2,UPI,0,2,2,No,10.0,5.6,4,0
NET12347,23,Premium,10,649,9.4,5,8,3,16,1,Credit Card,1,0,0,No,7.7,6.5,10,1
NET12348,37,Standard,13,379,13.1,6,1,1,45,2,UPI,1,1,1,No,6.9,8.9,13,0
NET12349,27,Premium,7,629,66.0,34,1,2,41,5,Credit Card,0,1,2,Yes,5.3,8.3,11,1
NET12350,40,Basic,22,199,9.4,4,2,3,55,5,UPI,1,0,0,No,7.2,4.4,25,0
NET12351,36,Premium,16,669,84.2,51,0,2,21,4,Credit Card,0,0,1,No,5.4,7.7,19,0
NET12352,37,Standard,59,379,8.5,6,1,2,25,2,Net Banking,0,0,0,No,3.4,8.1,63,0
NET12353,18,Premium,2,669,26.5,19,0,2,33,4,Debit Card,0,2,2,No,8.1,9.4,7,0
NET12354,41,Basic,1,199,22.1,11,12,5,52,1,Net Banking,0,0,0,Yes,8.1,9.1,6,0
NET12355,33,Premium,4,649,9.1,4,17,2,61,6,UPI,1,0,0,No,8.6,9.8,8,1
NET12356,27,Basic,1,199,24.4,12,3,2,40,6,UPI,1,0,0,Yes,3.9,4.6,1,0
NET12357,32,Premium,37,669,34.2,17,8,1,60,7,Debit Card,0,0,1,No,9.5,8.6,40,0
NET12358,15,Standard,5,419,42.3,24,9,4,74,6,Debit Card,0,0,1,No,6.4,10.0,7,0
NET12359,34,Premium,11,629,20.7,15,0,1,54,7,Credit Card,0,1,1,No,7.1,8.0,13,0
NET12360,21,Standard,5,399,29.3,14,16,3,35,5,Net Banking,0,0,0,Yes,5.9,7.3,5,0
NET12361,18,Standard,3,399,24.6,16,9,4,42,2,Debit Card,1,0,0,No,5.9,6.9,5,0
NET12362,17,Premium,2,629,62.8,28,2,1,23,3,Credit Card,0,1,1,No,6.6,9.2,4,0
NET12363,41,Premium+,5,949,38.3,25,15,5,30,4,UPI,0,0,0,No,6.3,8.2,8,0
NET12364,25,Basic,13,179,15.6,11,2,1,44,6,UPI,0,0,2,No,6.0,9.6,16,0
NET12365,44,Premium+,49,919,18.5,11,13,2,24,2,UPI,0,0,1,Yes,10.0,10.0,50,0
NET12366,26,Premium,11,699,66.5,41,11,2,31,6,UPI,0,1,2,No,6.9,7.6,14,0
NET12367,15,Premium,10,629,39.4,18,1,4,24,2,Credit Card,0,0,1,No,5.6,8.1,11,0
NET12368,20,Standard,1,399,11.4,6,0,2,36,2,UPI,0,2,2,Yes,5.5,6.9,6,0
NET12369,42,Standard,25,399,45.6,33,0,1,38,4,Net Banking,1,0,0,No,4.7,8.1,28,0
NET12370,29,Premium,1,699,3.0,1,2,2,73,5,Credit Card,0,1,1,Yes,7.7,9.1,5,0
NET12371,26,Standard,33,399,26.1,12,9,3,14,5,Credit Card,1,1,1,Yes,3.5,6.8,36,0
NET12372,32,Standard,10,379,13.5,6,8,5,51,5,Wallet,0,0,1,No,9.3,9.0,11,0
NET12373,35,Basic,2,219,43.8,27,1,3,49,4,Credit Card,0,0,0,No,4.5,6.3,4,0
NET12374,41,Basic,8,219,20.7,14,4,1,71,5,Credit Card,0,0,0,No,3.7,7.2,11,0
NET12375,44,Premium,74,649,13.6,8,2,5,20,3,Credit Card,2,0,0,Yes,7.3,7.2,76,0
NET12376,27,Premium,5,669,16.4,11,10,2,79,2,Credit Card,0,0,1,No,7.5,8.3,7,0
NET12377,19,Standard,4,399,23.0,16,9,2,40,5,UPI,0,2,3,No,6.4,7.7,7,0
NET12378,27,Basic,1,199,20.9,9,9,2,40,2,Credit Card,1,0,0,No,1.9,6.7,4,0
NET12379,33,Standard,12,399,13.7,6,4,1,47,2,Credit Card,0,1,2,Yes,5.4,5.9,16,0
NET12380,22,Standard,1,419,15.0,6,9,2,31,3,Wallet,0,0,0,No,9.2,5.5,6,0
NET12381,22,Standard,20,399,21.2,12,7,3,27,3,Net Banking,0,0,0,No,9.2,6.3,21,0
NET12382,34,Premium,35,629,26.3,17,4,2,18,3,UPI,0,0,0,No,5.0,7.6,38,0
NET12383,30,Premium,37,699,29.7,20,8,4,56,1,Credit Card,2,0,0,No,7.1,6.7,39,0
NET12384,31,Basic,1,249,25.0,15,2,3,89,2,UPI,0,1,1,Yes,6.2,5.2,3,0
NET12385,24,Premium,11,669,24.5,13,9,1,35,3,Credit Card,0,1,1,Yes,5.8,6.1,14,0
NET12386,28,Standard,1,399,24.5,12,5,1,46,6,UPI,0,0,0,Yes,6.9,7.2,2,0
NET12387,22,Premium,11,649,37.7,21,11,3,50,3,Credit Card,0,0,0,No,5.8,4.3,16,0
NET12388,39,Basic,23,219,13.2,6,13,4,28,4,Credit Card,1,0,0,No,7.6,6.3,25,1
NET12389,40,Premium,10,669,11.5,5,2,2,68,6,Credit Card,1,0,0,No,10.0,8.6,15,0
NET12390,15,Basic,28,199,5.2,2,2,3,25,3,UPI,0,0,0,No,7.2,6.8,33,0
NET12391,22,Standard,22,399,20.5,12,1,5,41,5,Credit Card,1,0,0,Yes,6.7,9.8,26,0
NET12392,17,Basic,4,249,52.3,24,2,3,34,8,Debit Card,0,0,0,No,5.1,4.9,6,0
NET12393,25,Basic,13,219,22.2,10,0,2,40,6,Credit Card,0,1,1,No,10.0,8.7,14,0
NET12394,30,Basic,1,249,52.2,31,16,1,69,4,UPI,0,1,1,Yes,10.0,8.5,1,0
NET12395,17,Basic,7,249,23.2,13,0,4,31,2,Credit Card,0,1,1,No,8.4,7.5,11,0
NET12396,22,Basic,3,199,15.0,10,12,1,55,10,UPI,0,0,0,Yes,3.8,4.9,7,1
NET12397,21,Premium,38,699,13.2,6,4,3,76,5,UPI,1,1,2,No,7.3,6.7,38,0
NET12398,32,Basic,7,199,10.0,7,13,4,68,3,UPI,1,0,0,No,6.8,5.7,11,0
NET12399,31,Premium,14,649,47.4,27,16,3,43,6,UPI,0,0,0,Yes,3.3,8.0,18,0
NET12400,24,Basic,18,199,25.9,13,10,2,69,1,Credit Card,0,0,1,No,4.7,7.1,22,0
NET12401,32,Premium+,20,899,98.6,47,0,6,19,3,Net Banking,1,1,1,Yes,8.3,7.2,22,0
NET12402,26,Premium+,18,919,33.8,18,3,4,62,5,UPI,0,0,0,Yes,7.8,8.3,20,0
NET12403,28,Basic,4,199,41.0,21,20,3,51,4,Credit Card,0,1,1,No,6.2,6.2,7,0
NET12404,46,Premium,16,699,38.7,19,2,3,15,2,Credit Card,2,0,1,No,8.0,6.3,19,1
NET12405,43,Basic,11,219,17.6,13,3,5,49,5,Credit Card,1,1,1,No,7.4,7.1,13,0
NET12406,19,Premium+,12,899,21.6,10,2,3,44,4,UPI,0,0,0,Yes,6.0,7.4,16,0
NET12407,38,Standard,1,449,15.0,9,4,4,23,3,Wallet,2,0,0,No,3.8,7.0,2,1
NET12408,38,Basic,4,249,13.5,9,5,2,46,4,Credit Card,0,0,0,No,6.5,5.1,4,0
NET12409,20,Standard,37,449,6.1,3,6,3,50,7,UPI,1,0,0,No,8.6,5.9,40,0
NET12410,38,Basic,4,249,4.0,2,1,3,64,8,Credit Card,1,0,0,Yes,7.5,7.3,8,0
NET12411,44,Standard,8,449,52.3,25,2,2,63,5,UPI,0,0,0,No,6.0,7.9,11,0
NET12412,20,Premium,2,649,35.7,18,33,1,73,3,Net Banking,0,2,3,Yes,10.0,7.4,7,1
NET12413,22,Standard,2,399,24.0,14,0,1,58,6,UPI,0,2,4,No,8.5,7.1,3,1
NET12414,40,Standard,3,449,26.0,13,2,2,40,6,UPI,0,0,0,No,7.6,4.9,8,0
NET12415,33,Basic,11,219,8.3,4,1,2,14,5,UPI,1,0,0,No,5.6,8.0,15,0
NET12416,35,Basic,35,199,8.5,3,1,5,29,6,Credit Card,0,0,0,No,9.7,7.6,37,0
NET12417,34,Basic,5,179,18.3,8,3,3,46,2,Debit Card,1,0,0,No,6.6,5.0,6,0
NET12418,34,Premium,5,649,37.7,24,25,1,48,3,UPI,0,0,0,Yes,8.5,7.8,8,1
NET12419,19,Basic,11,219,40.4,23,10,1,53,7,Credit Card,1,1,1,Yes,8.6,6.7,15,0
NET12420,40,Standard,6,449,18.7,10,1,1,67,6,UPI,0,0,0,No,6.6,4.4,11,1
NET12421,41,Standard,33,399,48.5,25,0,3,42,1,UPI,0,0,0,Yes,9.6,9.4,37,0
NET12422,28,Basic,6,199,11.3,6,5,3,55,7,Debit Card,0,0,0,No,9.9,8.7,6,0
NET12423,30,Premium,9,699,82.9,46,3,1,74,7,Credit Card,0,0,0,No,6.3,5.6,9,0
NET12424,17,Standard,10,419,11.5,6,1,2,45,2,Wallet,0,0,2,Yes,7.8,8.6,15,0
NET12425,35,Standard,21,399,17.5,10,1,3,39,2,Debit Card,0,0,0,No,4.6,9.3,21,0
NET12426,36,Standard,11,399,30.5,19,6,4,39,3,Credit Card,0,0,0,No,8.7,7.4,13,0
NET12427,30,Standard,3,419,16.9,9,2,5,43,1,UPI,0,0,0,No,10.0,7.0,7,0
NET12428,41,Standard,1,449,17.3,10,0,1,61,4,Net Banking,0,0,0,No,8.4,10.0,5,0
NET12429,27,Standard,38,419,14.7,6,2,4,32,3,Debit Card,0,0,0,No,6.4,8.4,41,0
NET12430,36,Premium,22,669,19.5,11,1,3,44,7,Credit Card,0,1,1,Yes,6.7,7.2,24,0
NET12431,21,Basic,1,179,8.7,5,2,3,50,4,Net Banking,0,0,0,No,2.1,7.5,1,0
NET12432,30,Standard,24,449,25.0,14,10,2,41,4,UPI,0,1,1,No,9.2,5.8,28,0
NET12433,29,Basic,12,199,21.6,11,6,3,36,2,Debit Card,0,1,1,Yes,8.1,6.8,12,0
NET12434,33,Basic,10,249,9.6,5,1,3,35,1,Credit Card,1,0,0,No,8.2,5.1,11,1
NET12435,27,Standard,1,379,18.5,11,3,3,32,4,UPI,1,0,0,Yes,7.2,8.6,3,0
NET12436,29,Premium,21,699,40.1,22,1,3,38,2,UPI,0,0,0,No,4.1,6.9,21,0
NET12437,38,Premium,3,699,40.8,23,4,5,47,3,Wallet,0,0,1,No,7.2,8.6,5,0
NET12438,27,Basic,18,199,6.7,3,1,3,26,3,UPI,1,0,0,No,7.2,6.8,23,0
NET12439,16,Standard,1,379,26.2,19,15,1,5,4,Credit Card,0,0,1,No,6.7,5.9,5,0
NET12440,46,Standard,22,449,7.7,4,1,5,45,3,Wallet,0,0,0,No,5.4,8.3,23,1
NET12441,43,Basic,1,249,34.5,21,7,1,68,1,Credit Card,0,1,1,No,8.6,3.5,4,0
NET12442,19,Premium,3,649,18.8,12,3,3,50,1,Net Banking,1,1,1,No,7.3,5.2,4,0
NET12443,37,Premium,4,699,14.4,8,13,5,24,2,Debit Card,0,0,1,No,7.2,7.7,6,0
NET12444,26,Premium+,2,899,39.2,21,2,1,46,0,UPI,0,0,0,Yes,9.8,2.3,3,0
NET12445,33,Basic,9,199,27.5,21,0,4,14,1,Debit Card,0,0,0,No,5.7,9.1,13,0
NET12446,33,Basic,4,179,12.1,6,0,2,28,7,UPI,0,0,0,Yes,4.6,9.1,6,0
NET12447,28,Premium,70,669,38.9,23,0,2,30,8,Credit Card,0,0,1,Yes,7.8,7.6,72,0
NET12448,23,Premium,12,649,29.9,14,2,2,45,5,UPI,0,1,2,No,4.3,6.9,16,0
NET12449,24,Premium,11,629,70.1,35,1,3,71,4,Credit Card,0,0,0,No,8.1,8.2,16,0
NET12450,22,Basic,3,199,12.3,6,4,2,38,5,UPI,0,0,0,No,7.5,8.3,3,0
NET12451,23,Standard,7,419,9.6,4,1,5,71,2,UPI,0,3,4,Yes,7.8,4.2,10,1
NET12452,30,Standard,1,379,45.2,23,40,3,50,5,UPI,0,0,2,No,9.0,8.3,6,1
NET12453,24,Basic,20,199,7.6,3,0,4,11,4,UPI,1,1,3,No,4.0,6.0,25,0
NET12454,37,Standard,5,399,22.1,10,5,5,45,2,Credit Card,1,1,3,Yes,6.7,6.8,6,0
NET12455,44,Premium,19,649,28.9,13,9,1,53,2,Credit Card,1,0,1,No,6.8,6.9,24,0
NET12456,25,Basic,6,199,10.3,7,19,2,53,4,UPI,0,0,0,No,4.8,9.9,9,0
NET12457,33,Standard,62,399,17.9,12,2,3,44,4,Credit Card,0,0,0,Yes,6.9,6.9,65,0
NET12458,35,Premium,2,699,14.7,7,5,3,25,3,UPI,0,0,0,Yes,8.3,7.3,7,1
NET12459,35,Standard,1,399,24.2,16,1,2,13,6,UPI,0,1,2,Yes,6.3,5.5,5,0
NET12460,31,Premium,12,649,27.4,15,0,5,59,4,Debit Card,1,1,4,No,10.0,6.0,12,0
NET12461,37,Standard,42,399,19.5,11,4,2,68,4,Credit Card,2,0,1,Yes,4.2,5.2,45,1
NET12462,35,Standard,14,449,19.2,11,5,1,71,1,UPI,1,0,0,No,6.1,5.7,16,0
NET12463,19,Premium+,1,899,6.2,3,1,1,48,6,Credit Card,1,0,0,No,5.3,4.4,6,0
NET12464,38,Premium+,10,879,15.5,8,1,3,55,2,UPI,0,0,1,Yes,8.1,7.4,10,0
NET12465,38,Basic,33,179,20.0,9,1,4,62,4,UPI,0,0,0,No,8.3,7.5,37,0
NET12466,24,Premium,1,629,26.4,13,4,2,39,4,UPI,1,1,1,Yes,4.8,9.7,6,1
NET12467,31,Basic,2,219,36.6,19,6,1,16,6,Net Banking,0,0,0,No,7.4,3.0,5,0
NET12468,37,Basic,23,199,9.1,4,7,4,33,9,UPI,1,0,0,Yes,6.6,5.5,28,0
NET12469,29,Standard,31,399,12.8,8,1,2,67,4,Debit Card,0,0,0,Yes,6.9,7.0,35,0
NET12470,40,Standard,17,399,26.7,13,11,5,74,2,UPI,0,0,0,No,6.0,6.1,18,0
NET12471,52,Premium,66,669,6.5,3,3,2,29,4,UPI,1,0,0,No,8.0,6.7,70,0
NET12472,23,Premium,1,649,6.7,3,4,4,49,3,UPI,0,0,0,No,5.1,8.3,3,1
NET12473,18,Premium+,11,899,77.7,51,0,2,43,6,Debit Card,0,0,0,No,4.1,8.0,15,0
NET12474,33,Premium,16,699,29.0,14,2,6,58,3,Credit Card,0,0,0,Yes,8.7,5.7,16,0
NET12475,37,Standard,16,399,43.8,21,0,3,9,3,UPI,0,1,1,No,4.5,8.5,17,1
NET12476,28,Premium,22,649,31.9,17,5,4,43,6,Credit Card,0,2,2,Yes,10.0,6.4,27,0
NET12477,44,Premium+,34,949,40.0,20,8,2,40,6,UPI,0,0,1,No,8.3,9.4,39,0
NET12478,18,Premium,6,699,37.1,18,4,4,34,7,UPI,0,1,1,No,6.7,6.5,8,0
NET12479,37,Premium,1,649,52.1,33,2,4,58,5,Debit Card,1,1,1,Yes,3.6,8.7,2,0
NET12480,25,Premium+,6,949,32.8,21,10,2,44,6,Debit Card,0,0,1,No,6.8,10.0,8,0
NET12481,46,Basic,15,199,7.1,3,0,3,48,8,UPI,1,0,0,Yes,7.7,4.8,20,1
NET12482,48,Premium,3,649,16.2,9,1,1,33,5,Net Banking,2,0,1,No,6.5,7.7,4,0
NET12483,24,Premium,23,649,13.1,7,0,2,29,5,Credit Card,0,1,1,No,6.3,7.7,26,0
NET12484,26,Premium+,3,879,6.0,2,2,4,29,5,UPI,0,0,1,No,6.0,7.8,7,0
NET12485,38,Basic,1,199,11.4,5,1,2,36,4,Credit Card,0,0,0,No,6.3,7.3,1,1
NET12486,27,Standard,9,379,8.7,5,6,4,18,1,Debit Card,3,0,0,No,5.7,9.0,9,0
NET12487,30,Premium,18,699,41.6,24,0,6,48,2,UPI,0,0,1,Yes,6.3,8.0,21,0
NET12488,31,Basic,6,249,13.9,6,0,4,53,3,Credit Card,0,0,1,Yes,5.2,7.9,7,0
NET12489,15,Premium,19,649,27.9,20,4,2,49,6,Credit Card,1,2,2,No,6.7,5.6,23,0
NET12490,30,Standard,8,379,21.8,13,8,3,42,4,Net Banking,1,0,1,Yes,8.8,9.3,11,0
NET12491,24,Standard,2,399,19.5,12,3,3,38,5,Net Banking,0,0,0,Yes,6.5,8.0,3,0
NET12492,26,Standard,1,379,21.4,12,1,1,54,4,Credit Card,0,0,0,No,6.5,6.8,5,0
NET12493,43,Standard,17,449,19.9,12,4,5,39,5,Wallet,0,0,0,Yes,7.8,8.4,18,0
NET12494,19,Standard,6,449,7.3,3,2,3,42,2,UPI,0,0,0,No,7.1,10.0,6,0
NET12495,38,Standard,34,399,23.3,14,2,5,57,2,Credit Card,0,0,0,No,6.8,8.5,38,0
NET12496,28,Standard,10,449,18.5,10,3,4,51,5,UPI,0,1,1,No,8.3,6.8,10,0
NET12497,28,Basic,5,179,31.8,20,5,2,44,4,UPI,0,2,4,Yes,7.9,5.6,5,1
NET12498,38,Basic,6,199,9.5,4,5,2,18,4,Net Banking,0,0,0,No,6.5,6.5,10,0
NET12499,34,Basic,1,199,23.7,15,0,3,5,5,UPI,0,0,0,No,7.7,8.1,4,1
NET12500,36,Standard,12,379,26.1,12,1,4,52,8,Credit Card,1,3,4,No,8.7,5.6,13,1
NET12501,39,Premium,12,649,19.1,13,0,3,52,3,Net Banking,0,0,0,No,8.1,7.7,16,0
NET12502,28,Basic,22,199,7.9,4,3,5,52,8,Debit Card,1,0,0,Yes,7.3,8.6,27,0
NET12503,25,Basic,3,179,8.0,3,8,1,31,6,UPI,0,0,0,No,7.1,8.1,3,0
NET12504,21,Premium,4,629,6.6,3,3,5,68,1,Debit Card,0,0,1,Yes,6.7,6.9,5,0
NET12505,23,Standard,1,449,32.0,21,43,6,57,6,UPI,1,0,0,Yes,7.0,8.7,5,1
NET12506,57,Premium+,4,949,35.3,18,8,4,50,1,Debit Card,0,0,0,Yes,6.1,7.7,7,0
NET12507,42,Premium,7,649,14.0,9,2,1,45,2,Wallet,0,0,1,Yes,5.3,6.9,11,1
NET12508,18,Standard,46,399,12.7,8,21,2,22,4,Credit Card,0,0,0,Yes,6.5,5.3,50,0
NET12509,19,Standard,14,399,25.8,16,6,3,73,5,UPI,1,0,0,No,2.4,8.1,16,0
NET12510,35,Standard,21,379,17.6,9,15,2,41,6,UPI,0,0,0,No,7.7,10.0,26,0
NET12511,35,Basic,5,179,30.5,16,0,1,8,6,UPI,0,2,2,No,6.0,6.3,6,0
NET12512,35,Basic,2,249,22.6,12,4,2,22,1,Wallet,0,0,0,No,10.0,5.7,6,0
NET12513,28,Basic,4,199,11.7,8,14,2,41,4,UPI,0,0,0,No,4.7,5.5,4,1
NET12514,29,Premium,4,649,19.9,9,6,3,23,5,UPI,0,0,0,Yes,7.6,5.6,4,0
NET12515,33,Standard,12,419,26.4,18,26,4,37,5,UPI,0,0,0,No,10.0,8.3,14,0
NET12516,31,Basic,5,199,5.0,2,32,1,31,4,UPI,1,0,1,No,8.4,6.4,5,0
NET12517,15,Premium,27,699,21.8,16,9,3,58,6,Debit Card,0,0,1,No,7.1,4.6,31,0
NET12518,28,Standard,62,379,10.6,5,1,3,60,3,UPI,1,0,0,No,5.4,9.0,63,0
NET12519,23,Standard,5,449,45.5,29,11,4,57,3,Wallet,2,0,1,No,9.7,6.8,7,1
NET12520,32,Basic,17,249,20.1,10,7,1,45,7,Wallet,0,1,1,No,9.8,5.6,22,0
NET12521,57,Standard,15,449,50.2,31,0,3,72,5,Credit Card,0,0,2,Yes,9.9,5.9,17,0
NET12522,34,Premium+,3,919,54.4,27,2,3,63,5,Credit Card,0,0,2,No,8.5,6.5,6,0
NET12523,28,Basic,35,219,9.9,5,12,3,67,4,Credit Card,0,2,3,Yes,8.7,7.8,38,0
NET12524,39,Standard,3,399,24.1,13,7,2,33,5,Net Banking,0,0,0,Yes,9.0,8.8,4,0
NET12525,35,Basic,18,179,7.6,3,3,1,47,7,Debit Card,2,1,1,Yes,7.5,10.0,19,0
NET12526,34,Basic,5,249,15.8,11,5,5,37,3,UPI,0,0,0,Yes,6.9,5.2,7,0
NET12527,36,Standard,6,399,11.0,7,16,2,54,0,UPI,0,1,3,Yes,6.8,7.4,10,0
NET12528,49,Premium,8,649,9.9,4,5,1,29,5,Credit Card,0,0,1,Yes,10.0,4.9,12,0
NET12529,20,Premium+,27,899,6.9,3,1,4,35,4,Wallet,1,1,1,Yes,5.1,9.2,30,0
NET12530,35,Basic,2,249,16.9,7,6,5,65,5,UPI,0,0,0,No,4.5,5.5,3,0
NET12531,22,Standard,1,399,24.3,18,1,1,49,7,UPI,1,1,1,Yes,8.2,8.0,2,0
NET12532,35,Premium,7,699,44.9,31,5,3,39,4,Credit Card,0,1,1,No,7.5,5.6,11,1
NET12533,22,Standard,1,399,5.4,3,6,2,43,5,UPI,1,0,0,Yes,8.7,8.5,4,0
NET12534,27,Standard,16,379,19.8,10,2,3,59,5,UPI,2,0,0,No,6.9,6.2,20,0
NET12535,28,Basic,19,199,3.5,2,8,3,39,5,UPI,1,0,1,Yes,9.0,6.7,23,0
NET12536,39,Standard,27,399,7.9,4,2,3,53,11,Credit Card,0,0,0,No,4.8,7.0,29,0
NET12537,39,Standard,19,399,83.0,55,0,6,86,6,UPI,0,0,0,Yes,6.2,6.4,20,0
NET12538,19,Premium,34,629,59.8,28,2,2,48,3,Credit Card,1,2,2,Yes,10.0,5.2,36,0
NET12539,31,Premium,19,629,59.1,32,11,3,24,4,Wallet,0,1,1,No,8.8,7.1,21,0
NET12540,24,Basic,38,179,10.8,7,5,4,61,3,Debit Card,0,0,1,No,7.9,7.6,42,0
NET12541,19,Basic,3,199,19.5,10,11,1,36,6,Debit Card,0,0,0,No,6.3,9.5,6,0
NET12542,29,Premium+,9,919,20.0,13,0,5,15,6,UPI,0,0,0,No,5.9,8.1,13,0
NET12543,28,Standard,71,399,18.8,12,1,3,5,4,Debit Card,0,0,0,No,6.2,7.9,76,0
NET12544,52,Premium,16,699,42.5,22,1,2,49,2,UPI,0,0,0,No,6.2,10.0,19,0
NET12545,34,Basic,29,199,18.0,9,9,3,64,3,Credit Card,0,0,0,Yes,4.5,8.3,30,0
NET12546,18,Standard,1,379,6.2,3,5,3,54,4,UPI,0,0,0,No,7.7,5.5,6,0
NET12547,25,Standard,28,449,40.0,27,2,5,59,4,Credit Card,0,1,1,Yes,10.0,5.4,33,0
NET12548,40,Premium,16,699,33.9,22,9,2,57,3,Wallet,0,0,0,Yes,5.7,8.0,21,0
NET12549,49,Basic,2,219,19.5,10,3,4,47,3,Wallet,1,0,1,No,6.4,8.2,2,0
NET12550,16,Basic,1,179,17.6,9,5,1,57,1,Credit Card,0,0,0,No,7.8,10.0,2,1
NET12551,15,Standard,4,399,21.3,10,11,4,57,4,Credit Card,1,0,0,No,4.4,7.2,8,0
NET12552,47,Premium,34,629,29.5,19,3,1,49,5,Wallet,0,1,1,Yes,8.4,10.0,37,0
NET12553,34,Premium+,15,899,43.7,23,8,1,63,2,UPI,0,1,1,No,10.0,4.5,20,0
NET12554,23,Premium+,35,879,39.8,30,5,2,58,5,Credit Card,0,0,0,No,7.3,7.4,35,0
NET12555,35,Premium+,8,949,66.9,38,4,4,52,3,Wallet,1,0,1,No,6.9,6.4,13,0
NET12556,15,Basic,38,249,9.7,5,3,2,28,2,Wallet,1,0,0,No,9.2,10.0,41,0
NET12557,31,Basic,8,199,15.8,11,2,2,27,1,UPI,1,0,0,No,4.1,7.8,11,0
NET12558,33,Basic,3,199,10.0,4,1,2,27,3,UPI,1,1,1,No,7.8,7.7,3,0
NET12559,39,Standard,2,399,16.5,11,1,3,63,4,Net Banking,1,0,0,No,7.1,10.0,2,0
NET12560,21,Premium,71,649,8.9,5,2,3,64,6,Net Banking,0,0,0,No,4.2,7.7,72,1
NET12561,31,Premium,5,629,24.4,12,3,4,40,3,Net Banking,0,0,0,No,4.4,9.2,7,1
NET12562,22,Basic,2,219,76.5,52,0,4,53,3,Net Banking,0,1,3,No,7.6,7.8,7,0
NET12563,33,Premium,1,629,35.5,25,7,1,41,1,UPI,0,0,0,No,6.1,4.4,1,0
NET12564,22,Premium+,4,899,40.3,18,16,1,27,4,UPI,0,1,2,No,7.3,8.9,9,0
NET12565,27,Standard,30,399,11.3,7,3,1,53,3,UPI,0,0,0,No,7.1,8.7,32,0
NET12566,22,Basic,10,179,17.6,12,15,4,33,4,Credit Card,0,0,0,No,6.6,2.8,12,0
NET12567,36,Standard,14,449,9.5,6,3,3,20,6,Debit Card,0,2,2,No,7.3,3.3,16,0
NET12568,38,Standard,35,379,33.7,22,1,1,47,4,UPI,0,0,1,Yes,7.7,8.8,37,1
NET12569,28,Standard,10,449,10.0,4,11,3,61,5,UPI,0,1,2,No,6.6,6.9,10,0
NET12570,31,Standard,25,379,91.7,69,3,3,47,2,UPI,0,0,0,Yes,10.0,9.6,30,0
NET12571,17,Basic,5,179,18.8,9,6,3,39,1,UPI,0,0,1,No,8.7,3.7,8,0
NET12572,28,Premium+,52,879,16.4,8,15,4,38,6,UPI,0,0,0,No,7.2,9.3,57,0
NET12573,30,Standard,1,399,12.8,7,2,3,39,2,Credit Card,0,0,1,No,4.9,7.7,6,0
NET12574,54,Standard,18,449,23.3,10,2,2,65,6,Credit Card,0,1,1,No,7.2,6.8,18,0
NET12575,20,Premium+,15,899,82.3,62,3,4,36,3,UPI,0,0,0,No,4.6,10.0,15,0
NET12576,44,Basic,2,219,14.5,8,1,3,44,3,UPI,0,0,0,Yes,5.1,8.6,6,1
NET12577,39,Basic,6,249,2.1,1,12,1,27,1,Credit Card,0,0,0,Yes,6.1,4.1,10,0
NET12578,33,Premium,5,649,26.1,13,1,1,28,7,UPI,0,0,0,Yes,3.1,7.6,6,1
NET12579,46,Standard,1,449,27.3,18,7,4,38,6,UPI,1,0,0,Yes,7.5,7.2,3,0
NET12580,34,Premium,12,649,13.8,6,10,2,47,7,UPI,1,0,0,No,8.7,7.8,14,0
NET12581,34,Standard,70,449,16.0,9,12,1,20,8,Net Banking,0,0,1,No,4.6,9.2,74,0
NET12582,30,Basic,11,199,28.4,19,20,2,30,2,Debit Card,0,1,1,No,7.4,5.7,14,0
NET12583,42,Standard,11,399,31.3,23,2,3,30,3,Credit Card,1,0,0,No,5.3,6.5,12,0
NET12584,40,Basic,1,219,16.1,8,4,3,24,4,UPI,0,0,1,Yes,6.9,6.4,6,1
NET12585,25,Premium,2,649,22.5,10,18,2,51,3,UPI,0,0,0,No,8.8,7.6,5,0
NET12586,19,Premium,10,669,24.1,11,0,6,20,3,Debit Card,1,0,0,Yes,7.8,5.3,14,1
NET12587,29,Premium+,58,879,25.7,12,5,2,35,6,UPI,1,1,1,No,4.7,5.8,63,1
NET12588,23,Premium,29,649,57.7,34,0,2,17,2,UPI,0,0,0,No,7.3,8.4,32,0
NET12589,30,Basic,5,219,21.8,10,3,2,32,2,UPI,1,1,1,Yes,2.3,8.5,7,1
NET12590,42,Premium,10,649,51.3,27,0,4,21,8,UPI,1,0,1,No,5.1,3.7,14,0
NET12591,26,Premium,11,649,124.9,90,0,5,57,5,Credit Card,1,1,1,Yes,3.8,5.2,16,0
NET12592,30,Premium,16,629,15.2,10,7,3,39,4,UPI,0,0,0,Yes,7.4,5.2,19,0
NET12593,31,Premium,16,649,14.0,8,10,3,40,7,Net Banking,1,1,2,No,7.7,6.6,17,0
NET12594,38,Standard,21,419,4.8,3,4,5,46,4,Credit Card,0,1,1,No,8.7,8.2,22,1
NET12595,15,Standard,1,399,27.7,17,3,3,43,7,UPI,0,0,0,No,2.2,9.1,1,0
NET12596,25,Premium,40,699,15.8,8,2,4,34,5,Debit Card,1,1,1,Yes,9.5,9.9,45,0
NET12597,32,Standard,1,419,12.1,8,14,2,51,2,UPI,0,0,1,No,9.3,9.4,5,0
NET12598,41,Basic,9,179,9.5,5,1,2,39,5,UPI,0,0,0,Yes,7.1,3.4,13,0
NET12599,26,Premium,35,699,19.0,11,6,1,74,6,Net Banking,0,0,0,Yes,8.3,5.4,40,0
NET12600,15,Basic,9,199,4.5,2,0,4,42,7,UPI,0,1,2,No,3.9,10.0,13,0
NET12601,36,Basic,1,219,48.4,35,13,2,8,5,Credit Card,1,1,2,No,4.5,5.2,3,1
NET12602,25,Basic,3,249,3.6,1,2,2,34,3,Net Banking,1,0,0,No,3.9,7.9,5,0
NET12603,20,Premium,12,669,45.4,33,2,5,34,2,Net Banking,0,0,0,No,7.9,4.6,16,0
NET12604,25,Standard,1,399,31.8,18,1,3,76,2,Credit Card,1,0,0,No,8.2,7.2,6,0
NET12605,29,Premium,7,669,75.7,36,4,2,48,2,UPI,0,0,0,Yes,4.7,5.6,10,1
NET12606,25,Standard,5,379,7.0,4,13,2,29,5,Net Banking,1,0,0,No,8.2,4.2,7,0
NET12607,15,Standard,23,449,66.9,32,0,4,15,1,Credit Card,1,0,0,Yes,4.9,8.5,28,0
NET12608,39,Standard,1,449,41.6,19,0,2,40,3,Credit Card,0,2,2,Yes,7.2,3.4,5,0
NET12609,42,Premium,16,699,10.6,7,14,5,68,5,UPI,0,1,2,Yes,8.5,6.9,18,0
NET12610,36,Standard,7,419,18.4,10,19,2,41,5,Credit Card,0,2,2,No,4.7,5.5,12,1
NET12611,20,Premium+,12,899,46.4,30,0,6,63,2,UPI,1,1,1,No,7.3,6.8,12,0
NET12612,29,Premium+,3,919,33.6,16,5,2,37,3,UPI,0,0,0,No,6.9,5.0,4,0
NET12613,30,Premium,13,669,20.8,14,18,2,38,2,UPI,0,0,0,No,10.0,6.7,13,0
NET12614,36,Premium+,15,949,15.3,7,7,3,48,3,UPI,1,1,1,No,6.4,7.7,19,0
NET12615,37,Standard,1,399,20.1,10,4,6,71,6,UPI,1,0,0,No,10.0,6.7,6,0
NET12616,24,Standard,24,399,25.9,13,2,2,73,2,UPI,0,2,2,Yes,3.8,8.8,25,1
NET12617,31,Premium,27,649,49.1,29,8,4,75,3,Net Banking,0,1,1,Yes,10.0,9.3,30,0
NET12618,35,Premium,1,669,20.1,11,26,3,36,5,Credit Card,1,0,0,Yes,7.5,8.5,5,0
NET12619,44,Premium,12,629,13.9,9,6,2,45,3,UPI,0,0,0,Yes,6.5,5.9,15,0
NET12620,37,Premium,12,649,12.9,8,4,3,65,4,UPI,0,0,0,No,7.7,8.1,15,0
NET12621,38,Premium+,1,949,23.9,11,1,5,8,4,Net Banking,0,0,1,No,10.0,6.0,3,1
NET12622,31,Standard,5,379,29.7,17,11,5,40,2,Net Banking,0,0,1,No,3.3,5.4,7,1
NET12623,43,Premium,48,649,19.5,11,2,2,52,1,UPI,1,0,0,No,5.0,5.7,49,0
NET12624,34,Premium,11,649,64.4,47,2,1,47,4,UPI,1,1,1,No,4.6,7.5,12,0
NET12625,23,Premium,37,629,46.3,22,2,2,24,5,UPI,0,1,1,No,5.8,10.0,42,0
NET12626,43,Standard,15,399,23.0,11,0,3,64,2,UPI,1,0,0,Yes,9.9,6.0,17,0
NET12627,37,Premium,1,629,2.6,1,6,5,24,3,UPI,2,0,0,No,9.0,4.1,2,1
NET12628,27,Premium+,1,919,36.5,25,4,2,76,10,UPI,1,0,0,No,4.9,5.2,6,0
NET12629,26,Basic,17,179,8.6,6,0,4,71,4,UPI,0,1,1,No,8.1,5.6,17,1
NET12630,33,Premium,11,669,29.5,15,10,4,52,9,Credit Card,2,1,1,No,6.7,7.2,15,0
NET12631,35,Standard,1,449,8.7,6,2,3,46,6,Net Banking,0,1,1,No,8.4,6.6,1,0
NET12632,32,Premium+,13,949,21.0,9,3,2,54,6,UPI,0,2,3,Yes,7.1,3.6,17,0
NET12633,33,Standard,23,399,61.2,33,1,3,86,2,UPI,0,1,1,No,6.7,7.7,28,0
NET12634,46,Basic,19,179,14.5,6,1,1,38,5,Net Banking,0,0,1,No,5.8,8.1,21,0
NET12635,40,Standard,3,419,25.5,13,4,5,52,7,Credit Card,0,0,0,No,6.2,7.5,3,0
NET12636,32,Premium,4,699,30.4,22,0,3,55,3,Wallet,1,0,0,Yes,8.0,7.9,7,0
NET12637,39,Basic,48,249,25.6,15,1,3,68,3,Net Banking,0,0,2,Yes,5.4,9.1,48,0
NET12638,21,Premium,30,699,67.4,41,0,1,49,6,Credit Card,0,0,0,Yes,10.0,7.2,31,0
NET12639,34,Premium+,5,899,111.6,51,0,3,31,4,Credit Card,0,1,1,No,5.9,5.0,5,0
NET12640,47,Premium,24,699,67.9,42,0,3,55,5,Wallet,0,0,1,No,7.8,4.0,26,0
NET12641,29,Basic,2,199,35.4,18,3,2,33,5,UPI,0,0,0,Yes,9.3,7.9,4,0
NET12642,23,Premium+,3,899,29.8,16,6,1,66,4,Net Banking,0,1,1,Yes,8.7,7.6,4,0
NET12643,25,Premium,2,629,31.5,16,2,2,61,3,Net Banking,1,0,0,No,4.1,7.6,6,0
NET12644,21,Basic,1,199,23.7,17,0,3,7,1,Debit Card,0,0,0,Yes,4.4,6.7,2,1
NET12645,23,Basic,27,199,25.4,11,6,3,26,3,Debit Card,0,0,0,No,7.3,6.7,32,0
NET12646,27,Basic,12,199,25.3,11,12,6,47,3,UPI,0,0,0,No,4.8,10.0,16,1
NET12647,18,Premium,4,669,32.6,18,0,3,43,5,Net Banking,0,1,1,No,8.4,4.6,6,0
NET12648,31,Basic,26,199,12.3,8,1,6,41,3,Credit Card,1,0,1,No,9.0,6.4,28,0
NET12649,39,Basic,22,199,16.2,7,0,3,28,4,Wallet,2,0,0,No,6.4,4.8,27,0
NET12650,22,Premium,1,649,14.1,7,1,3,53,3,UPI,0,2,2,Yes,9.0,8.0,5,0
NET12651,44,Standard,14,449,30.3,16,2,3,68,3,UPI,0,0,0,Yes,7.6,6.6,14,0
NET12652,35,Premium,17,699,17.0,8,3,1,48,4,Wallet,0,1,1,Yes,3.4,7.2,17,1
NET12653,40,Premium,17,629,63.3,32,2,2,50,2,UPI,0,0,0,No,6.8,8.7,18,0
NET12654,25,Basic,17,179,9.3,4,3,6,68,10,UPI,0,1,1,No,6.1,9.1,19,0
NET12655,38,Premium,2,629,24.1,11,2,1,45,5,Credit Card,0,1,1,No,7.2,4.9,2,0
NET12656,21,Basic,5,249,23.4,14,6,3,48,5,UPI,0,0,0,Yes,3.3,4.5,7,0
NET12657,39,Standard,26,419,20.0,13,6,2,58,4,Net Banking,0,1,1,Yes,4.4,6.3,27,0
NET12658,32,Premium,32,629,17.6,10,3,5,58,4,UPI,0,0,1,No,5.2,7.5,35,0
NET12659,35,Basic,4,199,20.2,9,2,4,28,6,UPI,1,2,2,Yes,6.6,7.7,6,0
NET12660,20,Premium+,1,949,35.7,24,2,6,45,3,Credit Card,0,0,2,Yes,9.0,7.2,4,0
NET12661,22,Standard,27,419,13.0,7,3,6,29,2,UPI,0,0,0,Yes,7.2,6.4,29,0
NET12662,36,Basic,6,199,10.6,7,0,3,60,6,Credit Card,0,0,0,Yes,7.6,5.1,10,0
NET12663,22,Premium+,5,899,15.5,7,1,2,33,5,Credit Card,0,1,1,Yes,4.2,8.2,10,1
NET12664,35,Standard,5,449,31.0,16,6,5,35,5,UPI,0,1,1,No,6.8,10.0,8,0
NET12665,18,Premium,7,649,52.6,29,16,3,49,4,Credit Card,0,0,0,Yes,5.3,7.5,11,0
NET12666,38,Standard,6,419,30.8,16,0,3,68,2,Debit Card,0,1,1,No,8.3,6.5,11,0
NET12667,19,Premium,11,699,62.0,44,0,5,33,3,Net Banking,0,1,1,No,5.3,6.9,15,0
NET12668,35,Basic,1,199,21.0,10,0,1,52,9,Net Banking,0,0,2,Yes,7.0,5.7,2,0
NET12669,36,Standard,49,449,22.0,13,1,3,42,5,Credit Card,0,0,0,No,7.1,9.9,50,0
NET12670,24,Standard,38,449,25.4,17,9,4,69,6,Net Banking,0,0,1,No,4.2,10.0,38,1
NET12671,36,Basic,38,199,19.8,15,10,3,5,3,UPI,0,0,1,No,7.3,8.4,41,0
NET12672,33,Premium,29,699,69.2,51,3,5,41,3,Debit Card,0,0,0,No,6.5,9.4,29,0
NET12673,26,Standard,15,399,15.9,8,9,3,57,3,UPI,0,2,2,Yes,7.0,4.6,18,0
NET12674,21,Standard,3,399,13.0,6,3,2,41,1,Credit Card,0,1,1,No,6.6,8.1,4,0
NET12675,15,Basic,1,199,20.0,13,5,2,33,1,UPI,0,0,0,No,8.4,7.6,2,0
NET12676,34,Premium,1,649,14.5,7,6,1,19,8,UPI,0,0,0,No,6.3,7.0,6,0
NET12677,16,Premium,5,649,6.3,3,1,3,44,3,Credit Card,0,1,2,Yes,6.1,7.6,10,1
NET12678,31,Standard,9,399,7.7,3,4,2,34,3,UPI,0,0,0,No,8.8,10.0,10,1
NET12679,28,Standard,69,379,18.4,9,4,3,42,2,UPI,0,0,0,No,9.4,8.8,72,0
NET12680,37,Basic,8,249,27.8,15,8,3,47,2,Debit Card,1,1,1,No,9.1,5.9,9,0
NET12681,28,Premium,10,649,15.5,9,1,3,55,4,UPI,0,1,1,Yes,5.3,6.7,10,0
NET12682,28,Basic,16,199,21.2,12,15,2,11,6,UPI,0,0,0,No,8.3,6.3,20,0
NET12683,37,Standard,2,379,12.0,7,2,3,44,1,UPI,0,0,1,No,9.3,7.3,7,1
NET12684,34,Premium,37,629,28.0,14,4,2,29,8,Wallet,0,1,3,Yes,8.6,6.5,40,0
NET12685,33,Premium+,10,879,54.8,29,2,4,88,2,UPI,0,0,1,No,6.6,6.7,14,0
NET12686,35,Standard,4,379,8.6,5,0,3,38,5,Wallet,0,1,1,No,9.6,7.0,4,0
NET12687,17,Premium,38,669,19.3,14,1,6,77,2,UPI,1,0,0,No,6.4,7.1,40,0
NET12688,37,Standard,13,399,40.8,18,27,6,19,5,Credit Card,0,0,1,No,5.7,4.8,18,1
NET12689,36,Premium+,9,899,14.7,10,2,2,8,7,Net Banking,0,0,1,Yes,7.1,6.0,10,0
NET12690,21,Standard,12,399,5.3,2,0,5,46,2,Credit Card,1,0,0,Yes,5.9,9.2,17,0
NET12691,28,Standard,19,399,10.8,5,3,4,65,7,Credit Card,1,0,0,No,7.1,7.7,24,0
NET12692,30,Premium,2,649,43.5,23,0,1,43,3,UPI,2,1,2,No,7.0,7.9,7,0
NET12693,29,Basic,28,179,4.9,2,5,5,30,2,Credit Card,1,0,0,No,10.0,5.6,28,0
NET12694,34,Basic,44,179,6.9,3,0,3,33,5,UPI,1,0,0,Yes,8.1,9.2,46,0
NET12695,43,Basic,11,219,24.2,15,4,5,58,2,UPI,2,0,0,No,5.8,10.0,14,0
NET12696,40,Premium,16,649,6.4,3,6,2,27,3,UPI,0,1,1,Yes,10.0,8.1,16,0
NET12697,19,Basic,27,249,15.1,10,0,3,59,3,UPI,0,0,1,No,9.5,6.7,30,0
NET12698,36,Premium,6,669,35.0,26,0,6,48,10,Debit Card,0,2,2,No,8.9,8.5,10,1
NET12699,42,Standard,69,379,25.2,16,8,1,83,3,UPI,0,0,0,Yes,9.1,5.3,73,0
NET12700,34,Basic,15,199,19.7,9,3,1,80,2,Credit Card,0,0,0,No,6.0,8.6,18,0
NET12701,40,Standard,7,379,25.0,13,0,5,41,2,UPI,0,0,1,No,6.3,6.9,11,0
NET12702,49,Basic,15,199,27.1,19,11,5,80,3,Debit Card,0,0,2,No,7.2,6.7,19,0
NET12703,40,Premium,10,629,30.7,18,8,4,41,9,Credit Card,2,0,0,No,7.0,7.9,11,0
NET12704,33,Premium,1,629,12.6,9,1,1,42,2,UPI,1,1,2,Yes,6.7,5.6,4,0
NET12705,40,Standard,22,419,23.7,11,2,4,50,4,UPI,0,0,0,No,5.3,6.9,25,0
NET12706,32,Basic,11,199,5.7,3,5,1,45,7,Credit Card,0,1,1,No,8.6,5.9,13,0
NET12707,31,Premium,22,699,35.6,22,0,3,36,3,UPI,0,0,1,No,7.5,7.1,27,0
NET12708,27,Premium,2,699,74.2,37,1,4,49,4,UPI,0,1,2,No,7.4,8.0,3,0
NET12709,45,Premium,10,699,28.8,13,2,1,12,2,Credit Card,0,1,1,No,6.5,7.9,10,0
NET12710,23,Premium,20,649,32.3,19,15,3,65,1,Net Banking,0,0,0,Yes,9.4,8.6,21,0
NET12711,44,Basic,62,249,49.0,24,1,3,79,2,Debit Card,2,0,0,No,8.6,9.4,62,0
NET12712,35,Premium,30,649,49.3,31,3,5,22,1,UPI,0,0,0,No,7.1,4.5,33,0
NET12713,18,Standard,27,379,7.4,3,1,2,73,2,UPI,0,1,2,Yes,6.0,9.7,28,0
NET12714,34,Basic,3,249,12.3,5,0,3,5,2,UPI,0,0,0,No,5.6,7.8,5,0
NET12715,15,Premium,25,669,42.9,22,1,5,74,4,Wallet,0,0,1,No,7.9,7.6,30,0
NET12716,36,Premium+,2,899,31.1,20,10,4,43,1,Net Banking,0,0,0,Yes,10.0,8.0,6,0
NET12717,38,Premium,3,649,26.3,13,2,1,16,5,UPI,2,0,0,No,5.1,7.0,3,0
NET12718,25,Basic,1,179,6.5,3,1,3,38,5,Credit Card,0,0,0,No,5.3,8.2,5,1
NET12719,32,Standard,27,399,5.0,3,0,5,59,3,Net Banking,0,0,1,No,5.9,6.7,32,0
NET12720,48,Standard,1,399,29.6,15,4,4,29,5,UPI,1,0,1,No,7.2,6.7,4,0
NET12721,26,Premium,2,629,33.3,21,4,4,50,6,Credit Card,0,0,0,No,8.9,5.4,5,0
NET12722,21,Basic,3,179,13.7,8,1,3,60,3,Net Banking,0,1,1,Yes,5.8,9.8,6,0
NET12723,44,Premium,11,629,26.6,18,2,2,35,3,Wallet,1,1,1,No,8.6,7.4,15,0
NET12724,48,Standard,29,419,4.6,2,2,1,40,5,UPI,0,0,0,Yes,5.0,7.8,34,0
NET12725,31,Premium,7,629,81.5,58,2,6,58,2,UPI,0,0,0,No,8.7,9.8,10,0
NET12726,40,Premium+,11,879,24.5,18,2,3,43,0,Debit Card,0,0,0,Yes,2.9,4.3,14,0
NET12727,43,Standard,2,379,20.3,11,3,6,21,5,UPI,1,0,1,Yes,4.5,9.1,6,1
NET12728,24,Standard,4,449,18.1,9,27,4,45,7,UPI,0,0,0,Yes,5.1,7.7,7,0
NET12729,26,Premium,2,699,19.3,9,13,2,5,2,Debit Card,1,0,0,No,4.8,9.8,7,1
NET12730,42,Standard,7,419,27.8,18,6,3,13,7,Wallet,1,2,3,Yes,10.0,4.5,7,1
NET12731,46,Premium,12,669,35.0,17,3,4,67,3,UPI,0,2,2,No,9.1,3.5,13,1
NET12732,36,Premium,4,649,12.4,6,2,2,49,1,Credit Card,0,0,0,No,5.0,7.7,4,0
NET12733,23,Basic,26,249,6.1,3,17,2,76,4,Credit Card,0,0,1,Yes,4.9,8.6,29,1
NET12734,48,Premium,55,669,44.8,31,14,6,50,6,UPI,0,0,0,No,6.3,5.4,60,0
NET12735,26,Basic,1,219,5.3,3,1,4,24,4,Credit Card,3,1,2,Yes,9.2,2.2,6,1
NET12736,27,Premium+,1,899,41.4,25,1,5,48,4,UPI,0,2,2,No,6.9,6.7,4,0
NET12737,34,Standard,21,379,56.9,29,2,3,35,5,Credit Card,2,0,1,No,7.8,7.5,24,0
NET12738,44,Premium,2,649,37.5,20,3,3,49,1,Debit Card,0,0,0,Yes,7.1,6.9,5,0
NET12739,38,Standard,6,399,40.5,18,4,3,45,5,UPI,0,1,1,No,8.6,8.6,10,0
NET12740,34,Standard,7,399,14.9,10,0,4,28,7,UPI,0,0,1,No,7.1,7.0,12,0
NET12741,35,Standard,34,399,21.4,12,0,3,41,0,UPI,0,1,2,No,5.9,9.1,35,0
NET12742,31,Premium,15,649,18.5,9,3,3,55,5,Debit Card,0,0,1,Yes,8.2,7.4,19,0
NET12743,36,Standard,1,379,31.9,19,15,5,67,6,UPI,2,0,0,Yes,4.3,8.3,5,1
NET12744,15,Premium,1,669,25.3,11,8,5,42,3,UPI,0,0,0,Yes,10.0,6.8,6,0
NET12745,28,Standard,3,449,37.4,18,4,4,31,7,UPI,0,0,0,Yes,7.9,4.5,6,0
NET12746,33,Premium,5,649,52.6,25,0,2,41,3,Credit Card,0,0,0,No,4.2,8.6,5,0
NET12747,20,Premium,9,629,14.1,7,0,2,34,3,Credit Card,0,0,0,Yes,9.6,6.7,14,0
NET12748,34,Basic,25,199,27.9,16,5,1,80,5,Net Banking,1,0,1,No,8.8,9.2,25,0
NET12749,29,Standard,5,419,31.7,19,1,1,47,2,Debit Card,0,0,1,No,7.9,3.9,7,0
NET12750,46,Standard,6,399,33.2,23,5,2,52,3,Credit Card,0,0,0,No,6.1,7.5,11,0
NET12751,45,Standard,5,399,14.4,6,3,1,41,6,Credit Card,0,0,0,No,6.6,5.5,6,0
NET12752,26,Standard,1,399,26.0,16,1,1,5,5,Debit Card,0,0,0,No,8.5,5.6,6,0
NET12753,29,Premium,43,699,19.7,9,3,4,41,6,UPI,0,0,2,No,6.5,8.0,45,0
NET12754,30,Basic,2,249,25.1,19,13,4,50,4,Credit Card,0,0,0,No,4.8,7.4,6,0
NET12755,26,Premium,4,669,29.7,18,1,6,28,4,Credit Card,1,0,1,Yes,7.0,8.9,6,0
NET12756,32,Premium+,1,899,29.7,16,18,3,55,3,Net Banking,0,1,1,No,4.5,9.2,3,0
NET12757,24,Standard,9,449,5.8,3,1,2,41,4,UPI,1,1,1,No,7.4,5.2,14,0
NET12758,20,Premium,37,629,30.7,20,3,5,41,4,UPI,0,0,0,No,3.2,5.4,39,0
NET12759,36,Basic,1,219,25.1,18,7,3,62,3,UPI,1,0,0,No,6.6,6.3,2,0
NET12760,36,Premium,8,649,58.7,26,8,3,46,7,UPI,1,2,2,Yes,8.0,4.6,13,0
NET12761,23,Standard,1,399,23.8,11,2,1,70,4,UPI,0,2,4,Yes,8.5,6.8,1,0
NET12762,39,Premium,20,649,11.4,7,0,2,78,5,Credit Card,0,1,2,No,4.7,6.9,20,1
NET12763,25,Premium+,14,879,27.7,21,5,2,42,2,UPI,1,0,0,Yes,7.5,8.1,16,0
NET12764,33,Standard,16,449,27.3,15,2,3,54,7,Debit Card,0,0,0,Yes,5.2,6.2,21,0
NET12765,38,Premium,8,649,38.0,23,4,5,66,2,Credit Card,0,0,1,No,7.5,8.1,9,0
NET12766,30,Standard,33,379,45.0,32,0,5,39,3,Debit Card,0,1,1,No,6.1,5.5,33,0
NET12767,35,Basic,7,179,7.9,3,2,3,51,3,Debit Card,1,0,0,No,5.6,2.1,10,1
NET12768,26,Premium,10,649,22.1,13,5,3,16,4,Net Banking,0,1,1,Yes,4.4,5.8,15,0
NET12769,29,Basic,16,179,23.1,10,0,4,22,4,Credit Card,0,1,1,No,5.1,6.2,21,0
NET12770,29,Premium,10,669,23.2,11,3,2,36,5,UPI,0,0,1,Yes,3.1,7.6,10,0
NET12771,24,Basic,2,199,10.0,4,3,4,67,4,UPI,0,0,0,No,5.2,7.0,2,0
NET12772,29,Premium,5,669,19.1,10,2,2,55,1,Credit Card,1,1,2,Yes,8.3,10.0,6,0
NET12773,17,Basic,1,179,20.0,11,25,1,39,2,Credit Card,0,0,0,No,6.6,4.0,2,1
NET12774,26,Standard,7,379,13.5,8,21,4,64,3,Credit Card,0,0,0,No,9.1,6.5,7,1
NET12775,28,Standard,13,419,32.8,23,4,2,68,6,Credit Card,1,1,1,Yes,4.2,8.2,16,0
NET12776,28,Standard,1,399,18.2,9,1,2,57,1,UPI,0,0,0,No,7.3,7.2,4,0
NET12777,28,Standard,13,379,28.4,17,3,4,38,1,Wallet,1,1,1,No,10.0,7.0,15,0
NET12778,30,Standard,31,419,13.5,9,11,6,37,4,Credit Card,0,0,1,No,8.5,8.4,33,0
NET12779,35,Standard,5,419,16.9,12,2,6,50,6,Credit Card,0,1,2,No,3.9,5.6,5,0
NET12780,38,Standard,3,399,10.5,7,2,4,42,4,Credit Card,0,0,0,No,6.1,8.8,3,0
NET12781,25,Standard,31,399,11.3,6,9,3,57,4,Credit Card,1,0,0,No,10.0,7.7,31,0
NET12782,20,Standard,16,449,34.8,16,5,3,34,1,Net Banking,0,0,0,Yes,6.6,7.0,21,0
NET12783,21,Basic,1,219,13.7,9,3,4,56,3,Debit Card,0,0,0,Yes,8.6,10.0,4,0
NET12784,26,Premium+,7,899,67.4,38,1,4,38,5,Debit Card,0,0,1,No,6.6,6.2,11,0
NET12785,27,Standard,15,449,38.1,23,5,2,48,2,Debit Card,0,0,0,Yes,5.3,5.1,17,0
NET12786,24,Basic,11,199,16.4,9,1,3,43,1,Credit Card,0,2,2,Yes,9.1,7.2,13,0
NET12787,19,Standard,13,399,16.0,11,3,2,26,0,Debit Card,1,0,0,Yes,7.6,10.0,17,0
NET12788,26,Premium,11,649,33.9,19,4,4,10,7,Credit Card,1,0,0,Yes,8.2,6.1,11,0
NET12789,32,Basic,22,179,34.7,19,32,3,15,6,UPI,0,1,1,No,8.2,9.0,24,0
NET12790,36,Premium,5,649,21.5,10,1,2,43,8,Credit Card,2,0,0,No,8.6,7.2,8,0
NET12791,25,Standard,17,449,30.4,20,1,6,58,3,UPI,1,1,2,No,6.9,4.6,21,1
NET12792,27,Basic,66,199,8.3,4,8,2,57,2,UPI,0,0,0,No,8.1,3.9,69,1
NET12793,22,Premium,6,629,62.8,31,0,1,16,6,UPI,0,0,0,No,6.7,6.1,11,0
NET12794,30,Standard,21,399,43.2,20,0,3,49,4,UPI,0,0,0,Yes,5.9,6.8,21,0
NET12795,23,Standard,3,399,29.9,14,19,3,52,6,Wallet,0,0,1,No,9.4,5.3,5,0
NET12796,36,Premium,4,649,19.0,9,0,6,38,2,Credit Card,0,2,4,No,3.7,8.4,7,0
NET12797,15,Premium,38,669,18.2,8,15,1,65,5,Net Banking,2,1,1,No,6.7,4.3,42,0
NET12798,27,Premium,1,669,14.5,9,10,3,65,1,Credit Card,0,0,0,Yes,4.7,6.5,1,0
NET12799,33,Premium,3,649,25.4,17,5,1,26,6,Credit Card,0,0,0,No,4.9,7.0,5,1
NET12800,32,Premium,9,629,24.0,15,12,2,17,1,UPI,0,1,1,Yes,9.7,6.1,11,0
NET12801,55,Premium,7,629,21.2,10,1,6,34,2,UPI,0,0,0,No,7.9,9.8,7,0
NET12802,34,Basic,13,179,15.8,9,1,5,45,2,Credit Card,0,1,2,No,4.8,4.4,13,0
NET12803,21,Premium,2,629,21.3,10,3,5,43,4,Debit Card,0,3,3,No,8.4,7.9,2,0
NET12804,30,Premium,1,649,27.3,16,33,4,52,5,UPI,1,0,1,No,8.8,7.4,6,0
NET12805,15,Basic,6,199,14.4,7,0,1,49,4,Debit Card,0,1,2,No,5.3,6.4,9,0
NET12806,30,Standard,10,399,16.0,7,0,3,55,7,Debit Card,0,0,0,Yes,5.7,4.7,11,0
NET12807,23,Basic,11,199,31.9,16,7,4,33,6,UPI,0,0,1,Yes,9.0,5.3,16,0
NET12808,39,Premium,12,629,26.1,11,1,3,42,6,Credit Card,0,0,1,No,8.0,7.5,14,0
NET12809,26,Standard,11,449,43.8,22,4,3,50,2,Credit Card,2,0,1,Yes,8.6,8.5,14,0
NET12810,29,Premium+,3,949,85.1,55,2,5,75,3,Credit Card,1,0,0,No,4.7,6.3,7,0
NET12811,25,Basic,20,199,14.0,6,11,2,75,5,Credit Card,0,0,0,Yes,8.3,7.4,22,0
NET12812,46,Premium,1,699,21.0,10,4,4,46,6,UPI,0,0,0,No,6.7,7.7,6,0
NET12813,28,Basic,3,219,18.9,11,0,1,6,5,Debit Card,0,0,0,No,4.4,9.2,4,0
NET12814,47,Premium,18,649,20.9,11,7,2,60,3,Wallet,0,0,0,No,6.0,7.9,22,0
NET12815,38,Premium,4,699,40.7,20,4,6,13,4,Debit Card,0,0,0,Yes,7.1,5.1,6,0
NET12816,35,Premium,9,669,20.3,10,7,1,5,1,Credit Card,0,0,0,No,5.9,7.6,10,0
NET12817,34,Premium,5,649,65.8,31,0,2,60,1,UPI,0,0,0,Yes,6.7,7.1,5,0
NET12818,34,Premium,9,669,34.6,22,0,2,49,4,Debit Card,1,0,1,No,6.3,7.4,10,0
NET12819,15,Basic,5,199,27.7,12,14,3,23,9,UPI,1,1,1,No,4.7,8.0,7,0
NET12820,28,Standard,72,399,28.0,18,5,2,52,4,Credit Card,0,1,1,No,10.0,5.7,73,0
NET12821,38,Premium,6,699,9.1,5,1,3,31,4,Credit Card,0,3,3,No,5.3,9.3,11,1
NET12822,30,Standard,13,399,6.8,4,7,1,58,3,Net Banking,0,0,1,Yes,8.3,7.7,15,0
NET12823,18,Basic,30,249,7.4,4,7,3,82,5,Credit Card,2,1,1,No,8.1,7.7,32,1
NET12824,30,Standard,14,379,17.3,9,14,1,28,4,UPI,0,0,0,No,6.8,7.2,15,0
NET12825,46,Standard,11,419,46.6,26,8,2,5,1,Credit Card,0,0,0,No,5.2,7.3,12,0
NET12826,42,Standard,11,379,32.2,21,10,3,17,6,Net Banking,0,0,0,Yes,7.9,5.9,16,0
NET12827,30,Premium,9,649,39.1,23,10,1,47,5,UPI,0,2,2,No,6.6,4.9,13,0
NET12828,39,Standard,23,449,29.3,15,2,4,59,1,UPI,0,0,0,No,7.2,9.3,27,0
NET12829,27,Basic,1,179,14.6,6,4,3,36,4,Credit Card,1,0,1,No,6.0,6.3,4,0
NET12830,15,Basic,30,179,8.7,5,0,5,20,1,Debit Card,0,1,1,No,6.8,6.6,32,0
NET12831,22,Premium,12,629,46.6,25,0,2,15,8,UPI,0,0,0,No,7.7,7.3,16,0
NET12832,45,Premium+,26,899,52.5,24,12,3,68,4,Credit Card,0,0,0,No,8.2,8.5,29,0
NET12833,28,Premium,1,649,10.9,5,0,3,15,6,UPI,1,0,0,No,7.3,5.0,6,0
NET12834,28,Standard,28,399,17.4,11,4,3,5,1,Credit Card,0,0,1,No,8.2,5.4,30,0
NET12835,28,Premium+,1,879,12.5,7,15,4,18,3,Net Banking,1,1,2,No,8.8,4.1,6,0
NET12836,48,Premium,17,669,14.6,7,1,2,43,5,Credit Card,0,0,0,Yes,8.6,6.4,20,0
NET12837,45,Premium,7,699,18.7,9,3,3,71,4,Credit Card,0,1,1,No,8.0,4.7,11,0
NET12838,50,Premium,15,699,19.9,9,6,3,38,3,Credit Card,0,1,1,No,6.5,4.9,18,0
NET12839,29,Standard,13,399,55.8,38,4,4,39,3,Debit Card,0,0,0,No,5.9,8.6,14,0
NET12840,33,Standard,2,379,24.8,14,2,3,52,2,UPI,0,0,0,Yes,9.1,10.0,7,1
NET12841,17,Basic,10,219,16.1,8,9,3,26,4,Net Banking,0,1,1,No,6.1,7.7,13,0
NET12842,44,Standard,4,399,46.5,27,3,4,40,3,UPI,0,1,1,Yes,7.3,4.7,9,0
NET12843,20,Premium,11,649,19.0,10,2,4,19,1,Credit Card,0,1,1,No,8.3,8.5,11,1
NET12844,32,Premium,18,649,37.7,19,0,3,79,5,UPI,0,0,0,Yes,7.9,8.9,18,0
NET12845,21,Premium,1,699,9.3,5,11,5,53,6,Net Banking,1,0,0,No,6.5,7.1,4,0
NET12846,25,Standard,10,449,5.6,3,44,4,46,6,Credit Card,0,0,0,No,4.4,7.9,10,1
NET12847,23,Basic,13,219,36.2,22,8,3,21,4,Net Banking,0,2,2,No,7.6,7.8,16,0
NET12848,25,Basic,4,219,15.4,9,21,5,43,5,UPI,1,2,3,No,6.2,7.1,9,1
NET12849,26,Standard,42,399,14.4,9,4,6,54,4,Debit Card,0,1,1,No,5.6,8.9,45,0
NET12850,26,Standard,10,449,20.6,9,5,3,45,6,UPI,2,1,1,No,7.9,8.2,13,0
NET12851,38,Premium,2,669,27.5,14,12,1,45,7,Wallet,0,2,2,No,4.2,7.0,2,1
NET12852,21,Basic,1,219,11.9,8,4,4,19,2,Debit Card,0,0,1,No,5.1,5.2,3,0
NET12853,32,Premium+,10,949,26.6,18,0,3,5,3,Net Banking,0,0,0,No,8.3,9.0,13,0
NET12854,41,Standard,6,449,21.3,14,8,2,31,4,UPI,1,1,3,No,5.3,6.8,9,1
NET12855,26,Premium,2,629,34.0,17,0,3,68,3,UPI,1,1,1,Yes,4.5,7.0,3,1
NET12856,24,Standard,1,419,15.4,8,2,1,44,3,Wallet,0,0,0,No,8.8,6.4,2,0
NET12857,28,Basic,11,199,15.4,8,11,4,75,6,Credit Card,1,1,1,Yes,6.4,9.2,15,0
NET12858,41,Premium,12,649,21.2,11,1,5,31,4,Net Banking,0,1,1,Yes,7.6,10.0,12,0
NET12859,32,Premium,2,649,29.6,15,16,2,38,4,Net Banking,0,0,0,Yes,10.0,5.9,4,0
NET12860,26,Standard,12,449,35.3,17,10,3,45,2,UPI,0,1,3,No,9.2,5.3,15,0
NET12861,35,Standard,42,399,37.6,27,20,3,45,3,Credit Card,0,1,1,Yes,6.7,8.8,45,0
NET12862,21,Basic,53,179,11.0,5,0,3,38,6,Wallet,0,1,1,No,7.8,7.2,53,0
NET12863,37,Premium,30,669,21.9,15,2,4,65,10,UPI,0,0,1,Yes,9.3,5.2,34,0
NET12864,34,Premium+,23,879,33.5,17,9,2,35,7,UPI,0,0,0,No,5.6,6.6,27,0
NET12865,28,Basic,3,199,17.7,11,6,3,36,3,UPI,0,1,1,No,9.6,8.6,4,0
NET12866,23,Standard,2,379,12.4,6,8,6,34,1,Net Banking,0,0,0,No,5.6,9.6,2,0
NET12867,23,Premium+,8,949,32.0,16,12,5,65,4,UPI,0,0,0,No,6.1,9.2,12,0
NET12868,35,Standard,13,399,18.9,12,1,4,52,3,Debit Card,2,0,0,No,5.1,6.9,17,0
NET12869,42,Premium,26,699,33.9,18,21,2,11,4,Debit Card,0,0,0,No,7.7,8.4,28,1
NET12870,25,Standard,3,419,28.4,14,8,3,18,2,UPI,0,2,2,No,2.6,6.3,4,0
NET12871,35,Standard,9,449,20.2,13,17,3,52,8,Credit Card,0,2,2,No,7.6,10.0,10,0
NET12872,15,Standard,14,399,42.3,29,0,4,57,3,UPI,0,0,0,Yes,5.3,7.6,15,1
NET12873,25,Standard,8,399,13.1,7,4,1,23,2,UPI,0,0,0,Yes,4.5,6.1,13,1
NET12874,30,Basic,8,219,33.0,15,10,3,22,7,UPI,0,0,0,No,8.6,8.8,12,0
NET12875,22,Premium,3,669,55.7,40,0,2,37,7,UPI,0,0,1,Yes,4.9,5.4,6,0
NET12876,22,Premium,60,649,8.9,5,3,5,73,3,UPI,1,1,2,No,7.6,7.3,65,0
NET12877,24,Premium,9,629,19.0,9,9,2,34,4,Debit Card,1,1,1,No,4.7,5.7,13,0
NET12878,33,Premium,10,649,45.1,28,0,3,5,4,UPI,0,0,1,No,8.5,10.0,14,0
NET12879,29,Basic,3,249,7.5,5,7,1,58,5,Credit Card,0,0,1,No,10.0,4.4,3,1
NET12880,15,Basic,10,179,17.4,9,20,2,22,5,Credit Card,0,0,0,No,6.2,7.6,11,0
NET12881,15,Premium,4,669,9.2,4,0,3,7,5,Debit Card,1,0,2,No,6.3,5.9,5,0
NET12882,25,Standard,3,399,22.7,12,15,4,36,4,UPI,1,0,0,No,9.2,7.4,5,0
NET12883,35,Standard,4,449,26.7,13,3,1,41,5,Net Banking,0,1,1,No,6.7,5.4,5,0
NET12884,15,Basic,1,199,9.4,7,0,4,28,2,UPI,0,0,0,No,6.6,5.0,5,0
NET12885,26,Basic,11,219,21.2,11,2,4,57,4,UPI,0,1,1,Yes,6.8,8.0,11,0
NET12886,26,Standard,6,379,55.8,38,2,2,59,4,UPI,0,0,0,No,6.0,6.1,8,0
NET12887,43,Premium,32,629,5.0,2,1,2,51,1,UPI,0,0,0,No,8.3,5.5,36,0
NET12888,27,Premium+,1,899,32.7,18,10,2,63,4,UPI,0,0,0,No,8.6,7.0,5,0
NET12889,34,Premium,1,669,30.6,20,3,1,59,4,UPI,0,0,1,Yes,9.3,4.2,6,0
NET12890,32,Premium+,30,919,33.8,18,2,3,63,4,Wallet,0,0,0,No,4.4,4.6,32,1
NET12891,15,Premium+,1,949,26.0,13,2,3,33,4,UPI,0,0,0,Yes,5.7,7.7,6,0
NET12892,37,Standard,1,449,23.0,10,29,3,55,6,Net Banking,1,1,1,No,7.0,2.8,5,1
NET12893,32,Basic,2,179,18.3,8,5,4,29,3,UPI,0,0,1,No,7.3,6.6,6,0
NET12894,35,Premium,24,649,20.0,9,0,3,54,8,Credit Card,0,0,0,Yes,6.4,8.3,29,0
NET12895,66,Basic,22,179,27.1,13,13,4,20,3,UPI,2,1,1,Yes,5.7,7.9,22,1
NET12896,15,Standard,5,449,31.7,17,7,2,71,2,Debit Card,0,0,0,No,6.4,8.2,5,0
NET12897,46,Basic,15,249,11.4,5,1,5,14,2,UPI,0,0,0,No,9.7,6.8,20,0
NET12898,28,Standard,9,449,24.3,12,0,3,54,5,Debit Card,0,1,2,Yes,7.3,5.4,9,0
NET12899,33,Standard,32,379,12.1,6,2,1,57,5,Wallet,1,1,2,No,6.5,6.8,33,0
NET12900,30,Basic,1,219,25.6,17,1,1,68,5,Net Banking,0,1,1,Yes,5.6,3.9,3,1
NET12901,27,Standard,23,399,24.5,16,7,2,49,4,Net Banking,0,1,1,No,6.8,8.7,23,0
NET12902,25,Premium,2,649,7.4,5,1,2,26,6,Wallet,1,0,0,No,6.8,7.5,6,1
NET12903,33,Standard,6,449,23.0,15,4,1,66,2,UPI,0,2,2,No,7.8,8.6,7,0
NET12904,17,Premium,2,649,29.8,17,6,1,41,5,Debit Card,0,2,2,Yes,5.2,5.7,4,0
NET12905,37,Basic,16,179,6.3,3,6,3,22,3,UPI,0,0,1,No,6.7,6.3,16,0
NET12906,27,Basic,15,219,12.6,9,8,1,29,3,UPI,0,1,1,No,4.3,9.4,15,1
NET12907,20,Standard,11,449,42.7,21,4,1,77,4,UPI,0,1,1,No,8.3,10.0,13,1
NET12908,26,Standard,16,399,66.4,39,0,1,32,1,Credit Card,0,0,0,No,6.4,3.3,16,0
NET12909,42,Premium,14,699,16.1,11,2,3,61,4,Net Banking,1,0,0,Yes,10.0,6.7,19,0
NET12910,26,Premium,20,649,12.9,6,2,3,57,6,Wallet,2,0,0,No,7.2,6.2,22,0
NET12911,34,Premium,3,649,21.5,16,6,2,41,4,UPI,0,1,1,No,6.9,8.0,5,0
NET12912,24,Premium+,7,899,47.6,26,5,2,32,4,UPI,1,2,3,Yes,3.9,8.8,11,0
NET12913,37,Standard,2,399,31.5,15,4,3,35,7,UPI,0,0,0,No,6.8,8.8,4,0
NET12914,37,Basic,7,199,9.5,5,3,2,37,4,Credit Card,0,0,0,No,6.2,7.0,10,0
NET12915,47,Standard,16,379,2.1,1,0,2,37,2,UPI,1,1,1,Yes,8.1,8.2,16,1
NET12916,29,Basic,16,199,12.4,9,7,6,43,1,Net Banking,0,0,1,No,7.3,6.0,20,0
NET12917,37,Standard,17,419,14.7,9,9,4,36,7,UPI,0,1,2,No,4.3,8.8,18,0
NET12918,31,Basic,5,219,24.1,12,13,2,78,1,Credit Card,0,0,1,No,6.0,6.5,8,0
NET12919,42,Standard,15,399,28.6,14,0,2,52,2,Debit Card,2,1,1,No,9.2,8.9,17,1
NET12920,24,Basic,6,179,24.6,17,12,2,46,3,Credit Card,2,0,0,No,5.7,5.6,7,0
NET12921,37,Basic,40,219,6.5,2,12,6,32,6,Credit Card,1,0,1,No,7.3,6.2,41,0
NET12922,29,Premium,5,699,9.0,5,6,2,51,2,Net Banking,1,0,1,Yes,6.4,6.7,6,0
NET12923,30,Premium,12,669,26.4,12,1,3,69,6,Debit Card,0,0,0,No,8.7,7.2,13,0
NET12924,31,Premium,19,629,21.4,11,13,2,59,3,Net Banking,0,3,3,No,5.9,7.8,23,0
NET12925,33,Premium,33,649,8.0,4,2,2,22,1,UPI,0,0,0,Yes,8.9,8.9,37,0
NET12926,29,Basic,8,199,11.8,8,5,4,67,6,Credit Card,0,1,1,Yes,8.1,7.7,9,0
NET12927,32,Standard,6,399,6.8,3,3,2,16,9,UPI,0,0,0,Yes,3.9,5.2,9,1
NET12928,45,Basic,7,179,4.2,3,13,2,54,7,UPI,1,0,0,Yes,6.2,8.1,7,0
NET12929,39,Premium,5,649,21.8,9,1,2,78,2,UPI,0,0,0,No,9.0,3.4,10,0
NET12930,38,Premium,14,649,15.5,9,2,1,48,3,UPI,1,0,0,Yes,7.1,9.1,14,0
NET12931,26,Basic,37,179,12.0,8,3,1,53,6,UPI,0,0,0,No,6.1,5.1,41,0
NET12932,22,Standard,1,449,9.0,4,11,4,23,3,Credit Card,0,0,0,Yes,6.0,7.4,4,0
NET12933,39,Premium+,11,919,33.3,16,2,4,46,1,Wallet,1,0,0,Yes,6.0,8.0,14,0
NET12934,38,Standard,31,379,13.8,8,2,4,5,6,Credit Card,0,1,1,No,8.9,4.5,33,0
NET12935,44,Premium,1,629,38.8,29,9,5,25,5,Debit Card,0,0,1,No,6.0,7.3,5,0
NET12936,25,Standard,9,399,19.9,9,2,6,57,2,UPI,0,0,1,Yes,7.1,9.2,12,0
NET12937,28,Basic,28,199,4.1,2,6,3,35,7,UPI,1,0,0,Yes,7.6,8.9,31,0
NET12938,16,Premium,32,699,40.7,29,12,2,67,2,Net Banking,0,0,1,Yes,6.8,8.0,32,0
NET12939,27,Premium,10,649,21.7,10,1,5,60,4,Net Banking,0,1,2,Yes,8.8,9.6,13,0
NET12940,39,Premium,1,699,30.4,15,3,3,33,5,UPI,0,0,1,No,3.2,8.5,4,0
NET12941,26,Standard,1,399,46.4,26,4,3,50,5,UPI,0,0,0,No,6.2,8.0,2,0
NET12942,36,Standard,12,399,31.8,18,5,3,56,4,Credit Card,0,1,1,No,4.7,7.8,12,0
NET12943,29,Premium,1,649,39.4,20,15,2,53,3,UPI,0,0,1,Yes,6.3,7.5,1,0
NET12944,33,Standard,2,419,23.2,14,23,3,68,2,Debit Card,0,0,0,Yes,7.4,9.9,3,1
NET12945,20,Standard,20,449,23.3,12,9,6,42,7,UPI,0,0,0,Yes,7.5,6.8,20,0
NET12946,31,Premium,19,699,22.0,15,0,2,71,3,UPI,0,0,0,Yes,5.8,6.0,21,0
NET12947,15,Standard,25,399,28.1,19,0,5,33,3,UPI,0,0,0,No,4.6,6.0,30,0
NET12948,29,Standard,1,379,16.9,10,0,1,57,5,UPI,0,0,0,No,8.9,5.7,3,0
NET12949,16,Premium,3,649,31.0,14,4,2,50,2,UPI,1,1,2,Yes,4.1,6.7,7,1
NET12950,41,Premium+,25,899,34.9,16,0,2,21,3,Net Banking,0,1,1,No,4.8,9.0,30,0
NET12951,37,Standard,17,399,50.1,28,4,1,46,5,Credit Card,0,0,0,Yes,6.1,7.0,17,0
NET12952,35,Standard,22,449,56.2,30,8,3,40,3,Net Banking,0,0,1,Yes,5.5,6.6,22,0
NET12953,44,Premium,64,669,36.5,19,2,1,12,4,Debit Card,0,1,1,Yes,7.5,6.8,66,0
NET12954,22,Premium,27,699,110.1,67,0,2,82,8,Credit Card,2,0,1,Yes,6.0,6.4,31,0
NET12955,46,Premium,10,669,61.1,31,0,5,36,5,Net Banking,0,0,1,No,5.3,4.1,14,0
NET12956,39,Standard,5,419,11.6,6,0,6,44,3,Debit Card,0,0,0,Yes,7.4,8.8,7,0
NET12957,28,Standard,11,449,35.7,22,4,2,36,3,Net Banking,0,1,1,No,4.5,5.3,13,0
NET12958,41,Premium,14,649,67.9,43,0,2,78,4,UPI,1,2,3,Yes,6.3,8.5,19,0
NET12959,21,Premium,5,669,15.9,7,7,3,63,2,Debit Card,0,1,1,No,6.6,9.0,6,0
NET12960,23,Premium,20,649,40.8,26,0,1,61,4,UPI,0,0,0,Yes,6.6,6.8,24,0
NET12961,25,Basic,1,199,6.5,4,13,4,65,5,Credit Card,0,1,1,No,8.4,10.0,5,0
NET12962,26,Standard,21,419,16.9,8,11,4,56,6,Wallet,0,0,0,No,7.0,7.9,22,0
NET12963,21,Standard,1,399,11.1,5,1,1,52,4,Credit Card,0,2,2,Yes,4.0,7.4,3,1
NET12964,42,Premium+,9,919,33.5,22,1,2,42,9,UPI,1,3,3,Yes,7.8,7.6,10,0
NET12965,28,Premium,27,649,85.8,41,0,2,30,2,UPI,0,1,1,No,7.0,6.6,28,0
NET12966,34,Standard,1,399,37.8,17,24,3,40,2,UPI,0,0,0,Yes,7.6,7.3,4,0
NET12967,25,Basic,10,249,15.4,9,0,4,14,5,UPI,0,1,2,No,7.5,3.3,14,0
NET12968,15,Standard,2,399,7.4,4,3,3,37,2,UPI,0,0,0,Yes,5.3,9.4,4,0
NET12969,33,Basic,31,249,18.3,12,11,2,28,3,Debit Card,0,0,2,No,8.0,6.0,34,0
NET12970,15,Premium,25,629,52.1,28,1,2,65,2,UPI,0,2,3,No,7.6,4.5,30,0
NET12971,30,Premium,38,669,26.4,13,8,3,74,4,UPI,0,0,0,No,5.7,9.2,41,0
NET12972,18,Standard,29,449,31.1,22,1,4,54,6,Wallet,1,1,1,No,7.8,7.2,32,0
NET12973,48,Standard,18,399,10.3,6,2,2,39,3,Wallet,0,2,2,No,6.6,8.2,20,1
NET12974,39,Premium,2,669,27.3,17,1,5,46,3,UPI,1,0,0,No,8.8,9.3,3,0
NET12975,31,Standard,5,419,18.1,10,0,2,21,0,Credit Card,0,0,0,Yes,8.9,8.6,7,0
NET12976,42,Basic,9,219,29.1,14,0,3,56,5,Debit Card,1,0,0,Yes,9.7,7.1,13,0
NET12977,23,Premium+,12,919,31.8,21,6,1,47,2,Wallet,0,1,1,No,10.0,6.0,17,0
NET12978,35,Premium,21,669,16.1,7,0,4,53,4,Net Banking,0,0,0,Yes,7.5,7.7,26,0
NET12979,32,Premium,3,649,10.2,4,22,5,40,4,Debit Card,0,0,0,No,6.3,5.6,8,1
NET12980,33,Basic,1,179,23.4,15,1,1,22,3,UPI,1,0,0,Yes,7.2,7.3,5,0
NET12981,42,Basic,9,199,19.2,8,0,4,45,3,Debit Card,0,0,0,Yes,6.9,7.8,10,0
NET12982,37,Basic,2,179,14.2,8,2,3,69,0,UPI,1,0,0,No,10.0,3.4,4,0
NET12983,33,Basic,16,199,26.2,14,1,3,47,5,Credit Card,1,0,0,Yes,8.3,8.8,17,0
NET12984,16,Premium,12,699,20.4,11,0,6,67,2,Debit Card,0,0,0,No,8.1,7.9,13,0
NET12985,22,Basic,18,219,19.4,9,6,1,33,3,Credit Card,0,0,1,Yes,9.2,6.9,20,1
NET12986,29,Premium,1,699,40.7,21,9,3,64,4,UPI,1,1,1,No,7.8,7.1,5,0
NET12987,31,Standard,46,449,19.5,9,0,1,87,6,UPI,0,1,1,Yes,4.7,7.0,48,1
NET12988,20,Standard,1,399,68.6,40,1,5,73,3,UPI,0,0,1,No,2.9,8.4,6,0
NET12989,52,Premium+,5,899,20.9,11,6,5,28,1,UPI,0,0,0,No,4.7,7.3,9,1
NET12990,44,Basic,15,219,33.0,21,24,3,30,3,Credit Card,0,1,1,No,5.8,8.2,15,0
NET12991,36,Standard,1,449,32.9,20,6,1,6,3,UPI,0,0,1,No,6.8,6.5,1,0
NET12992,31,Standard,1,379,19.0,10,2,4,50,4,UPI,0,0,0,Yes,5.6,6.1,1,0
NET12993,29,Basic,1,219,4.6,3,6,2,37,7,UPI,0,0,1,No,10.0,8.1,6,1
NET12994,22,Standard,12,399,45.2,24,1,4,71,3,Net Banking,0,1,1,Yes,9.8,6.7,15,0
NET12995,31,Standard,31,419,22.2,12,0,2,57,6,Credit Card,0,0,0,No,7.8,5.1,35,0
NET12996,33,Premium,11,699,60.4,41,2,5,27,2,Credit Card,1,1,1,No,6.0,8.8,15,0
NET12997,19,Premium,12,629,21.4,9,3,2,66,2,UPI,0,0,0,No,8.8,3.8,14,0
NET12998,34,Standard,5,449,3.7,2,18,3,48,5,Credit Card,0,1,1,Yes,8.8,6.5,9,1
NET12999,29,Basic,1,199,22.9,17,0,3,19,5,Debit Card,0,0,0,Yes,10.0,3.7,3,0
NET13000,15,Premium,1,649,6.1,2,3,3,44,11,Net Banking,0,0,0,No,6.0,9.3,4,0
NET13001,23,Basic,30,179,24.9,12,1,3,61,5,Net Banking,1,0,0,No,6.3,6.0,32,0
NET13002,27,Premium,1,649,24.9,15,4,2,34,4,Debit Card,0,1,1,No,3.3,5.6,1,0
NET13003,47,Premium,96,649,42.5,19,0,2,48,4,Debit Card,0,1,2,Yes,7.6,6.8,98,0
NET13004,36,Basic,2,249,25.5,11,0,1,35,6,Credit Card,0,2,2,Yes,9.4,9.0,4,0
NET13005,18,Premium,15,699,96.3,68,1,1,31,2,UPI,0,0,0,Yes,9.6,6.0,17,0
NET13006,35,Premium+,41,949,71.7,41,0,3,53,6,UPI,0,0,0,No,5.0,6.6,45,0
NET13007,17,Premium,6,649,17.9,13,0,3,39,3,Wallet,0,0,0,No,6.3,9.3,7,0
NET13008,40,Standard,18,419,8.1,4,5,4,5,4,Credit Card,0,0,0,No,4.0,8.3,19,1
NET13009,26,Standard,6,419,16.2,11,3,2,51,8,Net Banking,1,1,1,Yes,5.4,7.3,11,0
NET13010,30,Premium+,5,949,23.4,16,22,2,46,4,Debit Card,0,0,0,No,10.0,7.2,6,0
NET13011,42,Standard,3,449,29.0,13,10,3,42,5,Debit Card,0,0,0,Yes,5.7,8.0,8,0
NET13012,19,Premium,24,649,17.4,8,7,1,44,5,UPI,0,0,1,No,4.6,6.4,28,0
NET13013,18,Basic,4,219,8.5,4,3,2,20,5,UPI,0,1,1,No,10.0,9.8,4,0
NET13014,25,Basic,4,199,10.9,8,3,1,55,6,UPI,0,0,0,No,6.6,4.8,5,1
NET13015,40,Premium,96,649,26.7,14,16,6,41,1,UPI,0,2,2,No,8.6,8.1,97,0
NET13016,17,Premium,5,669,31.3,15,7,2,48,3,UPI,0,1,1,No,5.2,7.4,8,0
NET13017,15,Premium,7,699,64.9,33,0,2,88,8,UPI,0,0,1,No,6.4,10.0,12,0
NET13018,26,Premium+,64,879,23.3,13,3,5,54,5,UPI,0,0,0,Yes,7.4,8.3,69,0
NET13019,35,Basic,6,199,13.6,9,3,2,19,1,UPI,0,0,0,No,9.6,3.4,9,0
NET13020,41,Basic,6,179,22.8,11,0,2,54,3,Debit Card,0,0,1,Yes,9.6,9.1,6,0
NET13021,26,Premium+,24,899,45.7,21,11,3,48,6,UPI,1,1,2,No,6.8,5.1,26,0
NET13022,27,Basic,5,199,21.7,14,1,3,63,4,Credit Card,1,0,2,Yes,5.9,9.9,7,0
NET13023,41,Premium,3,649,17.6,9,2,1,50,3,Debit Card,0,1,2,Yes,5.3,4.0,6,0
NET13024,15,Standard,7,449,10.8,6,23,5,62,3,Debit Card,0,0,0,No,10.0,6.5,10,0
NET13025,27,Basic,16,199,8.1,4,6,5,5,3,Debit Card,1,1,2,Yes,8.7,7.4,16,0
NET13026,32,Standard,1,379,14.7,6,9,2,48,1,UPI,0,2,3,Yes,8.8,3.9,1,0
NET13027,35,Standard,6,399,46.4,27,0,3,50,3,Wallet,0,1,2,No,8.2,5.5,10,0
NET13028,26,Premium,5,699,23.3,13,4,1,33,7,Credit Card,2,0,0,No,2.3,7.0,7,1
NET13029,31,Premium,3,649,7.1,4,7,2,28,7,Debit Card,0,1,3,No,8.7,8.4,7,1
NET13030,15,Premium,14,649,22.1,15,10,3,38,3,Credit Card,0,0,1,No,8.7,5.2,15,0
NET13031,25,Standard,4,419,25.9,19,12,3,65,1,Debit Card,0,0,0,No,5.6,6.5,9,0
NET13032,35,Standard,13,449,11.8,5,0,2,49,0,Debit Card,1,0,0,No,4.7,7.1,18,0
NET13033,22,Basic,9,199,15.8,9,8,2,37,2,Credit Card,0,0,0,No,8.5,8.6,9,0
NET13034,31,Standard,3,449,43.0,31,0,4,65,4,UPI,0,0,0,No,8.1,4.0,5,1
NET13035,35,Basic,4,219,22.5,12,3,4,22,5,Credit Card,0,0,0,Yes,5.3,9.1,6,0
NET13036,27,Basic,2,179,9.3,5,3,4,55,5,UPI,0,1,1,Yes,7.3,7.8,6,0
NET13037,32,Standard,1,379,29.1,13,2,5,41,5,Credit Card,0,1,1,No,7.3,6.6,4,0
NET13038,22,Standard,13,379,27.0,15,11,3,53,2,UPI,0,0,1,Yes,4.4,4.9,16,0
NET13039,29,Basic,15,219,15.5,11,5,2,16,3,UPI,1,1,1,No,9.9,5.5,15,0
NET13040,36,Standard,2,399,33.6,17,0,2,79,4,UPI,1,0,0,No,2.9,3.4,7,1
NET13041,32,Standard,13,419,48.6,24,2,5,70,1,Credit Card,2,1,1,Yes,6.7,10.0,16,0
NET13042,25,Basic,56,219,15.2,8,0,3,32,3,UPI,0,0,1,No,5.9,8.4,57,0
NET13043,33,Premium+,1,899,11.5,5,4,5,25,4,Debit Card,1,0,1,No,5.0,5.7,3,0
NET13044,37,Basic,9,179,16.1,10,2,5,62,3,Credit Card,0,0,0,Yes,6.7,8.0,12,0
NET13045,15,Premium,18,699,16.2,9,2,2,56,2,UPI,0,0,0,No,8.8,6.2,18,0
NET13046,41,Basic,1,199,30.2,14,11,2,13,7,UPI,1,0,0,No,5.7,6.7,2,0
NET13047,27,Premium,21,699,11.4,8,11,2,50,7,Net Banking,0,0,0,No,7.5,9.1,26,0
NET13048,34,Basic,54,199,21.0,13,6,4,73,8,UPI,0,1,1,No,7.4,7.1,59,0
NET13049,41,Premium,1,649,11.4,6,15,3,58,3,Debit Card,0,0,1,No,6.4,2.9,5,0
NET13050,18,Standard,24,399,8.4,4,6,6,57,3,UPI,0,1,1,Yes,5.1,8.5,28,0
NET13051,24,Premium,6,699,15.9,7,5,4,77,3,UPI,1,0,1,No,4.1,6.6,7,1
NET13052,28,Standard,2,399,11.2,7,0,3,29,5,UPI,0,0,0,Yes,7.3,7.5,2,0
NET13053,23,Basic,9,199,5.1,2,0,1,48,3,UPI,0,1,1,Yes,7.0,7.2,13,0
NET13054,46,Premium,1,629,53.9,29,1,2,81,2,UPI,1,0,0,No,8.3,9.9,3,0
NET13055,23,Basic,10,249,28.9,19,9,3,27,6,Net Banking,0,0,0,No,4.5,7.6,15,0
NET13056,26,Premium+,1,879,17.8,13,15,2,33,6,Wallet,0,0,1,No,6.9,8.7,6,0
NET13057,32,Basic,18,179,30.3,13,1,2,32,7,UPI,0,1,1,No,4.1,6.7,20,0
NET13058,20,Standard,9,379,26.0,15,1,1,74,2,Credit Card,0,0,0,No,9.9,6.4,14,0
NET13059,27,Premium,8,669,11.0,7,10,3,59,5,Debit Card,0,0,0,No,8.4,7.7,13,0
NET13060,33,Standard,3,399,40.7,27,2,6,52,2,UPI,0,0,0,Yes,6.7,8.0,8,0
NET13061,28,Basic,6,199,36.9,24,22,2,21,3,Credit Card,0,1,2,No,7.2,6.9,6,1
NET13062,30,Premium,2,669,22.4,12,19,3,23,6,UPI,0,1,1,No,10.0,7.2,2,0
NET13063,26,Premium,18,649,11.2,5,2,2,40,6,Credit Card,0,0,1,No,8.9,6.8,20,0
NET13064,17,Premium+,3,949,42.3,28,4,3,48,4,Debit Card,0,0,0,No,7.9,3.2,3,0
NET13065,33,Standard,13,449,4.3,2,6,6,39,1,Debit Card,0,0,0,No,4.3,5.1,14,0
NET13066,46,Standard,4,449,18.3,9,6,3,31,8,Net Banking,1,0,0,Yes,6.1,5.0,4,0
NET13067,31,Standard,14,379,13.6,7,22,2,37,7,UPI,0,1,1,Yes,6.8,7.7,19,0
NET13068,33,Standard,10,449,6.8,5,2,2,20,2,UPI,1,0,0,No,4.5,6.6,12,1
NET13069,37,Premium,7,699,46.2,30,7,2,67,3,Wallet,0,2,3,No,8.2,8.0,10,1
NET13070,19,Standard,15,449,56.3,39,5,5,26,2,Net Banking,0,0,0,No,10.0,8.5,15,0
NET13071,46,Standard,7,399,26.6,19,4,2,55,1,Debit Card,0,1,1,Yes,4.0,6.6,11,0
NET13072,32,Standard,24,419,17.5,8,0,3,44,5,Credit Card,2,2,2,No,7.3,7.6,25,0
NET13073,45,Premium,18,649,11.1,5,8,2,33,6,UPI,1,0,0,No,9.3,5.3,19,0
NET13074,24,Premium+,10,919,47.7,26,3,6,51,2,Debit Card,0,0,0,Yes,4.2,3.0,11,0
NET13075,47,Premium,29,699,38.1,18,0,4,56,5,UPI,0,1,1,Yes,9.5,10.0,33,0
NET13076,37,Standard,24,399,9.3,5,0,1,47,6,Debit Card,0,0,1,No,7.7,5.3,28,0
NET13077,35,Premium,10,649,43.8,24,0,3,48,6,Net Banking,0,0,0,No,4.4,7.4,11,0
NET13078,33,Premium,1,669,15.3,10,7,5,18,4,Credit Card,1,0,1,Yes,7.1,5.2,2,0
NET13079,28,Basic,11,219,24.8,13,8,2,47,6,Net Banking,0,1,1,Yes,8.9,5.5,12,0
NET13080,41,Basic,6,219,19.7,10,0,3,63,1,UPI,0,0,0,Yes,8.6,8.1,6,0
NET13081,32,Basic,10,219,3.6,1,1,2,66,8,UPI,0,0,0,Yes,8.7,9.2,15,0
NET13082,15,Standard,14,379,18.8,11,42,3,59,5,UPI,0,0,1,No,9.9,7.1,18,0
NET13083,20,Premium,14,649,38.3,25,3,2,48,3,UPI,0,1,1,Yes,7.7,7.1,16,0
NET13084,29,Standard,15,399,14.9,8,13,4,69,7,Wallet,0,1,1,No,5.0,5.2,20,0
NET13085,33,Standard,15,449,28.8,13,3,4,42,3,Credit Card,0,0,0,No,7.6,5.0,15,0
NET13086,30,Premium+,1,879,40.2,29,4,1,54,3,UPI,0,0,0,No,6.4,8.0,3,1
NET13087,41,Premium,2,649,29.7,22,12,4,63,3,Wallet,0,0,0,Yes,6.5,6.3,2,0
NET13088,15,Premium,13,669,26.7,20,27,3,60,5,Credit Card,0,1,1,Yes,7.3,10.0,13,0
NET13089,32,Standard,7,449,24.0,11,0,3,42,4,UPI,0,0,0,Yes,6.2,7.2,9,0
NET13090,15,Basic,20,199,3.2,2,6,3,36,5,Credit Card,0,0,1,No,8.3,7.7,21,0
NET13091,37,Basic,1,199,41.9,27,3,5,56,3,Wallet,0,1,1,Yes,6.0,5.5,6,1
NET13092,30,Basic,2,199,16.9,7,4,5,25,5,Debit Card,0,0,1,No,7.4,7.5,4,0
NET13093,34,Standard,11,419,38.9,19,1,3,41,6,Credit Card,0,1,1,Yes,6.7,6.8,14,0
NET13094,23,Standard,9,419,32.3,21,13,1,40,2,Net Banking,0,0,1,No,5.4,7.1,13,0
NET13095,42,Basic,4,199,12.2,8,2,5,31,3,UPI,0,1,2,No,6.1,6.8,7,0
NET13096,40,Basic,7,219,13.2,7,0,2,47,1,Net Banking,0,0,0,Yes,6.2,8.1,12,0
NET13097,36,Basic,1,179,28.5,20,7,6,58,2,UPI,1,0,0,Yes,8.4,5.9,1,1
NET13098,29,Premium,1,699,34.3,18,23,2,51,1,UPI,0,0,0,No,5.7,5.6,3,0
NET13099,36,Premium,1,649,76.7,43,0,3,85,1,UPI,0,0,0,No,6.6,8.1,2,0
NET13100,24,Standard,12,399,15.0,8,3,4,36,6,Debit Card,0,0,0,No,3.3,7.1,17,1
NET13101,38,Standard,27,399,14.1,8,0,3,35,1,Credit Card,0,0,0,No,6.5,4.7,28,0
NET13102,45,Standard,4,399,16.8,10,2,3,36,3,Debit Card,0,0,0,No,4.1,7.5,7,0
NET13103,40,Basic,1,249,39.6,26,9,4,34,2,Debit Card,0,0,0,No,6.7,8.1,4,0
NET13104,24,Basic,17,179,9.2,6,12,4,45,0,UPI,0,1,1,No,9.4,8.6,17,0
NET13105,34,Premium,27,649,42.3,22,1,6,47,5,Wallet,0,0,0,No,7.6,7.1,31,0
NET13106,19,Premium+,2,949,21.7,12,4,2,85,6,Net Banking,1,1,3,No,4.4,7.6,2,0
NET13107,36,Premium,6,649,25.2,12,9,2,77,1,Debit Card,1,0,1,No,8.5,10.0,11,0
NET13108,35,Premium+,2,919,58.4,27,0,4,71,5,UPI,0,1,2,No,7.6,6.8,3,0
NET13109,15,Premium,1,669,39.1,17,1,2,56,3,UPI,0,1,2,Yes,6.4,8.4,6,0
NET13110,20,Basic,14,249,31.1,20,0,3,37,3,Credit Card,0,0,0,Yes,9.0,9.4,16,0
NET13111,28,Premium+,47,879,69.4,47,0,2,37,3,Credit Card,0,0,1,No,5.0,7.9,50,0
NET13112,28,Basic,15,219,1.6,0,1,1,19,5,UPI,0,0,0,Yes,7.5,9.3,16,1
NET13113,20,Premium,58,699,38.3,23,0,4,31,9,UPI,0,2,2,No,7.7,7.0,58,0
NET13114,34,Standard,7,399,25.2,12,3,3,38,3,Debit Card,1,0,0,No,8.4,6.0,11,0
NET13115,33,Standard,31,399,33.6,23,3,3,67,7,UPI,1,1,1,Yes,7.8,7.0,33,0
NET13116,29,Premium,3,629,21.1,13,2,5,53,2,UPI,0,0,0,Yes,5.5,6.0,7,0
NET13117,24,Standard,1,379,28.9,22,2,4,59,6,UPI,1,1,2,Yes,8.2,9.7,1,0
NET13118,40,Standard,16,399,9.1,4,4,2,55,3,Debit Card,0,0,0,Yes,4.6,6.5,16,1
NET13119,45,Standard,6,379,17.2,13,9,2,43,6,UPI,2,0,0,No,6.7,9.9,7,1
NET13120,26,Standard,5,449,25.9,17,22,4,57,6,UPI,0,2,3,Yes,7.4,6.6,7,1
NET13121,25,Premium+,15,879,86.4,47,3,5,62,1,Credit Card,0,0,1,No,6.5,3.8,20,1
NET13122,35,Premium,5,629,77.0,37,0,2,37,6,Credit Card,0,0,0,No,4.7,4.6,5,0
NET13123,27,Standard,11,379,56.8,28,12,4,70,4,Net Banking,1,0,0,No,6.6,7.3,12,0
NET13124,29,Basic,4,249,6.5,4,10,2,41,7,Credit Card,0,1,1,Yes,5.7,7.5,4,0
NET13125,37,Premium,21,649,38.1,18,14,2,28,5,Wallet,2,2,2,Yes,4.6,8.9,22,1
NET13126,15,Basic,5,219,2.9,2,0,5,27,3,UPI,0,0,0,Yes,4.5,6.6,9,1
NET13127,42,Basic,10,179,18.1,11,2,2,45,4,Net Banking,1,0,1,No,6.2,8.0,11,0
NET13128,31,Standard,1,399,19.5,12,0,6,56,6,Debit Card,1,0,0,No,4.6,3.2,6,0
NET13129,27,Premium,21,649,8.5,4,2,3,41,3,Wallet,0,0,0,Yes,8.2,9.0,25,0
NET13130,30,Basic,13,249,18.2,13,1,3,50,5,UPI,1,0,0,Yes,10.0,4.5,16,0
NET13131,30,Basic,2,199,32.4,15,14,5,27,3,Debit Card,0,0,0,No,6.4,5.0,2,0
NET13132,15,Standard,3,379,9.3,4,17,4,53,4,Debit Card,0,0,0,Yes,9.6,5.4,6,1
NET13133,44,Standard,4,449,24.8,16,7,3,57,1,Debit Card,1,0,0,No,5.9,6.9,6,0
NET13134,31,Standard,12,419,9.8,4,1,3,38,5,Debit Card,1,0,0,No,6.4,4.6,15,0
NET13135,34,Standard,11,399,37.6,17,0,2,21,2,UPI,0,0,1,No,2.7,6.5,12,1
NET13136,39,Standard,4,399,8.2,4,6,3,25,9,UPI,0,1,1,No,3.2,6.4,5,1
NET13137,21,Basic,16,249,10.7,6,4,2,48,6,Credit Card,1,1,1,No,6.1,6.4,18,0
NET13138,35,Basic,30,199,16.6,8,1,1,59,11,UPI,0,0,0,No,7.8,6.9,32,0
NET13139,28,Premium,1,649,21.3,12,1,4,22,2,UPI,0,1,2,No,5.4,7.9,1,1
NET13140,38,Premium,7,649,16.8,8,4,3,48,6,Wallet,0,0,2,No,10.0,5.6,8,0
NET13141,15,Basic,12,199,35.6,25,0,4,19,3,UPI,0,1,1,No,6.5,6.6,14,0
NET13142,30,Basic,12,199,32.4,20,4,2,69,6,UPI,0,3,3,Yes,7.9,6.2,17,0
NET13143,25,Basic,1,199,22.5,13,14,1,60,6,UPI,1,0,0,No,5.6,7.7,4,0
NET13144,34,Premium,3,669,48.9,32,9,4,66,5,Credit Card,1,0,0,No,9.1,9.6,4,0
NET13145,35,Premium,1,649,56.0,37,17,3,56,4,UPI,1,0,0,Yes,6.0,7.7,6,0
NET13146,24,Standard,11,419,28.5,14,1,4,53,3,Net Banking,0,1,2,Yes,9.5,7.7,13,1
NET13147,24,Premium,14,649,17.4,11,18,3,5,4,UPI,0,0,0,No,7.5,8.3,14,0
NET13148,30,Premium,2,669,12.6,8,3,6,54,7,Debit Card,0,1,1,No,4.9,5.4,7,1
NET13149,22,Premium+,5,919,48.5,31,5,3,30,5,UPI,1,1,1,No,5.4,5.0,9,0
NET13150,38,Basic,5,219,24.4,16,2,3,62,2,UPI,0,0,0,Yes,9.0,7.4,6,0
NET13151,27,Basic,23,249,17.7,11,30,2,29,2,Credit Card,0,1,1,Yes,6.6,6.3,24,0
NET13152,15,Basic,3,219,18.1,9,3,2,22,3,UPI,0,0,0,No,6.1,7.8,4,0
NET13153,27,Premium,11,649,26.2,15,1,3,38,5,UPI,1,0,1,No,8.9,9.7,12,0
NET13154,21,Premium,21,629,64.1,37,1,1,53,5,UPI,0,1,1,No,5.3,6.1,25,0
NET13155,16,Standard,24,419,23.9,13,1,5,46,11,Net Banking,0,0,2,Yes,9.3,5.7,28,0
NET13156,19,Basic,15,179,3.0,2,3,4,47,3,Credit Card,0,0,0,Yes,6.9,7.7,20,1
NET13157,31,Standard,4,379,15.9,7,1,6,35,1,Debit Card,1,0,1,Yes,7.2,9.6,9,0
NET13158,42,Standard,24,399,28.0,13,2,3,60,3,Credit Card,0,0,0,Yes,7.1,5.1,24,0
NET13159,33,Standard,18,379,22.4,14,0,2,53,10,Credit Card,0,0,0,Yes,5.0,6.3,19,0
NET13160,25,Standard,17,379,32.3,23,2,2,66,3,Debit Card,0,0,1,Yes,10.0,8.9,19,0
NET13161,35,Basic,1,179,14.5,7,1,3,21,2,Wallet,1,1,2,Yes,3.0,9.8,4,1
NET13162,26,Premium,1,649,36.0,19,17,2,38,6,UPI,0,0,3,No,5.1,4.1,2,0
NET13163,24,Standard,16,419,42.1,26,5,1,76,4,Credit Card,2,0,1,No,7.9,7.2,21,1
NET13164,20,Standard,40,419,24.1,15,0,3,64,6,Debit Card,0,0,0,No,6.9,7.2,44,0
NET13165,15,Basic,20,179,31.3,17,14,4,45,5,Debit Card,0,0,0,No,1.9,6.9,20,0
NET13166,27,Premium,24,649,45.0,21,6,2,39,2,Debit Card,0,0,0,No,10.0,4.0,25,0
NET13167,32,Standard,11,399,32.8,23,2,3,38,4,Net Banking,2,0,0,No,6.6,7.2,11,0
NET13168,30,Premium+,5,899,58.4,33,2,1,16,1,Credit Card,1,1,2,Yes,7.2,10.0,7,0
NET13169,27,Standard,15,399,18.4,10,0,3,19,2,UPI,0,0,1,No,5.3,8.2,17,0
NET13170,22,Premium+,17,879,40.8,23,21,2,10,2,UPI,1,0,2,No,5.8,6.9,19,1
NET13171,36,Premium,15,699,40.2,18,11,3,77,5,Net Banking,0,0,0,Yes,5.7,10.0,17,0
NET13172,19,Standard,41,379,16.7,9,0,3,58,5,Wallet,0,0,1,No,8.4,8.5,44,0
NET13173,37,Premium+,6,949,12.9,6,6,4,36,7,UPI,0,0,0,No,5.7,6.0,6,0
NET13174,21,Standard,1,399,15.5,7,3,2,43,5,UPI,0,1,1,Yes,5.2,6.0,2,1
NET13175,24,Standard,33,449,62.2,39,2,3,24,5,UPI,0,0,2,No,10.0,8.2,36,0
NET13176,17,Basic,2,179,25.1,15,5,1,24,4,UPI,1,0,0,No,8.2,6.6,3,0
NET13177,26,Standard,16,379,16.8,11,3,3,50,7,UPI,1,0,0,No,7.7,5.2,20,0
NET13178,39,Premium,28,649,67.5,35,0,2,36,4,Wallet,0,0,1,No,8.2,6.4,33,0
NET13179,35,Premium,5,629,32.8,21,6,4,46,6,UPI,1,0,0,No,4.0,10.0,8,1
NET13180,39,Basic,24,179,16.1,10,6,3,54,3,Net Banking,0,2,2,No,6.8,7.3,29,0
NET13181,35,Standard,5,419,31.8,14,4,2,86,5,Credit Card,0,1,1,No,8.3,5.6,8,0
NET13182,21,Basic,22,219,16.2,8,12,2,58,5,Net Banking,0,1,1,No,8.5,9.0,27,0
NET13183,28,Premium,1,649,18.0,8,9,3,42,5,Credit Card,0,1,1,No,6.8,7.2,6,0
NET13184,23,Basic,14,249,6.6,3,0,4,9,5,Credit Card,0,0,1,No,7.1,5.1,18,0
NET13185,42,Premium+,15,949,61.5,28,3,3,27,4,Debit Card,0,0,0,No,7.7,8.3,20,0
NET13186,20,Basic,9,219,12.7,7,1,2,32,6,Net Banking,0,0,0,No,5.4,6.8,12,0
NET13187,39,Standard,16,399,28.1,15,18,5,26,6,Debit Card,1,0,0,No,4.6,2.9,21,0
NET13188,39,Premium,35,669,52.4,24,9,6,34,4,UPI,0,0,0,No,4.8,8.8,35,0
NET13189,47,Standard,18,399,12.6,9,14,4,35,2,Debit Card,0,1,2,No,8.3,8.8,23,0
NET13190,27,Basic,45,249,2.1,0,6,4,33,7,Net Banking,0,0,3,No,6.3,9.5,47,1
NET13191,37,Standard,8,419,6.0,2,6,3,42,3,UPI,0,0,0,Yes,6.7,5.8,13,0
NET13192,51,Basic,10,179,10.6,6,1,3,36,5,UPI,0,0,2,No,5.7,7.8,11,0
NET13193,25,Premium+,4,899,19.6,11,5,3,85,3,UPI,0,1,1,No,4.6,9.4,8,0
NET13194,17,Standard,59,399,43.5,32,3,4,32,7,Credit Card,0,0,2,Yes,8.7,5.3,61,0
NET13195,15,Standard,1,399,19.5,10,0,4,47,3,UPI,1,1,1,No,7.6,8.8,4,0
NET13196,37,Standard,6,449,14.5,10,2,2,44,2,Wallet,1,0,1,Yes,5.1,7.9,6,0
NET13197,15,Basic,4,199,20.0,13,6,3,51,5,Wallet,1,1,1,No,8.6,5.2,9,0
NET13198,27,Premium,6,629,65.1,32,3,3,62,3,Wallet,1,0,1,Yes,5.8,6.2,11,1
NET13199,34,Premium+,34,919,21.1,12,3,2,46,4,Credit Card,0,0,0,Yes,6.0,6.5,37,0
NET13200,32,Premium,6,649,42.1,21,2,2,18,5,UPI,0,0,0,No,4.5,6.6,10,1
NET13201,34,Standard,34,449,20.4,9,1,3,39,4,Net Banking,0,1,1,Yes,7.7,5.1,37,0
NET13202,33,Standard,7,399,22.9,15,3,2,39,3,Net Banking,0,0,0,No,6.0,8.3,7,0
NET13203,42,Basic,27,219,28.1,18,2,5,53,5,UPI,0,1,1,No,3.1,6.9,32,0
NET13204,22,Premium,10,629,73.0,39,0,5,31,2,Debit Card,0,1,1,Yes,7.8,10.0,13,0
NET13205,24,Standard,5,399,15.8,7,0,3,38,2,Debit Card,0,0,2,No,4.9,7.6,8,0
NET13206,24,Standard,8,449,14.1,7,7,1,34,7,Credit Card,0,2,2,No,7.8,4.4,13,0
NET13207,38,Premium+,7,949,63.0,33,0,6,61,1,Net Banking,0,0,0,Yes,8.5,3.6,10,0
NET13208,39,Basic,4,199,40.7,21,7,2,40,8,UPI,0,1,2,Yes,10.0,7.1,9,1
NET13209,35,Basic,4,249,28.3,16,2,3,48,4,Credit Card,0,1,1,No,8.0,6.8,7,0
NET13210,41,Basic,2,199,23.8,14,2,2,47,3,Debit Card,0,1,1,No,6.4,7.4,2,0
NET13211,20,Basic,5,179,16.3,7,1,3,16,3,Debit Card,2,2,2,No,6.8,6.1,6,0
NET13212,46,Basic,13,219,21.1,10,20,6,27,3,Net Banking,1,1,1,Yes,6.8,8.3,15,1
NET13213,44,Standard,6,399,29.4,14,0,6,84,4,Net Banking,0,0,1,No,6.7,8.2,10,0
NET13214,37,Standard,17,399,23.9,12,1,2,38,4,Debit Card,0,1,1,No,6.3,7.3,18,0
NET13215,47,Basic,60,199,20.2,11,0,3,14,4,Net Banking,0,0,0,Yes,5.7,4.2,60,1
NET13216,16,Premium,6,669,28.7,17,3,4,22,1,UPI,1,1,1,Yes,6.2,9.4,10,0
NET13217,26,Basic,8,249,7.0,4,4,2,77,3,UPI,1,0,0,Yes,6.7,5.6,12,0
NET13218,24,Premium,2,649,17.7,13,1,3,38,4,Wallet,0,0,0,No,5.1,7.7,7,1
NET13219,37,Standard,6,399,21.3,15,6,2,48,0,Credit Card,0,2,3,No,6.9,8.7,11,0
NET13220,21,Standard,18,419,26.1,15,4,4,62,5,Credit Card,1,1,1,No,3.4,8.4,21,0
NET13221,37,Premium+,3,899,30.8,21,11,4,45,1,Net Banking,1,0,1,No,7.3,8.7,5,0
NET13222,43,Basic,2,249,15.0,9,14,2,45,1,UPI,0,0,0,No,7.3,5.9,7,0
NET13223,37,Standard,6,449,5.6,3,7,5,48,2,UPI,1,0,0,No,5.8,6.6,8,0
NET13224,33,Premium,23,649,37.4,23,5,4,6,4,UPI,0,0,0,No,8.4,7.5,23,0
NET13225,22,Standard,13,419,46.8,28,5,2,47,2,Wallet,0,4,5,Yes,6.7,7.8,18,1
NET13226,23,Standard,44,379,26.9,13,1,3,32,6,UPI,0,1,1,No,5.6,9.6,45,0
NET13227,42,Standard,32,399,35.5,18,12,3,30,3,Wallet,1,1,1,No,7.1,8.1,35,0
NET13228,38,Premium,2,699,35.0,17,2,4,48,4,Credit Card,2,0,1,Yes,7.6,6.2,4,0
NET13229,30,Premium,1,629,19.8,12,7,4,20,4,Wallet,1,0,0,No,7.3,9.1,4,0
NET13230,27,Basic,7,219,14.0,6,3,4,53,5,UPI,1,0,0,Yes,6.3,10.0,8,0
NET13231,15,Basic,10,249,7.0,3,13,5,68,3,Net Banking,0,1,2,Yes,8.8,6.0,14,1
NET13232,21,Standard,10,419,18.3,11,3,4,44,2,UPI,0,0,0,Yes,5.6,6.0,11,0
NET13233,48,Basic,2,199,5.9,3,4,3,25,8,UPI,2,0,0,No,5.8,9.8,6,1
NET13234,19,Standard,1,419,28.3,20,1,4,41,1,UPI,0,1,2,Yes,5.3,7.4,2,0
NET13235,32,Basic,1,249,10.6,5,4,4,7,1,Net Banking,0,0,0,No,4.4,6.0,4,1
NET13236,40,Basic,26,199,39.9,27,1,5,70,3,Wallet,0,1,1,No,4.4,8.6,27,0
NET13237,19,Basic,41,249,6.9,3,9,4,87,3,Wallet,2,0,0,No,7.8,7.8,46,0
NET13238,32,Premium+,1,949,26.9,16,2,1,48,5,UPI,0,0,0,No,2.6,8.5,3,0
NET13239,39,Basic,3,179,6.4,3,3,1,21,5,UPI,0,1,2,No,6.0,8.5,5,1
NET13240,31,Basic,1,199,21.5,11,6,2,29,5,Debit Card,0,0,0,Yes,5.7,7.6,1,0
NET13241,56,Basic,29,219,12.0,8,0,3,72,5,Credit Card,0,0,0,Yes,6.1,7.4,34,0
NET13242,15,Premium+,44,919,27.6,19,2,3,46,8,Credit Card,0,0,2,No,4.8,7.4,46,0
NET13243,40,Premium,4,629,28.9,15,16,2,72,4,Credit Card,0,0,0,No,10.0,10.0,6,0
NET13244,29,Premium,5,669,32.5,20,11,3,12,7,Credit Card,0,0,1,Yes,5.5,7.3,9,0
NET13245,37,Basic,6,179,7.4,5,1,2,30,5,UPI,0,2,2,No,5.4,3.3,11,1
NET13246,34,Premium,9,669,22.7,14,4,4,42,1,Debit Card,0,0,0,No,6.9,7.0,12,0
NET13247,24,Standard,16,419,40.8,27,5,1,21,4,UPI,0,1,1,No,6.0,5.8,19,0
NET13248,33,Standard,9,449,22.1,16,2,3,24,6,UPI,0,0,0,Yes,4.5,6.6,13,0
NET13249,15,Standard,42,379,25.4,15,2,5,98,5,UPI,0,1,1,No,9.6,9.3,44,0
NET13250,36,Premium,1,669,16.3,8,22,2,57,4,Wallet,0,2,2,Yes,4.9,7.9,2,1
NET13251,33,Premium,22,649,24.2,17,0,2,47,4,Credit Card,1,0,0,Yes,7.3,7.6,26,0
NET13252,36,Premium,5,629,31.5,17,14,5,36,4,Net Banking,0,0,0,Yes,4.7,5.0,8,0
NET13253,40,Premium+,6,879,30.0,20,2,3,83,4,Net Banking,0,0,0,No,3.7,6.1,6,0
NET13254,34,Basic,17,179,13.0,9,1,3,21,3,Net Banking,2,0,1,Yes,6.7,7.0,20,1
NET13255,32,Standard,37,449,43.0,31,1,2,53,5,Debit Card,0,1,1,No,7.3,5.9,38,0
NET13256,23,Basic,17,179,25.3,16,1,3,47,4,Debit Card,1,0,1,No,5.1,6.8,20,0
NET13257,24,Premium,20,699,93.1,54,0,2,38,8,Credit Card,0,0,0,Yes,6.1,7.5,24,0
NET13258,41,Basic,19,199,22.8,13,1,1,47,3,Credit Card,1,0,0,Yes,8.0,6.0,19,0
NET13259,43,Premium,5,649,34.5,19,11,4,49,5,Net Banking,0,1,2,No,6.0,9.7,8,0
NET13260,28,Standard,19,449,16.8,10,1,5,35,6,UPI,0,0,0,No,5.9,8.9,23,0
NET13261,31,Standard,21,419,15.7,7,11,1,59,4,Credit Card,0,0,0,No,7.8,7.4,25,0
NET13262,22,Basic,10,179,13.4,6,20,3,43,3,Debit Card,0,0,0,Yes,5.1,9.3,14,0
NET13263,41,Standard,10,399,22.4,11,1,1,30,2,UPI,0,0,0,Yes,8.5,5.4,10,0
NET13264,36,Premium,19,699,20.1,12,4,3,65,3,UPI,0,0,0,No,5.5,8.9,23,0
NET13265,48,Basic,23,219,4.8,3,3,2,5,2,UPI,0,0,0,Yes,5.5,7.8,23,1
NET13266,23,Standard,5,399,32.5,16,11,2,22,3,Debit Card,0,0,1,Yes,9.5,7.5,10,0
NET13267,27,Basic,22,199,25.3,11,2,4,76,5,Net Banking,0,0,0,No,5.2,6.5,23,0
NET13268,33,Standard,23,449,17.1,8,8,2,37,4,Wallet,1,1,1,No,6.9,5.6,24,0
NET13269,36,Basic,3,249,24.6,15,3,3,52,4,UPI,0,0,0,No,8.8,6.5,4,0
NET13270,29,Standard,17,399,36.6,24,5,3,37,5,UPI,0,0,0,Yes,4.5,7.5,22,1
NET13271,23,Premium,2,699,37.4,18,5,3,49,3,UPI,1,0,1,Yes,4.8,7.8,6,0
NET13272,38,Standard,1,379,20.2,12,0,3,45,3,Debit Card,0,0,0,Yes,7.8,6.6,1,1
NET13273,37,Standard,11,449,26.7,14,5,2,71,7,Net Banking,0,1,1,No,7.8,7.0,16,0
NET13274,22,Standard,33,379,33.5,25,10,6,40,6,Credit Card,0,1,1,Yes,5.0,7.7,34,0
NET13275,43,Basic,1,249,14.4,7,2,2,63,3,UPI,0,0,0,No,7.5,8.2,3,0
NET13276,41,Standard,24,419,26.7,18,3,5,47,4,UPI,0,0,1,No,9.9,4.3,25,0
NET13277,32,Standard,9,419,41.4,20,1,3,42,3,Debit Card,0,0,0,No,5.2,9.5,13,0
NET13278,31,Basic,27,199,13.7,7,1,3,57,2,Net Banking,1,2,2,No,5.8,7.4,32,0
NET13279,35,Premium,25,669,15.4,9,2,1,42,4,Debit Card,0,1,1,Yes,7.9,5.3,27,0
NET13280,23,Standard,29,399,52.9,29,8,2,31,5,Credit Card,2,0,0,No,9.3,6.6,34,0
NET13281,31,Premium,20,649,24.9,13,3,2,14,4,UPI,0,0,0,No,10.0,5.6,23,1
NET13282,15,Premium+,25,919,46.7,31,7,3,34,4,Credit Card,0,0,0,No,7.1,10.0,27,0
NET13283,38,Basic,2,179,19.1,13,16,3,88,10,Wallet,0,0,0,No,7.2,5.2,5,0
NET13284,16,Standard,5,449,35.3,17,7,4,11,3,Debit Card,2,1,1,No,6.4,7.5,7,0
NET13285,44,Standard,3,419,12.4,6,2,3,65,5,Credit Card,0,0,0,No,10.0,5.8,3,0
NET13286,28,Basic,18,179,30.4,16,4,3,59,3,UPI,0,1,1,No,5.1,7.4,20,0
NET13287,29,Premium,2,649,8.4,5,1,2,58,1,UPI,0,1,2,No,7.7,6.4,3,0
NET13288,25,Premium,2,699,9.3,5,0,2,80,3,Credit Card,1,0,0,Yes,5.5,7.7,5,0
NET13289,28,Standard,29,419,16.6,11,6,1,58,6,Net Banking,0,0,0,No,5.7,10.0,32,0
NET13290,43,Standard,17,399,29.2,14,6,3,36,4,UPI,0,0,1,No,7.4,7.3,22,0
NET13291,15,Basic,29,219,13.6,10,11,2,49,6,Credit Card,0,0,0,Yes,5.2,7.3,30,0
NET13292,42,Standard,2,399,10.3,7,1,3,61,1,Credit Card,1,1,1,No,8.1,7.5,2,0
NET13293,34,Premium,7,669,28.3,15,12,2,52,6,Debit Card,0,1,1,No,5.4,9.6,9,0
NET13294,20,Standard,4,379,28.3,17,9,1,35,7,UPI,0,1,2,No,6.3,6.8,4,0
NET13295,21,Standard,1,399,14.9,10,0,1,60,6,Credit Card,0,0,0,No,5.7,6.5,2,0
NET13296,46,Premium,4,629,45.4,23,24,3,50,4,UPI,0,0,2,No,7.6,8.0,6,0
NET13297,22,Standard,6,449,30.7,14,0,3,47,5,UPI,1,0,1,Yes,6.1,5.8,7,0
NET13298,20,Standard,1,419,23.7,15,9,4,44,4,Debit Card,0,1,1,Yes,9.6,6.4,4,0
NET13299,41,Standard,11,399,40.5,21,3,4,38,2,Credit Card,0,0,0,Yes,5.6,9.6,14,0
NET13300,34,Standard,6,399,23.7,12,12,2,42,6,UPI,0,2,2,Yes,3.6,6.5,9,1
NET13301,22,Premium,1,699,28.6,15,7,2,44,7,Credit Card,1,1,2,No,10.0,10.0,5,0
NET13302,32,Premium,17,699,44.7,27,0,3,34,5,Net Banking,1,1,1,No,7.9,8.3,21,0
NET13303,21,Basic,18,199,5.7,3,1,2,62,4,Credit Card,0,1,1,No,8.6,5.4,21,1
NET13304,40,Premium+,25,949,28.8,14,18,4,44,5,Credit Card,0,1,1,Yes,6.2,9.2,29,0
NET13305,40,Standard,9,449,7.1,3,0,2,20,4,UPI,0,0,0,Yes,9.3,6.6,13,0
NET13306,35,Premium,48,669,32.6,16,0,6,36,2,UPI,0,0,1,No,5.8,9.0,53,0
NET13307,34,Premium,34,629,21.4,13,1,5,38,5,Credit Card,1,0,1,No,10.0,7.4,35,0
NET13308,46,Standard,11,399,17.9,9,7,3,81,5,UPI,1,1,1,Yes,6.3,6.7,16,0
NET13309,30,Premium,8,649,6.5,3,0,1,47,4,Net Banking,0,0,0,No,10.0,6.5,10,1
NET13310,20,Basic,1,199,18.9,10,3,2,29,4,UPI,0,1,2,Yes,7.7,5.5,4,0
NET13311,35,Basic,17,199,13.0,9,0,6,31,3,UPI,0,2,3,Yes,5.7,6.1,22,0
NET13312,49,Premium,11,649,14.2,7,6,4,44,2,Credit Card,0,1,2,No,5.3,4.7,16,0
NET13313,21,Premium,38,629,38.5,20,1,4,50,8,Debit Card,0,0,0,No,5.7,5.3,42,0
NET13314,27,Premium,12,649,31.8,22,6,5,40,3,UPI,0,0,0,No,8.2,10.0,13,0
NET13315,34,Premium,69,649,52.3,34,1,1,60,3,Credit Card,0,2,3,No,9.3,8.8,70,0
NET13316,30,Standard,26,379,17.0,8,3,1,43,0,Debit Card,0,0,0,No,4.7,7.3,31,0
NET13317,22,Standard,42,449,26.6,12,15,3,41,11,Credit Card,0,0,1,No,7.3,8.7,44,0
NET13318,41,Premium+,5,899,23.3,15,2,2,55,7,Net Banking,0,1,1,Yes,7.7,5.0,6,0
NET13319,51,Standard,2,399,10.7,5,0,2,82,3,Credit Card,0,2,3,No,8.6,5.5,2,0
NET13320,32,Premium,22,629,11.3,6,2,4,49,4,Credit Card,0,1,1,No,4.1,7.7,22,0
NET13321,22,Standard,21,399,20.6,12,3,3,5,6,UPI,0,0,0,No,4.9,7.1,24,0
NET13322,17,Premium,3,629,47.9,22,3,4,57,2,UPI,1,0,0,Yes,8.3,7.1,8,0
NET13323,33,Standard,20,399,40.5,18,7,2,80,3,UPI,0,0,1,Yes,5.5,7.3,22,0
NET13324,40,Premium+,12,919,46.4,32,0,2,52,6,Net Banking,3,0,0,Yes,9.1,7.4,17,0
NET13325,35,Standard,1,449,28.2,14,3,3,23,8,UPI,0,0,0,No,3.7,7.0,1,0
NET13326,30,Premium+,9,919,32.4,16,1,4,70,4,UPI,1,1,1,Yes,5.6,7.8,11,0
NET13327,25,Basic,37,179,35.0,16,3,2,51,4,UPI,0,0,0,Yes,8.2,9.2,40,0
NET13328,21,Standard,9,399,16.4,12,1,3,27,4,Credit Card,1,0,0,Yes,6.6,7.5,10,0
NET13329,38,Premium,21,699,33.9,15,1,2,15,5,Net Banking,0,4,4,No,5.6,6.7,22,1
NET13330,39,Premium,1,649,30.1,19,4,3,10,4,UPI,0,1,1,Yes,5.9,8.6,2,1
NET13331,17,Premium+,18,949,77.2,37,0,3,54,0,UPI,0,1,1,Yes,7.2,10.0,18,0
NET13332,45,Basic,41,199,25.1,12,1,3,66,1,Net Banking,0,0,0,Yes,4.5,6.1,43,0
NET13333,36,Basic,9,219,24.2,12,5,2,56,2,Credit Card,0,1,2,No,7.6,5.5,9,0
NET13334,43,Standard,5,379,24.9,15,10,3,55,7,UPI,0,1,1,No,8.7,7.5,9,0
NET13335,18,Basic,14,219,29.2,14,10,3,78,1,Debit Card,1,0,0,Yes,8.1,6.7,16,0
NET13336,18,Premium+,34,949,31.7,20,10,4,58,3,Net Banking,0,0,0,No,7.0,8.9,37,0
NET13337,29,Basic,2,199,22.2,14,0,2,14,3,UPI,1,1,2,No,7.2,5.8,2,0
NET13338,35,Standard,7,379,32.3,15,6,2,34,3,Net Banking,0,1,1,No,4.4,4.2,8,0
NET13339,47,Basic,2,199,26.6,14,40,3,52,3,UPI,0,0,1,No,7.1,7.8,3,0
NET13340,37,Standard,9,399,6.2,3,7,3,63,3,UPI,1,3,3,No,7.5,9.4,10,1
NET13341,28,Standard,10,449,5.7,2,1,3,42,2,UPI,0,0,0,Yes,8.4,6.1,10,0
NET13342,21,Basic,40,219,8.1,3,4,4,62,4,Net Banking,0,2,4,No,8.1,8.8,40,1
NET13343,42,Standard,7,399,25.3,14,3,3,45,3,UPI,0,1,1,Yes,6.3,6.7,8,0
NET13344,22,Standard,11,399,23.8,15,3,4,41,1,Net Banking,0,3,3,Yes,7.4,6.5,12,1
NET13345,45,Premium+,30,899,17.6,9,7,5,38,2,UPI,1,0,0,Yes,8.6,9.0,31,0
NET13346,28,Basic,5,179,18.4,10,0,3,20,8,Net Banking,0,0,1,No,5.9,6.9,9,0
NET13347,45,Standard,15,399,40.6,21,0,6,45,7,UPI,0,0,0,No,8.1,3.5,15,0
NET13348,37,Premium+,19,899,67.5,33,1,3,32,2,Debit Card,0,0,0,No,9.9,7.9,20,0
NET13349,29,Premium,5,699,38.5,17,21,2,92,3,Credit Card,0,0,0,Yes,8.3,6.0,8,0
NET13350,26,Premium+,2,899,29.9,21,0,3,48,4,Credit Card,0,0,0,No,6.1,7.0,3,0
NET13351,27,Premium+,9,899,29.6,20,2,5,54,4,Credit Card,0,0,0,Yes,9.1,8.5,9,0
NET13352,34,Standard,6,449,10.4,5,4,2,24,3,Debit Card,0,0,0,Yes,9.1,7.4,9,0
NET13353,31,Premium,4,629,57.4,32,0,3,55,4,Credit Card,0,1,1,No,7.9,6.6,9,0
NET13354,25,Basic,50,219,15.3,7,2,3,59,2,Credit Card,0,1,1,No,5.4,5.2,55,0
NET13355,29,Standard,9,449,28.8,17,0,3,25,2,Net Banking,1,1,1,No,8.6,6.2,14,0
NET13356,31,Premium,27,629,22.0,10,7,2,16,9,Credit Card,0,1,1,No,7.3,5.8,27,0
NET13357,15,Standard,3,419,24.9,14,3,1,81,6,UPI,0,0,0,Yes,6.7,8.9,3,0
NET13358,35,Premium,39,649,12.7,5,5,2,61,6,UPI,0,0,0,Yes,4.1,8.1,39,0
NET13359,22,Premium,22,699,40.3,24,5,6,35,4,Debit Card,0,0,0,No,5.9,8.1,24,0
NET13360,20,Standard,23,399,29.3,18,2,3,52,5,UPI,0,1,2,No,7.9,8.3,26,0
NET13361,15,Premium,6,699,54.7,39,0,5,50,4,Credit Card,0,0,0,Yes,10.0,10.0,10,0
NET13362,15,Standard,9,419,20.0,9,1,2,45,7,Debit Card,0,0,0,Yes,6.9,3.9,13,0
NET13363,18,Basic,12,179,27.5,12,3,1,27,6,Net Banking,0,0,0,No,3.6,8.8,14,1
NET13364,24,Premium,21,699,23.4,11,1,2,28,7,UPI,0,0,1,No,3.6,8.9,21,1
NET13365,48,Standard,26,379,14.2,7,16,4,16,7,Credit Card,0,0,1,No,7.7,6.6,30,0
NET13366,26,Premium,1,649,17.1,10,3,1,44,7,Net Banking,0,0,0,Yes,4.3,9.1,4,0
NET13367,32,Standard,32,399,7.4,4,2,5,36,7,Wallet,0,0,0,No,5.6,8.3,33,0
NET13368,34,Standard,38,419,39.7,25,0,5,53,1,Debit Card,0,1,2,Yes,4.3,8.8,41,1
NET13369,32,Premium,12,669,40.7,20,1,1,17,5,Wallet,0,0,0,No,8.2,6.8,12,0
NET13370,30,Standard,2,399,5.3,3,5,2,41,7,Credit Card,0,1,2,Yes,7.7,8.6,5,0
NET13371,20,Standard,23,399,13.2,6,10,2,8,4,UPI,0,0,0,No,5.7,5.5,28,0
NET13372,44,Basic,11,219,24.2,11,8,3,38,5,UPI,0,0,0,No,9.3,7.1,11,0
NET13373,47,Premium,23,649,18.7,12,6,2,43,4,Credit Card,0,0,0,No,4.8,8.5,26,0
NET13374,15,Basic,23,179,24.7,17,16,2,63,4,UPI,0,0,1,Yes,8.1,6.8,25,0
NET13375,21,Premium,1,669,72.2,51,0,2,24,4,Debit Card,0,0,0,No,5.0,9.5,4,0
NET13376,28,Standard,13,379,23.5,17,1,2,53,2,Credit Card,0,0,1,Yes,6.0,7.2,18,0
NET13377,22,Premium,9,649,23.1,12,0,3,53,6,Debit Card,0,0,0,Yes,4.6,8.6,13,0
NET13378,35,Premium+,40,879,77.3,42,2,5,58,6,UPI,0,0,0,No,6.8,6.6,41,0
NET13379,24,Basic,4,219,14.2,7,9,5,34,6,Credit Card,0,1,2,No,7.7,8.0,6,0
NET13380,50,Standard,3,399,34.4,18,1,3,46,3,UPI,0,0,0,No,7.1,4.3,6,0
NET13381,41,Premium,31,669,15.3,11,9,2,68,4,Debit Card,0,0,0,No,7.1,5.1,31,0
NET13382,32,Premium,2,699,35.6,22,7,1,62,3,Net Banking,0,0,1,No,7.1,6.0,4,0
NET13383,40,Standard,16,449,10.6,6,4,5,35,7,UPI,0,0,1,Yes,6.6,8.6,20,0
NET13384,40,Premium,4,699,12.0,6,4,1,29,2,UPI,0,0,0,No,10.0,5.5,5,1
NET13385,25,Premium,11,649,14.3,6,7,3,38,2,UPI,0,3,3,No,5.2,6.4,16,0
NET13386,23,Premium,13,669,30.5,14,37,4,38,4,UPI,0,0,0,No,5.7,8.5,14,0
NET13387,31,Premium,7,699,34.9,18,2,3,74,3,UPI,2,0,0,No,5.2,7.9,10,0
NET13388,38,Standard,51,419,23.8,15,0,5,34,3,Credit Card,0,0,1,Yes,5.0,8.5,56,0
NET13389,32,Premium+,1,899,40.1,24,7,2,45,4,UPI,1,0,0,No,5.5,6.8,5,0
NET13390,16,Standard,6,449,26.5,16,0,2,26,4,UPI,1,0,0,No,6.5,4.4,10,0
NET13391,23,Basic,7,249,15.3,10,13,3,32,6,Credit Card,0,1,1,Yes,9.2,10.0,8,1
NET13392,30,Standard,13,399,11.7,5,21,5,31,5,Wallet,0,0,1,No,9.7,6.7,14,0
NET13393,30,Basic,7,219,30.1,21,7,6,42,6,Debit Card,0,0,0,Yes,5.6,6.9,11,0
NET13394,48,Basic,1,199,2.2,1,2,6,32,2,UPI,1,2,2,Yes,8.3,7.3,2,0
NET13395,18,Standard,41,399,25.2,12,1,3,35,5,UPI,0,0,0,No,8.4,7.6,41,0
NET13396,35,Basic,7,219,5.6,2,0,5,41,4,UPI,0,0,1,Yes,9.0,4.8,8,1
NET13397,44,Premium,5,649,23.5,15,0,2,11,3,Wallet,0,0,0,No,4.8,7.6,5,1
NET13398,51,Basic,8,219,18.9,12,3,2,44,7,Net Banking,1,0,2,Yes,8.7,7.1,13,0
NET13399,27,Basic,3,199,10.5,6,6,2,55,6,Debit Card,0,0,0,No,6.2,9.0,4,0
NET13400,35,Basic,1,199,13.0,7,2,3,43,4,Net Banking,0,0,1,No,9.4,6.9,3,0
NET13401,36,Basic,2,199,16.0,10,3,6,55,4,UPI,0,0,0,No,6.6,5.9,4,0
NET13402,32,Standard,2,399,31.3,22,6,1,49,4,Credit Card,1,0,0,No,8.2,5.2,7,0
NET13403,30,Standard,3,399,44.7,27,3,2,43,6,Credit Card,0,1,1,No,6.6,4.4,8,1
NET13404,34,Premium+,7,949,9.7,6,8,4,50,6,Debit Card,0,1,2,No,5.1,4.8,9,0
NET13405,15,Premium,13,699,37.4,25,6,6,23,5,Credit Card,0,0,0,No,6.2,6.1,18,0
NET13406,37,Premium,13,649,28.9,17,6,5,43,5,UPI,0,0,0,No,7.4,6.0,13,0
NET13407,32,Basic,1,219,12.2,8,5,4,53,3,UPI,0,1,1,No,6.2,7.6,1,0
NET13408,28,Standard,35,399,42.8,20,0,4,36,6,Debit Card,0,0,0,Yes,6.8,6.2,38,0
NET13409,49,Basic,24,249,16.4,8,6,2,62,4,Credit Card,1,2,2,No,6.5,9.0,27,0
NET13410,24,Premium,46,669,16.4,9,5,5,34,2,UPI,0,0,0,Yes,7.1,6.9,47,0
NET13411,27,Basic,6,199,12.1,8,5,3,26,2,Wallet,1,0,0,No,7.7,4.3,6,0
NET13412,48,Standard,15,419,25.9,12,5,1,68,8,UPI,0,1,1,No,8.2,7.1,17,0
NET13413,23,Basic,2,179,5.1,3,26,3,76,0,UPI,0,1,1,Yes,7.5,6.1,4,1
NET13414,26,Basic,23,199,16.8,7,3,2,78,3,Credit Card,0,0,0,Yes,7.9,7.3,25,0
NET13415,29,Premium+,2,919,23.2,11,0,3,35,9,UPI,0,0,0,Yes,4.1,7.8,3,1
NET13416,38,Premium,5,649,13.9,8,4,4,41,3,Credit Card,0,1,1,No,4.5,5.4,5,0
NET13417,32,Premium,9,649,34.1,17,0,1,42,5,UPI,0,0,0,Yes,2.3,7.0,14,1
NET13418,19,Standard,12,379,11.9,8,9,3,26,3,UPI,0,1,2,Yes,8.0,6.1,13,0
NET13419,26,Premium,11,669,62.8,36,0,3,50,3,Debit Card,0,1,1,No,5.6,8.7,16,0
NET13420,25,Premium,1,649,29.8,14,32,3,6,8,Net Banking,0,0,0,Yes,5.8,10.0,5,1
NET13421,30,Premium+,7,949,49.3,35,1,3,47,3,UPI,0,0,0,Yes,7.8,6.0,11,0
NET13422,34,Standard,35,399,4.7,3,2,3,44,7,Debit Card,0,0,0,No,7.8,7.0,38,0
NET13423,34,Standard,28,399,8.0,4,0,3,35,7,Credit Card,0,0,0,Yes,9.7,7.9,33,0
NET13424,15,Premium,12,649,2.6,1,3,4,42,8,Debit Card,1,0,0,No,8.4,9.2,12,0
NET13425,40,Standard,11,399,25.3,13,3,3,76,6,Credit Card,1,0,0,Yes,6.1,5.6,16,0
NET13426,33,Premium,1,699,18.4,9,8,2,41,3,Wallet,0,0,0,No,7.2,8.2,6,0
NET13427,43,Premium+,3,899,35.3,24,0,3,43,5,Credit Card,0,0,1,No,7.4,10.0,5,0
NET13428,34,Standard,4,379,46.5,27,1,2,53,3,UPI,0,0,0,No,6.5,9.3,4,0
NET13429,40,Standard,9,399,30.9,17,1,3,49,4,UPI,0,0,0,Yes,4.7,3.8,14,0
NET13430,35,Standard,18,449,23.4,12,5,2,27,5,UPI,0,0,0,Yes,9.2,8.7,23,0
NET13431,43,Premium,8,669,7.7,3,1,4,52,6,Debit Card,0,1,1,Yes,7.5,7.3,13,0
NET13432,35,Premium,1,629,43.1,24,4,2,96,6,UPI,0,0,0,No,8.1,8.0,4,0
NET13433,30,Basic,8,179,27.2,17,4,3,48,6,UPI,0,1,1,No,9.0,7.0,10,0
NET13434,51,Standard,2,419,73.6,36,2,3,57,4,Wallet,0,1,1,Yes,6.6,6.9,3,0
NET13435,39,Basic,19,199,16.4,7,12,5,65,2,UPI,0,0,1,Yes,4.2,10.0,21,1
NET13436,36,Premium,2,699,18.1,11,22,4,43,4,Debit Card,2,0,1,No,6.0,8.6,7,0
NET13437,19,Standard,9,419,32.7,16,11,2,32,4,Debit Card,0,0,0,No,6.0,8.2,14,0
NET13438,19,Standard,16,399,63.5,42,3,2,35,1,UPI,0,1,1,No,8.5,3.8,20,0
NET13439,33,Premium,3,649,22.8,16,21,4,5,4,UPI,0,0,1,Yes,8.8,7.9,4,0
NET13440,32,Basic,1,219,16.3,9,10,2,55,1,UPI,0,0,0,Yes,6.8,5.1,6,0
NET13441,25,Basic,11,249,5.0,3,1,2,40,5,UPI,0,0,0,No,10.0,7.4,13,0
NET13442,32,Standard,1,379,38.2,27,9,4,70,4,Debit Card,0,0,0,No,7.2,7.1,2,0
NET13443,45,Basic,12,179,13.5,9,7,3,39,2,UPI,0,0,0,No,5.0,7.9,16,0
NET13444,37,Standard,19,399,16.0,8,4,5,27,1,Wallet,0,2,2,No,4.2,3.7,23,0
NET13445,20,Premium+,5,949,48.8,25,1,1,51,7,Credit Card,0,1,1,No,6.5,7.3,5,0
NET13446,29,Premium,9,649,15.3,11,0,3,28,5,UPI,0,0,0,Yes,7.6,4.8,14,0
NET13447,23,Premium,36,649,28.0,15,1,4,47,5,UPI,0,0,0,No,6.5,6.4,40,0
NET13448,27,Premium+,8,899,3.1,1,12,4,50,4,Net Banking,1,0,0,Yes,6.9,6.9,12,0
NET13449,27,Standard,79,399,10.8,6,1,3,35,1,Wallet,0,0,1,No,2.9,7.1,83,0
NET13450,26,Standard,2,399,37.8,17,3,4,66,4,Wallet,0,1,1,Yes,7.2,5.9,7,0
NET13451,19,Basic,17,199,4.0,2,36,2,85,4,Credit Card,1,0,0,No,8.6,5.6,20,0
NET13452,29,Premium,14,669,35.4,19,4,2,67,4,UPI,1,1,1,Yes,5.8,6.7,18,0
NET13453,25,Premium,28,629,23.3,14,8,2,64,2,Credit Card,1,1,1,No,6.3,6.0,28,0
NET13454,15,Basic,1,249,8.2,5,9,5,54,3,Debit Card,2,0,0,No,6.4,5.7,2,0
NET13455,49,Standard,4,449,18.8,9,12,4,39,4,UPI,2,1,1,No,7.3,8.9,7,1
NET13456,40,Standard,1,379,22.8,10,2,3,5,8,Debit Card,0,0,0,Yes,7.4,9.0,2,0
NET13457,27,Standard,37,449,10.5,6,0,3,35,3,UPI,0,1,1,No,5.4,10.0,38,0
NET13458,31,Premium,7,649,16.8,8,13,3,39,2,UPI,0,1,1,No,2.7,7.2,7,0
NET13459,20,Standard,33,399,8.1,4,5,2,30,5,UPI,0,2,2,No,10.0,6.7,36,0
NET13460,46,Premium+,4,949,22.2,12,5,5,23,1,Credit Card,0,0,0,No,9.2,3.4,9,0
NET13461,48,Standard,1,419,14.9,10,5,4,69,3,Credit Card,1,0,0,No,5.8,9.1,3,0
NET13462,32,Premium,4,699,35.8,19,0,4,44,0,Credit Card,0,0,0,Yes,7.4,6.6,8,0
NET13463,40,Premium+,12,899,55.5,25,1,1,28,3,UPI,0,0,0,No,7.2,5.3,13,0
NET13464,32,Premium+,26,899,83.8,62,1,6,56,5,Wallet,0,1,1,Yes,6.6,9.1,27,0
NET13465,18,Basic,6,179,16.1,10,0,2,54,4,Wallet,0,1,1,Yes,10.0,7.7,6,0
NET13466,27,Basic,34,199,12.5,6,5,2,48,1,Wallet,0,3,3,Yes,9.4,7.0,39,0
NET13467,32,Standard,3,419,13.7,8,0,2,45,4,UPI,0,0,0,No,6.8,6.4,3,0
NET13468,26,Standard,16,449,13.3,8,0,4,30,5,Debit Card,0,0,0,No,6.6,4.9,16,0
NET13469,29,Premium,18,649,56.6,36,13,2,43,1,Credit Card,0,1,1,Yes,2.9,5.5,21,1
NET13470,30,Premium+,4,899,54.2,24,14,3,62,7,Debit Card,1,1,1,No,8.9,7.7,9,0
NET13471,30,Basic,1,199,32.7,18,2,3,21,5,UPI,1,1,2,No,10.0,9.9,5,0
NET13472,31,Standard,6,419,28.6,20,12,2,18,2,UPI,0,0,0,No,7.1,10.0,9,0
NET13473,21,Basic,1,219,14.7,10,0,5,65,6,UPI,0,1,1,No,7.3,7.9,1,0
NET13474,24,Premium,32,669,28.6,18,3,3,39,2,Credit Card,0,1,1,No,5.7,3.7,32,0
NET13475,19,Premium+,42,919,30.1,18,3,3,54,4,UPI,0,1,1,No,2.6,9.6,47,0
NET13476,39,Standard,18,399,7.1,4,3,5,47,6,Wallet,0,0,0,No,7.4,6.6,23,0
NET13477,15,Basic,18,219,6.1,3,2,3,12,6,UPI,0,0,0,No,4.5,8.3,19,0
NET13478,41,Premium,3,649,68.2,32,1,6,32,5,Net Banking,0,2,2,Yes,5.4,5.3,6,0
NET13479,43,Premium,1,649,32.9,16,6,2,5,3,UPI,0,1,1,No,6.8,10.0,4,0
NET13480,28,Standard,22,449,3.1,1,19,2,52,3,UPI,0,1,2,No,10.0,6.0,27,0
NET13481,15,Premium,11,649,41.8,21,0,6,47,3,Credit Card,1,0,0,No,6.0,6.6,15,0
NET13482,27,Premium+,16,899,29.1,15,13,5,19,4,Credit Card,0,1,1,No,9.1,7.7,19,0
NET13483,30,Standard,21,399,30.5,22,9,2,60,3,Wallet,0,0,0,No,7.5,4.1,26,0
NET13484,21,Standard,7,399,10.2,5,1,6,31,4,Debit Card,0,0,0,No,5.1,7.8,11,0
NET13485,26,Standard,2,379,17.7,8,1,1,7,6,Credit Card,0,0,0,Yes,4.9,7.2,4,0
NET13486,44,Standard,22,399,21.7,10,0,3,43,4,Wallet,0,1,2,Yes,6.9,7.9,27,0
NET13487,36,Standard,8,449,21.9,12,3,2,23,4,Credit Card,1,0,0,No,7.7,8.5,12,0
NET13488,22,Standard,24,449,19.9,12,4,5,64,5,Wallet,0,1,1,No,10.0,10.0,24,0
NET13489,16,Basic,8,219,16.1,9,5,2,39,9,Credit Card,0,0,0,No,5.5,4.1,10,0
NET13490,28,Standard,3,399,10.0,5,3,2,63,5,Credit Card,0,0,0,Yes,10.0,7.4,4,0
NET13491,29,Basic,2,249,12.1,7,6,4,23,3,Wallet,1,1,2,No,7.2,5.6,3,0
NET13492,35,Standard,19,379,29.0,17,7,1,34,4,UPI,1,2,2,Yes,9.0,7.7,20,0
NET13493,26,Premium,11,629,27.1,19,4,3,23,2,Credit Card,0,0,1,No,7.3,10.0,11,0
NET13494,35,Premium,7,669,32.4,23,4,2,49,5,UPI,1,1,2,No,7.4,7.3,12,0
NET13495,48,Standard,9,399,14.0,10,1,1,44,8,UPI,0,0,1,Yes,3.7,7.2,10,1
NET13496,38,Standard,11,399,8.5,3,4,1,28,2,Credit Card,0,0,0,No,8.6,10.0,15,0
NET13497,30,Premium,3,649,39.4,24,0,4,73,3,UPI,0,0,0,No,3.3,9.1,8,0
NET13498,29,Standard,6,379,21.5,15,5,3,37,2,Debit Card,0,1,1,Yes,10.0,7.2,6,0
NET13499,27,Premium+,4,879,37.5,20,6,4,47,8,UPI,1,0,0,Yes,7.0,6.2,7,0
NET13500,41,Standard,6,379,41.6,21,24,4,54,3,Wallet,0,0,0,Yes,6.7,7.2,6,0
NET13501,25,Premium,9,629,14.6,7,3,2,35,4,UPI,0,1,1,No,6.7,6.0,9,0
NET13502,31,Basic,2,249,39.6,18,4,5,46,6,Credit Card,1,0,0,No,8.1,9.1,5,0
NET13503,31,Premium,7,649,15.7,10,3,2,51,2,UPI,0,0,1,No,3.6,8.0,11,0
NET13504,26,Premium,6,649,25.4,12,1,2,50,3,Credit Card,0,0,0,No,5.3,7.1,8,0
NET13505,18,Premium+,4,949,21.0,9,0,5,30,2,Credit Card,0,2,2,Yes,6.6,8.8,7,0
NET13506,33,Premium+,90,899,19.3,11,6,2,52,7,UPI,1,0,1,No,6.1,10.0,90,0
NET13507,30,Standard,1,419,16.9,7,0,5,43,3,UPI,0,0,1,No,6.2,9.1,2,0
NET13508,35,Standard,14,379,21.7,14,3,4,35,7,UPI,0,0,0,No,4.3,7.4,17,0
NET13509,26,Standard,2,399,26.7,16,0,4,5,2,UPI,0,0,1,No,7.2,8.4,5,0
NET13510,41,Standard,25,399,20.3,10,16,5,37,5,UPI,0,1,1,Yes,8.5,8.3,27,0
NET13511,23,Basic,34,219,25.9,12,7,2,59,4,Wallet,0,0,1,No,8.7,9.9,34,0
NET13512,46,Premium,7,629,56.5,41,1,3,61,4,UPI,0,0,1,No,9.1,5.4,8,0
NET13513,15,Premium+,24,919,13.9,7,1,2,5,3,Credit Card,1,0,1,No,5.6,7.3,25,0
NET13514,34,Standard,4,419,20.3,9,2,3,27,2,UPI,1,0,1,No,10.0,6.7,6,0
NET13515,35,Standard,2,449,40.1,28,4,1,48,1,Credit Card,0,0,1,No,5.2,7.5,7,0
NET13516,23,Basic,5,219,29.5,20,5,4,26,4,Debit Card,0,1,1,No,6.3,7.1,6,0
NET13517,34,Premium,5,699,21.8,11,0,2,33,5,UPI,0,0,2,Yes,3.1,7.4,9,1
NET13518,42,Standard,7,449,5.6,2,6,1,84,3,Net Banking,0,0,0,Yes,6.9,7.7,10,0
NET13519,15,Premium+,6,919,29.6,18,0,3,49,4,UPI,0,1,1,No,8.3,2.0,9,0
NET13520,35,Premium,7,649,33.1,15,14,1,26,7,Wallet,0,1,1,Yes,6.1,4.7,8,0
NET13521,15,Premium,17,669,5.5,3,4,2,8,3,UPI,0,0,2,No,7.0,10.0,18,1
NET13522,22,Standard,3,419,21.6,13,16,2,27,3,UPI,0,1,2,No,8.3,7.0,4,1
NET13523,45,Basic,1,199,44.1,21,6,6,27,2,UPI,0,1,1,No,6.9,7.0,4,0
NET13524,25,Premium+,9,879,14.6,8,3,2,54,2,Credit Card,0,0,0,No,7.4,6.6,10,0
NET13525,20,Premium,8,649,32.6,19,9,4,83,4,Debit Card,1,0,1,Yes,9.8,6.8,12,0
NET13526,29,Premium+,1,879,15.9,8,0,6,37,3,Credit Card,0,0,0,No,8.3,9.8,5,0
NET13527,49,Standard,2,419,6.3,3,5,1,24,4,UPI,0,0,0,No,6.4,6.9,5,1
NET13528,15,Premium,9,629,30.2,21,1,4,57,4,Credit Card,0,0,0,Yes,6.6,8.0,14,0
NET13529,21,Basic,3,199,4.3,2,11,3,51,4,Credit Card,1,1,1,Yes,8.2,5.8,3,0
NET13530,44,Premium,29,629,58.9,28,13,2,30,2,Wallet,0,1,1,No,5.6,10.0,29,0
NET13531,47,Premium,2,649,15.3,7,5,1,40,5,UPI,0,0,0,Yes,7.1,7.0,2,0
NET13532,30,Premium,1,629,23.7,17,1,1,51,3,Credit Card,0,0,1,No,7.7,8.4,5,0
NET13533,19,Premium,8,699,59.1,34,2,1,39,1,Debit Card,0,0,0,No,9.3,10.0,10,0
NET13534,49,Basic,59,219,14.0,8,5,3,37,6,Credit Card,0,0,0,No,7.2,8.5,59,0
NET13535,45,Premium+,14,899,65.6,32,0,2,37,6,UPI,1,0,0,No,8.9,9.1,16,0
NET13536,37,Premium+,6,919,59.1,41,9,3,55,0,UPI,0,0,1,Yes,6.3,8.8,9,0
NET13537,23,Basic,1,249,1.7,1,2,4,28,4,Credit Card,0,0,0,No,7.4,8.4,5,1
NET13538,30,Premium+,9,879,6.5,3,4,3,26,3,Debit Card,0,0,0,No,6.5,8.0,14,0
NET13539,29,Standard,3,419,4.4,2,1,3,75,0,Credit Card,1,0,0,Yes,7.0,6.8,3,0
NET13540,33,Premium,14,629,24.0,14,7,2,23,2,UPI,0,1,1,No,7.1,6.2,18,0
NET13541,44,Standard,12,379,14.2,6,12,4,29,4,UPI,1,0,2,Yes,8.9,6.6,15,0
NET13542,38,Premium+,4,919,52.3,31,2,3,27,6,Debit Card,0,1,2,Yes,8.3,7.5,8,0
NET13543,21,Basic,1,199,11.0,5,18,2,31,2,Net Banking,0,0,0,No,6.4,7.2,2,0
NET13544,43,Standard,19,399,41.2,23,0,1,69,7,Credit Card,0,0,1,Yes,3.4,6.6,19,0
NET13545,33,Standard,12,419,55.0,27,1,3,66,1,Credit Card,1,1,1,No,9.5,7.0,16,0
NET13546,37,Standard,25,399,24.0,17,3,3,47,4,Credit Card,0,0,0,Yes,3.6,8.6,30,0
NET13547,44,Premium,4,649,11.5,6,3,1,58,1,Net Banking,0,0,3,No,6.7,8.2,8,0
NET13548,20,Basic,14,179,12.0,5,9,3,76,2,Debit Card,0,0,0,No,6.6,6.9,18,0
NET13549,30,Premium,1,669,37.0,18,13,3,26,4,Wallet,0,1,1,No,8.7,6.0,4,0
NET13550,26,Premium+,4,949,10.2,6,2,1,54,1,UPI,0,0,0,Yes,8.7,8.8,4,0
NET13551,16,Premium,14,669,24.1,15,6,4,38,4,Wallet,0,0,1,No,5.3,9.2,19,0
NET13552,34,Premium,24,669,17.1,8,4,3,39,5,Wallet,0,0,0,No,7.2,6.4,24,0
NET13553,53,Standard,5,379,20.0,13,1,6,88,4,Credit Card,0,0,0,No,6.4,6.1,6,0
NET13554,15,Standard,22,449,8.3,6,2,2,54,3,Credit Card,0,0,0,No,5.7,9.1,23,0
NET13555,30,Standard,15,379,10.0,5,0,1,33,4,Wallet,1,0,0,No,5.5,10.0,19,0
NET13556,36,Basic,6,199,15.7,8,2,1,69,4,Debit Card,0,0,0,No,6.3,8.7,6,0
NET13557,32,Premium+,29,919,19.6,10,0,2,39,6,UPI,0,0,0,No,6.3,7.2,29,0
NET13558,29,Basic,9,179,23.9,18,13,6,34,5,Credit Card,0,1,1,Yes,9.8,6.2,13,0
NET13559,19,Premium+,14,899,96.6,58,3,4,37,5,UPI,0,0,0,No,10.0,6.6,16,0
NET13560,33,Basic,9,219,5.8,3,6,5,57,3,Debit Card,0,1,1,Yes,4.8,6.5,9,1
NET13561,24,Premium,8,649,59.0,30,29,2,30,5,Net Banking,0,0,0,No,7.0,8.3,12,0
NET13562,15,Basic,26,179,29.1,14,5,2,63,7,Net Banking,1,0,0,Yes,6.3,7.3,30,0
NET13563,41,Basic,4,179,17.3,11,1,5,51,1,Wallet,1,0,0,No,6.1,5.8,6,0
NET13564,39,Premium,1,649,27.0,12,12,4,80,5,UPI,1,1,1,Yes,9.7,9.5,2,0
NET13565,31,Standard,29,399,15.6,8,1,1,64,1,Debit Card,2,1,2,No,8.5,9.2,34,1
NET13566,33,Premium,24,649,41.4,24,1,3,70,9,Credit Card,1,0,0,No,7.3,4.8,28,0
NET13567,40,Standard,6,419,11.9,6,6,3,27,5,Net Banking,0,0,0,No,6.1,6.6,6,0
NET13568,33,Basic,2,249,43.3,22,0,1,43,3,UPI,0,0,0,No,9.1,5.0,3,0
NET13569,39,Premium+,15,879,15.4,10,5,3,5,9,Net Banking,0,0,0,No,7.8,6.7,16,0
NET13570,28,Standard,1,399,83.8,64,0,5,41,4,Credit Card,0,0,0,No,7.4,7.5,2,0
NET13571,42,Premium,7,629,48.1,34,5,4,36,3,Credit Card,0,0,0,No,4.6,9.3,11,0
NET13572,33,Standard,1,379,23.8,11,9,1,43,2,UPI,0,2,2,No,6.5,7.6,1,0
NET13573,32,Premium,12,649,11.7,5,3,3,25,0,UPI,1,0,0,No,6.2,6.3,17,0
NET13574,19,Standard,1,379,22.0,15,2,4,41,3,UPI,0,1,1,Yes,5.2,6.8,3,0
NET13575,33,Basic,13,199,23.2,12,2,4,35,3,Net Banking,3,1,2,No,10.0,6.1,16,1
NET13576,23,Standard,15,399,14.6,6,2,4,96,6,Net Banking,0,0,0,No,4.9,7.9,18,0
NET13577,25,Standard,9,449,24.8,11,9,4,30,4,Debit Card,0,0,0,No,9.7,7.6,10,0
NET13578,23,Standard,2,399,16.2,8,3,4,5,3,Wallet,0,1,1,No,6.0,10.0,5,0
NET13579,21,Premium,1,649,14.6,7,7,6,41,6,UPI,1,1,1,No,5.8,7.7,4,0
NET13580,50,Premium,5,649,30.3,18,8,3,18,4,Debit Card,0,1,1,No,7.6,6.1,9,0
NET13581,42,Basic,8,249,25.2,18,4,3,62,2,Credit Card,1,0,0,Yes,6.2,9.2,10,0
NET13582,48,Standard,14,419,24.1,13,3,2,64,3,UPI,0,0,0,No,9.4,8.7,17,0
NET13583,19,Standard,1,419,36.2,22,2,2,47,4,Credit Card,0,0,0,Yes,6.7,10.0,6,0
NET13584,31,Basic,17,199,34.1,20,6,3,96,4,UPI,0,1,1,Yes,3.8,9.7,22,1
NET13585,19,Basic,17,249,25.6,17,4,5,57,3,UPI,0,0,0,Yes,6.1,10.0,19,0
NET13586,24,Basic,8,199,34.6,17,2,2,20,4,UPI,0,2,2,No,7.9,8.4,11,0
NET13587,22,Premium+,5,949,79.7,37,1,5,61,11,Debit Card,1,1,2,No,5.5,8.9,10,0
NET13588,42,Premium,25,629,13.2,6,6,5,60,3,Debit Card,1,0,0,No,8.9,4.7,26,0
NET13589,27,Basic,21,249,15.2,8,4,4,58,3,Credit Card,0,1,2,Yes,6.5,5.2,22,0
NET13590,40,Basic,57,199,26.6,15,0,5,49,4,Debit Card,0,1,1,Yes,3.2,7.9,62,1
NET13591,36,Premium,6,649,11.5,6,29,4,23,5,UPI,0,0,0,Yes,9.1,6.7,8,0
NET13592,51,Standard,33,379,37.9,20,8,3,27,6,Debit Card,1,0,1,Yes,5.9,8.6,35,0
NET13593,17,Premium,1,699,15.9,11,1,1,42,7,UPI,1,0,0,Yes,4.6,7.4,3,1
NET13594,42,Premium+,7,919,44.2,21,8,3,41,5,Credit Card,0,0,0,Yes,4.2,7.3,9,1
NET13595,41,Standard,8,399,19.4,14,8,4,52,2,Credit Card,0,1,1,No,7.4,8.2,8,0
NET13596,22,Basic,8,199,29.8,14,5,1,5,3,UPI,0,2,2,No,8.6,5.2,9,0
NET13597,40,Premium,13,649,51.2,29,5,4,34,4,Debit Card,0,1,1,No,4.9,7.5,16,0
NET13598,34,Premium+,2,949,46.4,27,1,3,58,3,UPI,0,0,0,Yes,6.8,8.3,2,0
NET13599,28,Standard,28,399,27.6,19,2,3,69,3,UPI,0,0,0,Yes,5.4,6.8,30,0
NET13600,23,Premium,11,669,87.5,47,1,3,36,7,UPI,0,0,0,Yes,8.7,9.3,14,0
NET13601,24,Standard,32,379,21.8,15,0,2,47,1,Debit Card,0,0,0,No,5.6,9.9,33,0
NET13602,49,Standard,1,449,50.4,24,22,3,37,6,UPI,0,1,1,No,7.3,6.1,3,1
NET13603,31,Premium,13,649,18.0,11,0,2,35,4,Net Banking,0,1,1,No,7.7,8.7,17,0
NET13604,38,Premium+,7,879,39.2,26,3,4,27,8,Credit Card,1,1,1,No,6.1,7.6,9,0
NET13605,23,Premium,9,649,56.6,37,14,1,28,6,UPI,0,1,1,Yes,5.2,2.3,12,0
NET13606,23,Premium,19,699,51.7,29,0,4,47,3,Debit Card,0,0,0,No,5.9,6.5,20,0
NET13607,40,Basic,3,199,14.9,8,6,4,54,3,Net Banking,0,1,2,Yes,7.7,6.0,5,0
NET13608,18,Basic,3,219,22.4,13,2,3,13,2,Credit Card,1,0,0,Yes,5.7,8.1,4,0
NET13609,27,Standard,16,399,5.7,2,7,3,51,4,Debit Card,0,0,0,Yes,7.3,8.8,16,0
NET13610,31,Basic,10,249,18.3,11,6,3,40,3,UPI,0,0,0,No,7.7,7.3,14,0
NET13611,32,Premium,3,649,40.5,23,5,6,45,4,Net Banking,0,0,0,No,8.3,6.2,8,0
NET13612,29,Standard,9,379,31.2,22,12,2,26,1,Credit Card,0,1,1,Yes,7.3,7.9,14,0
NET13613,34,Premium,8,629,61.4,43,0,2,93,2,UPI,0,3,4,No,6.1,4.9,8,1
NET13614,37,Premium,16,649,29.7,21,0,2,71,1,UPI,0,1,1,No,6.8,5.4,21,0
NET13615,37,Standard,1,399,19.9,13,9,3,55,2,Credit Card,0,0,0,No,7.2,6.7,5,0
NET13616,22,Basic,12,219,30.8,14,6,4,37,6,Debit Card,0,0,0,Yes,3.9,4.8,12,1
NET13617,28,Premium,13,629,36.8,19,15,1,37,6,Debit Card,0,1,1,No,8.6,8.2,14,0
NET13618,41,Premium+,19,899,46.5,24,3,4,74,2,Credit Card,0,1,1,No,7.2,8.4,20,0
NET13619,39,Premium,30,649,14.0,9,4,3,38,2,Wallet,0,0,0,No,8.6,5.5,30,0
NET13620,18,Basic,8,219,17.0,9,5,3,39,6,Credit Card,0,0,0,No,10.0,3.5,11,1
NET13621,34,Basic,5,249,9.4,5,1,2,23,5,Net Banking,1,1,1,Yes,8.3,6.0,5,1
NET13622,15,Standard,1,399,17.5,11,0,3,73,3,Wallet,0,1,3,Yes,6.7,7.6,3,1
NET13623,31,Basic,5,199,5.9,3,1,3,86,4,UPI,1,0,0,No,6.8,7.4,8,1
NET13624,48,Premium,1,629,54.6,27,2,1,38,4,Net Banking,0,1,1,No,8.2,5.8,2,0
NET13625,22,Premium,22,669,30.7,19,4,2,60,1,UPI,0,0,0,No,5.6,6.5,22,0
NET13626,23,Standard,23,379,25.4,13,3,2,35,7,UPI,0,1,1,No,7.5,4.1,26,0
NET13627,37,Standard,7,379,20.2,9,9,5,34,4,Debit Card,0,1,1,Yes,5.1,7.5,9,0
NET13628,17,Basic,4,219,13.9,7,0,5,44,2,UPI,0,1,1,No,5.7,6.8,8,0
NET13629,25,Premium+,1,899,5.3,2,2,4,67,9,UPI,0,0,3,No,4.9,5.7,2,1
NET13630,36,Standard,26,399,5.1,2,17,1,75,4,Credit Card,1,0,1,Yes,7.1,8.6,29,0
NET13631,25,Premium,29,629,101.7,52,2,2,31,2,UPI,0,1,2,No,8.6,2.4,34,0
NET13632,28,Standard,4,399,35.4,26,3,3,10,3,UPI,0,0,1,No,4.9,5.1,7,1
NET13633,37,Premium,13,669,18.0,12,5,4,25,8,Net Banking,0,0,0,No,7.4,5.2,18,0
NET13634,34,Standard,4,399,37.0,23,3,1,43,7,UPI,0,0,0,No,4.8,8.5,7,0
NET13635,33,Standard,3,449,9.3,5,2,1,30,6,UPI,0,0,1,Yes,5.8,6.1,3,0
NET13636,27,Premium,1,649,37.9,24,0,1,42,2,Debit Card,0,1,1,No,4.7,9.7,2,1
NET13637,34,Standard,12,419,18.8,10,1,3,79,3,Debit Card,0,0,0,No,9.9,10.0,13,0
NET13638,29,Standard,2,399,45.0,22,2,4,28,1,UPI,0,0,0,No,6.5,9.4,2,0
NET13639,35,Basic,1,249,11.7,5,2,2,67,7,Credit Card,1,3,3,Yes,6.2,4.5,1,1
NET13640,26,Standard,1,379,7.5,4,1,2,19,5,Credit Card,0,0,1,Yes,7.7,8.2,6,1
NET13641,29,Standard,5,399,6.4,3,5,3,15,1,UPI,1,1,1,No,5.8,3.7,10,0
NET13642,22,Premium,15,669,13.7,8,5,4,54,2,Credit Card,0,0,1,Yes,7.4,6.2,20,0
NET13643,30,Premium+,3,899,47.6,33,0,6,16,2,UPI,0,2,2,No,4.6,9.8,3,0
NET13644,23,Basic,30,249,10.8,5,6,4,21,2,UPI,0,0,0,No,4.4,9.2,32,0
NET13645,20,Basic,4,219,8.5,4,3,4,49,5,Credit Card,0,0,0,Yes,4.2,5.3,7,0
NET13646,33,Basic,5,199,22.6,14,4,5,37,4,UPI,1,0,0,No,6.2,7.3,7,0
NET13647,32,Standard,3,419,25.0,14,13,3,44,2,UPI,1,2,2,No,10.0,9.1,4,0
NET13648,38,Standard,4,449,45.7,20,1,2,37,4,Wallet,0,1,1,No,6.0,10.0,4,0
NET13649,27,Premium,1,629,49.4,22,3,3,50,6,Credit Card,0,2,2,No,5.0,7.2,4,1
NET13650,34,Basic,4,249,10.3,6,3,3,40,7,Credit Card,0,0,0,No,8.4,6.8,9,1
NET13651,35,Standard,27,379,10.3,6,5,1,23,3,UPI,0,0,0,No,6.7,4.6,31,1
NET13652,35,Premium,16,649,19.1,12,6,3,39,0,Net Banking,0,0,0,No,7.8,9.8,19,0
NET13653,23,Premium+,29,949,50.1,23,0,4,66,4,Credit Card,0,2,4,Yes,7.5,9.2,33,0
NET13654,32,Premium+,1,879,39.3,20,8,2,34,2,UPI,0,0,0,Yes,6.8,10.0,4,0
NET13655,34,Premium,8,649,18.8,10,1,3,44,7,Credit Card,0,0,0,Yes,7.4,6.5,8,0
NET13656,31,Premium+,3,899,53.2,34,18,4,59,1,Debit Card,0,0,0,Yes,6.0,5.7,7,0
NET13657,15,Basic,17,199,18.8,11,0,2,42,6,UPI,0,1,3,No,7.9,5.0,21,0
NET13658,32,Basic,49,219,12.9,7,25,2,42,5,Net Banking,0,0,0,Yes,9.0,7.0,50,1
NET13659,50,Basic,23,249,6.3,3,15,2,36,3,Credit Card,0,0,0,Yes,7.6,10.0,26,0
NET13660,27,Premium,1,699,35.8,26,13,3,70,3,Credit Card,0,1,1,Yes,10.0,10.0,3,0
NET13661,24,Premium+,5,949,29.2,16,0,2,50,6,Net Banking,0,0,1,No,5.1,4.2,10,1
NET13662,34,Basic,1,249,8.6,4,1,3,44,3,Credit Card,1,0,0,No,6.2,6.7,3,1
NET13663,33,Premium,1,669,16.0,7,5,3,61,4,UPI,0,0,1,No,4.2,10.0,2,0
NET13664,41,Premium,1,699,31.8,22,7,2,45,4,UPI,1,0,0,No,8.2,8.8,2,1
NET13665,19,Premium+,4,879,32.0,15,7,6,37,2,Credit Card,0,0,1,No,7.6,4.9,5,1
NET13666,37,Premium,5,649,55.8,40,0,4,40,3,Credit Card,0,1,1,Yes,6.7,7.3,5,0
NET13667,36,Premium+,7,919,17.2,9,7,6,51,1,Credit Card,0,0,1,Yes,9.3,6.3,7,0
NET13668,29,Standard,7,419,7.6,5,4,1,47,5,Wallet,0,0,0,Yes,6.1,7.3,7,1
NET13669,34,Standard,20,449,35.2,17,2,4,63,3,Net Banking,0,0,0,Yes,8.1,5.9,20,0
NET13670,40,Standard,2,399,15.1,8,7,1,45,3,UPI,0,1,2,No,6.1,8.0,3,0
NET13671,38,Standard,2,379,12.8,6,1,3,20,1,Debit Card,0,0,1,No,4.6,6.6,3,0
NET13672,20,Basic,13,199,12.0,6,6,2,72,10,Credit Card,0,0,1,No,9.7,9.1,13,0
NET13673,38,Premium,11,649,52.2,30,5,1,30,4,UPI,0,0,0,Yes,9.0,5.5,11,0
NET13674,30,Premium,2,649,24.6,16,5,1,76,3,Net Banking,0,0,0,Yes,10.0,5.9,6,0
NET13675,31,Premium,26,629,12.3,5,4,1,72,6,UPI,1,0,0,No,9.2,6.1,29,0
NET13676,31,Standard,5,379,28.8,14,1,4,75,4,Debit Card,1,1,1,No,9.6,10.0,9,0
NET13677,29,Standard,6,379,47.9,26,1,1,51,3,Debit Card,0,0,0,No,8.1,10.0,9,0
NET13678,41,Standard,7,419,27.2,18,2,5,54,5,Credit Card,1,0,0,No,6.0,7.1,7,1
NET13679,30,Basic,5,219,35.9,21,21,1,21,6,UPI,0,1,1,No,10.0,8.2,5,0
NET13680,20,Standard,11,399,17.5,10,9,6,28,4,UPI,0,1,2,Yes,6.0,7.7,16,0
NET13681,27,Basic,6,199,5.1,2,2,3,59,2,Net Banking,1,0,0,No,8.6,6.0,6,0
NET13682,32,Basic,4,249,10.9,7,6,3,10,3,UPI,1,0,0,No,5.5,7.6,8,0
NET13683,42,Premium,32,649,46.3,24,1,3,59,5,UPI,2,0,0,No,5.6,5.3,33,0
NET13684,36,Basic,5,249,22.3,10,1,1,22,2,UPI,0,0,2,No,7.3,7.0,8,0
NET13685,23,Premium+,16,949,29.2,14,5,3,20,7,Credit Card,0,0,0,Yes,2.8,7.0,21,0
NET13686,53,Standard,5,399,56.3,35,1,2,30,6,Wallet,0,1,1,No,5.6,6.6,9,0
NET13687,33,Premium+,7,899,27.1,18,4,4,32,1,UPI,0,0,0,Yes,5.8,6.2,12,0
NET13688,42,Basic,3,249,8.1,4,0,2,33,5,Debit Card,0,0,1,No,7.8,7.4,3,1
NET13689,29,Standard,19,419,18.0,10,10,3,36,1,Credit Card,0,0,0,Yes,9.5,2.3,20,0
NET13690,35,Standard,18,419,28.2,15,2,3,52,3,Wallet,0,0,0,No,9.5,7.4,22,0
NET13691,38,Premium,1,649,76.8,57,0,4,52,8,Credit Card,0,1,1,No,9.9,10.0,4,0
NET13692,41,Standard,1,449,13.7,7,19,2,80,4,UPI,1,0,2,Yes,9.3,6.9,6,0
NET13693,40,Standard,35,399,27.8,15,4,2,26,5,Credit Card,0,0,0,No,8.4,5.4,40,0
NET13694,38,Premium,30,669,20.3,9,14,1,33,6,UPI,1,0,0,Yes,7.2,5.9,35,0
NET13695,28,Standard,9,399,11.7,5,1,6,17,6,Debit Card,1,0,0,Yes,8.8,7.0,9,0
NET13696,25,Basic,9,249,15.9,11,2,4,27,2,UPI,0,0,0,Yes,7.6,9.5,12,0
NET13697,33,Standard,23,449,22.6,15,2,3,33,4,UPI,0,1,1,No,5.8,9.3,28,0
NET13698,39,Premium,2,669,32.5,18,1,2,54,6,Net Banking,0,1,2,No,5.7,10.0,2,0
NET13699,28,Standard,14,379,12.0,5,3,2,21,2,Net Banking,0,0,0,No,8.8,7.8,14,0
NET13700,40,Standard,9,379,10.4,5,1,2,68,1,UPI,0,0,1,Yes,7.0,9.2,11,0
NET13701,44,Basic,19,199,6.5,3,0,2,48,2,UPI,0,0,0,No,7.2,8.7,22,0
NET13702,22,Standard,1,419,31.9,22,0,3,72,1,Net Banking,0,0,0,No,9.3,7.8,2,1
NET13703,23,Premium,12,649,7.7,4,1,6,28,4,UPI,0,0,1,No,8.7,6.0,12,0
NET13704,29,Standard,11,419,21.6,16,23,1,44,4,Debit Card,0,0,0,No,5.5,5.2,12,0
NET13705,33,Standard,25,449,14.5,9,1,1,45,5,UPI,0,0,0,No,8.3,8.8,29,0
NET13706,26,Basic,15,219,23.2,11,11,3,75,2,Credit Card,0,0,0,No,5.3,7.4,15,0
NET13707,43,Basic,29,199,20.6,11,3,1,60,5,Credit Card,1,0,2,Yes,8.5,4.4,34,0
NET13708,34,Basic,30,199,14.6,9,1,1,22,1,UPI,0,0,0,Yes,6.4,7.5,30,0
NET13709,31,Standard,7,419,39.0,18,10,4,55,1,Credit Card,1,1,1,No,8.8,5.2,12,0
NET13710,18,Standard,2,399,9.7,4,8,4,37,5,UPI,0,0,2,No,5.7,3.3,2,1
NET13711,19,Premium+,13,919,34.5,19,5,1,46,4,Debit Card,0,1,2,No,8.1,7.6,18,0
NET13712,33,Basic,28,179,9.8,7,2,4,41,5,UPI,0,0,0,Yes,3.8,6.0,29,0
NET13713,15,Standard,1,399,21.1,9,8,3,66,5,UPI,1,0,0,Yes,8.7,6.5,3,0
NET13714,40,Standard,11,449,12.8,6,0,6,29,5,Wallet,0,0,2,No,3.7,7.9,14,0
NET13715,29,Standard,1,449,24.6,12,1,3,44,3,UPI,0,0,0,No,8.8,8.6,1,0
NET13716,60,Premium,1,669,11.9,5,11,3,38,3,UPI,0,1,1,No,6.0,8.4,4,0
NET13717,51,Basic,15,249,7.6,5,1,4,26,5,Debit Card,0,0,0,No,7.6,5.3,20,0
NET13718,29,Basic,16,249,8.0,4,5,3,61,6,Debit Card,0,0,0,Yes,7.0,4.9,19,0
NET13719,30,Premium,12,649,28.0,19,3,5,38,4,Debit Card,0,0,1,No,6.8,7.5,17,0
NET13720,39,Standard,27,419,3.8,2,3,4,32,3,Debit Card,0,0,0,No,5.2,5.8,30,0
NET13721,46,Basic,1,199,10.4,5,6,1,67,4,UPI,0,2,4,Yes,8.8,7.9,6,1
NET13722,16,Standard,1,419,44.5,25,0,2,47,6,UPI,0,1,2,Yes,5.3,7.2,2,0
NET13723,15,Standard,27,449,22.7,13,4,4,28,1,UPI,0,0,1,Yes,5.7,5.7,32,0
NET13724,25,Premium,9,669,31.9,20,3,3,54,4,Net Banking,1,1,1,Yes,9.2,7.0,12,0
NET13725,36,Basic,4,219,14.1,7,8,2,18,3,UPI,0,1,1,No,7.9,8.1,8,0
NET13726,35,Standard,18,399,11.8,8,3,4,56,4,Debit Card,1,0,0,No,6.1,6.4,23,1
NET13727,40,Standard,31,419,43.8,29,14,3,29,4,UPI,1,0,1,No,8.4,9.4,32,0
NET13728,20,Standard,16,399,43.2,32,29,1,60,3,Credit Card,0,0,1,Yes,6.1,9.8,17,1
NET13729,15,Premium+,21,899,38.7,26,12,6,59,2,UPI,0,1,3,Yes,5.3,5.8,25,0
NET13730,38,Basic,4,199,14.6,8,9,3,46,4,UPI,0,0,1,No,5.4,4.9,6,0
NET13731,23,Premium+,4,899,10.9,8,7,6,50,3,Wallet,0,0,0,No,7.6,7.2,6,0
NET13732,15,Standard,27,419,18.4,12,4,1,50,5,Debit Card,0,0,0,Yes,10.0,7.5,32,0
NET13733,32,Premium,13,649,25.1,18,9,3,65,3,Debit Card,0,0,0,No,6.7,5.9,13,0
NET13734,38,Standard,3,449,9.0,4,5,2,68,7,Credit Card,1,0,1,No,7.3,6.0,5,0
NET13735,29,Standard,10,419,17.8,8,19,1,36,4,UPI,0,2,3,Yes,7.7,10.0,10,0
NET13736,26,Premium,16,649,57.3,29,13,2,56,5,Net Banking,1,0,0,No,4.5,6.5,19,0
NET13737,29,Premium,3,629,30.3,16,5,2,43,2,Credit Card,0,0,1,No,4.6,4.9,3,1
NET13738,27,Basic,14,219,11.8,5,3,3,45,4,Credit Card,0,1,1,No,7.6,6.0,16,0
NET13739,18,Basic,1,249,14.7,9,1,3,42,4,UPI,1,0,0,No,3.9,6.1,1,0
NET13740,24,Standard,5,399,23.9,12,1,1,42,5,UPI,0,0,1,No,7.0,5.8,6,0
NET13741,35,Premium+,15,899,8.7,5,1,1,50,3,UPI,0,1,1,No,5.9,7.5,17,1
NET13742,33,Standard,2,399,31.2,18,13,1,37,5,UPI,0,1,1,No,8.8,6.3,2,0
NET13743,32,Premium,3,699,51.0,23,14,2,32,3,UPI,0,2,2,No,7.9,4.8,5,0
NET13744,22,Premium,29,699,49.9,24,2,2,40,3,UPI,0,1,1,No,8.7,7.3,33,0
NET13745,29,Premium,15,669,41.1,24,7,1,33,2,UPI,0,0,0,Yes,5.6,7.8,17,1
NET13746,15,Standard,9,379,14.8,6,0,3,62,3,Wallet,0,1,1,Yes,4.7,3.6,13,1
NET13747,32,Standard,3,379,10.1,7,4,4,56,4,UPI,0,0,0,Yes,7.2,8.5,3,0
NET13748,43,Premium+,5,899,55.8,26,2,4,74,6,UPI,1,0,0,Yes,6.8,7.4,9,0
NET13749,17,Premium,11,649,17.7,8,18,2,56,2,UPI,0,1,1,No,6.7,7.6,13,0
NET13750,25,Premium,2,669,30.1,15,0,1,62,4,UPI,0,1,1,No,3.3,6.4,3,1
NET13751,33,Standard,9,399,9.6,6,0,1,39,6,Credit Card,1,0,0,No,7.5,10.0,13,0
NET13752,42,Premium,7,669,4.3,2,8,2,38,5,UPI,0,0,0,No,6.9,8.0,9,0
NET13753,26,Standard,9,449,41.0,26,2,1,42,5,UPI,0,0,0,No,6.8,6.7,10,1
NET13754,24,Basic,1,199,38.1,26,1,6,57,3,Net Banking,1,0,0,Yes,8.7,9.0,4,0
NET13755,15,Premium,1,699,8.2,4,1,5,31,1,UPI,0,1,1,Yes,5.4,7.0,6,1
NET13756,31,Standard,46,399,11.5,8,1,3,53,7,UPI,0,1,2,No,8.7,5.3,50,0
NET13757,49,Premium,54,649,57.4,35,27,4,69,6,UPI,1,1,1,Yes,8.4,8.0,58,0
NET13758,33,Standard,7,419,11.8,6,3,1,54,7,Net Banking,0,0,0,Yes,7.0,8.5,7,0
NET13759,30,Standard,21,419,14.5,9,1,3,19,2,Credit Card,0,1,1,No,7.1,6.8,24,0
NET13760,33,Standard,14,399,17.4,10,0,1,47,1,Credit Card,0,1,1,Yes,6.6,6.2,14,0
NET13761,30,Standard,1,449,33.8,21,0,3,38,3,Credit Card,0,1,1,Yes,8.7,9.9,1,0
NET13762,23,Standard,4,399,42.0,29,6,3,48,3,UPI,0,1,1,Yes,5.7,6.0,6,1
NET13763,38,Premium,5,699,54.5,29,1,3,54,5,Credit Card,0,0,0,No,9.8,8.6,5,0
NET13764,33,Premium,12,649,35.3,19,4,2,64,4,UPI,0,0,0,Yes,1.3,6.7,16,0
NET13765,31,Standard,12,449,27.5,15,4,4,78,5,Credit Card,0,0,0,Yes,6.0,7.7,12,0
NET13766,22,Standard,35,379,29.8,13,2,2,58,4,Credit Card,0,2,3,No,7.0,9.3,36,0
NET13767,42,Premium,21,649,15.4,7,7,4,50,3,Credit Card,0,0,1,No,7.0,4.7,25,0
NET13768,36,Premium,27,699,32.8,18,0,4,50,5,Credit Card,1,0,0,Yes,10.0,8.0,32,0
NET13769,26,Premium,31,649,13.3,6,3,3,36,2,UPI,0,0,0,No,5.1,10.0,33,0
NET13770,40,Premium,22,649,30.3,14,3,1,61,2,Net Banking,0,0,0,No,8.4,7.7,22,0
NET13771,26,Standard,5,399,7.6,5,0,1,65,4,Credit Card,1,0,0,No,2.7,4.9,6,1
NET13772,23,Standard,3,399,10.6,5,0,2,55,7,UPI,1,2,2,Yes,6.8,6.4,8,0
NET13773,24,Standard,11,419,9.8,7,4,3,57,1,Net Banking,0,1,2,No,5.6,7.0,12,0
NET13774,15,Basic,16,249,5.1,3,2,3,28,0,Debit Card,1,1,1,Yes,8.4,5.6,20,0
NET13775,35,Premium,6,649,5.0,3,16,6,38,5,Net Banking,1,0,0,Yes,5.4,4.2,6,0
NET13776,15,Basic,26,199,5.6,2,7,2,43,3,Wallet,0,1,1,No,8.8,8.0,27,0
NET13777,19,Premium+,45,899,37.3,17,0,3,47,1,UPI,1,0,0,Yes,8.1,6.8,45,0
NET13778,15,Premium,11,649,31.6,19,6,1,15,4,Credit Card,0,0,0,No,10.0,6.5,15,0
NET13779,30,Premium,8,699,22.5,12,12,2,55,2,UPI,0,0,0,Yes,5.5,4.8,11,0
NET13780,29,Premium+,25,879,22.3,12,18,3,74,5,Net Banking,1,0,0,Yes,6.1,6.0,26,0
NET13781,28,Standard,1,399,13.1,8,2,6,46,4,UPI,0,0,0,No,5.3,5.2,3,0
NET13782,21,Premium,1,629,15.6,7,3,4,58,2,Credit Card,0,1,1,Yes,5.4,3.7,1,0
NET13783,20,Basic,26,249,15.7,8,6,3,66,2,Net Banking,0,0,0,Yes,9.7,7.4,31,0
NET13784,35,Basic,18,199,51.6,26,14,4,26,4,Credit Card,0,0,0,No,5.6,7.9,22,0
NET13785,26,Premium,7,669,39.0,21,6,3,36,2,Debit Card,1,0,1,No,7.3,5.5,11,0
NET13786,33,Basic,30,199,16.3,11,2,1,56,4,UPI,0,0,0,No,8.2,8.9,35,0
NET13787,23,Premium+,6,899,28.4,13,0,3,58,3,Credit Card,0,0,1,Yes,6.3,7.9,8,0
NET13788,32,Premium,14,649,26.3,19,0,4,40,3,Credit Card,0,0,1,No,6.8,5.1,17,0
NET13789,42,Premium,14,649,25.6,13,4,1,37,2,UPI,0,0,0,No,5.5,7.3,14,1
NET13790,36,Basic,2,199,19.0,13,1,2,38,5,UPI,0,0,0,Yes,4.5,9.0,5,1
NET13791,27,Premium,4,699,23.4,13,3,3,62,4,Debit Card,0,0,0,No,7.8,7.1,8,0
NET13792,33,Basic,34,199,4.5,3,3,1,28,8,Credit Card,0,1,1,Yes,7.3,7.7,35,0
NET13793,28,Premium,2,699,19.8,9,5,3,67,6,Debit Card,1,0,0,No,8.3,6.7,5,0
NET13794,31,Basic,2,199,15.9,9,2,3,68,5,UPI,0,2,2,No,6.4,5.7,3,0
NET13795,28,Premium,9,649,30.8,15,3,6,15,3,UPI,0,0,1,Yes,6.8,9.0,11,0
NET13796,29,Basic,1,249,5.8,2,5,2,42,5,UPI,0,1,2,No,4.7,9.4,5,1
NET13797,32,Basic,31,199,17.9,12,5,2,16,4,Net Banking,1,1,1,No,8.9,7.4,32,1
NET13798,22,Standard,1,399,38.4,21,3,1,44,4,Credit Card,1,1,2,Yes,9.2,4.7,1,0
NET13799,21,Basic,13,199,9.4,4,7,6,62,1,Net Banking,1,0,0,Yes,7.0,8.4,17,0
NET13800,18,Premium,5,669,20.6,12,2,3,71,3,Wallet,1,1,1,No,6.0,9.1,7,0
NET13801,16,Basic,22,249,3.3,2,9,3,57,3,UPI,0,0,0,No,10.0,6.6,22,0
NET13802,20,Standard,12,399,25.4,12,25,3,36,2,Credit Card,0,0,0,No,5.0,5.7,16,0
NET13803,32,Standard,6,399,8.6,4,8,1,42,4,Wallet,0,1,1,No,6.6,7.7,9,0
NET13804,22,Standard,57,449,10.7,5,9,3,62,2,Net Banking,1,0,0,No,6.7,6.6,62,0
NET13805,35,Standard,1,379,30.5,17,12,2,37,5,Credit Card,0,2,3,Yes,4.8,7.5,5,0
NET13806,31,Premium,12,649,23.5,15,0,1,66,4,Credit Card,0,0,0,No,6.2,5.6,12,0
NET13807,15,Basic,63,199,13.5,7,4,4,55,5,Wallet,0,1,1,No,5.5,8.4,64,0
NET13808,36,Basic,16,199,20.0,10,6,3,63,1,Credit Card,0,0,0,No,7.8,5.0,17,0
NET13809,38,Standard,18,449,40.8,26,14,5,55,8,UPI,1,0,0,Yes,5.3,5.9,22,0
NET13810,22,Standard,1,419,8.6,4,10,2,20,6,UPI,0,0,0,Yes,8.0,10.0,5,0
NET13811,34,Standard,1,399,15.4,9,2,3,35,4,UPI,0,0,1,No,6.2,8.2,3,0
NET13812,23,Standard,1,399,16.6,8,2,2,32,4,UPI,0,0,0,No,9.9,6.6,4,1
NET13813,31,Premium,67,649,52.3,24,2,1,25,3,Credit Card,0,0,0,No,6.8,6.9,69,0
NET13814,19,Basic,54,249,10.3,6,1,3,42,6,UPI,0,0,0,No,6.8,8.6,59,0
NET13815,15,Standard,5,419,32.7,19,2,1,42,3,Credit Card,0,0,2,Yes,8.9,8.0,7,1
NET13816,27,Standard,4,379,37.3,25,7,5,77,5,Credit Card,0,1,2,Yes,3.2,8.4,5,0
NET13817,29,Premium,2,669,19.6,11,0,3,72,6,UPI,1,0,1,No,10.0,8.6,3,0
NET13818,27,Premium+,5,899,14.3,8,7,3,41,5,Debit Card,0,0,0,Yes,5.7,3.4,5,1
NET13819,20,Standard,6,399,11.8,7,1,1,60,1,Wallet,1,0,0,No,9.1,6.6,11,0
NET13820,27,Premium+,19,949,23.7,17,5,1,44,5,UPI,0,0,0,Yes,7.6,8.5,24,0
NET13821,33,Standard,28,399,12.2,7,5,3,45,8,Net Banking,1,0,0,No,6.3,8.0,30,0
NET13822,30,Basic,19,179,19.2,10,5,1,36,5,Credit Card,0,1,2,Yes,8.0,8.6,19,0
NET13823,32,Basic,14,249,28.2,13,2,4,63,2,UPI,0,0,0,No,7.4,8.2,18,1
NET13824,24,Standard,20,449,25.7,18,0,4,36,5,Net Banking,0,0,0,Yes,7.1,8.5,20,0
NET13825,41,Standard,18,449,19.4,10,9,2,60,4,UPI,0,2,2,Yes,6.7,8.3,19,0
NET13826,20,Basic,9,199,12.9,8,1,4,56,4,Credit Card,0,0,0,No,5.6,7.2,11,0
NET13827,35,Standard,5,379,27.0,17,0,1,52,6,Net Banking,0,0,0,No,7.9,9.0,6,0
NET13828,41,Standard,4,399,11.3,6,1,2,61,4,Debit Card,1,0,0,No,7.5,3.8,8,0
NET13829,35,Basic,15,249,25.9,12,0,3,65,1,UPI,0,0,1,No,7.9,7.3,18,0
NET13830,29,Standard,44,449,27.1,14,7,3,44,6,Wallet,0,2,2,No,9.9,8.3,49,0
NET13831,26,Premium,12,649,24.2,12,8,3,24,1,Credit Card,0,1,1,No,6.4,8.2,14,0
NET13832,40,Standard,34,419,39.1,27,2,2,42,2,Wallet,0,0,0,Yes,5.8,6.1,35,0
NET13833,18,Premium,1,649,40.3,28,8,3,43,3,Debit Card,0,0,1,No,6.0,3.7,4,0
NET13834,22,Premium,22,629,25.5,14,10,2,42,4,UPI,0,1,1,Yes,4.8,8.6,26,1
NET13835,27,Standard,26,449,13.3,6,3,3,52,8,UPI,0,0,0,Yes,9.7,5.0,29,0
NET13836,42,Basic,13,199,31.7,21,10,3,61,3,Debit Card,0,0,0,No,7.4,7.9,14,0
NET13837,34,Standard,38,419,20.7,11,4,1,45,3,UPI,0,1,1,Yes,6.9,5.4,39,0
NET13838,22,Standard,12,399,49.1,23,9,1,46,6,Credit Card,0,0,1,No,3.1,6.4,16,1
NET13839,28,Standard,3,419,13.3,7,3,3,46,4,UPI,0,0,0,No,5.6,8.9,7,0
NET13840,25,Basic,3,199,9.9,5,0,2,31,4,Credit Card,0,0,0,No,7.2,6.0,6,0
NET13841,24,Basic,11,199,14.6,7,1,4,20,4,Wallet,0,1,1,Yes,6.5,5.3,14,0
NET13842,39,Premium,33,649,41.1,21,2,3,64,1,UPI,0,0,1,Yes,9.2,9.6,38,0
NET13843,18,Standard,1,399,12.3,7,3,5,49,6,UPI,0,0,1,No,6.1,8.1,6,0
NET13844,45,Premium,12,669,9.7,6,3,6,81,2,UPI,0,0,0,Yes,5.6,6.7,13,0
NET13845,38,Standard,20,449,4.8,3,22,6,27,4,Net Banking,0,1,1,No,9.4,7.0,24,0
NET13846,40,Premium,1,699,15.3,7,3,5,74,2,UPI,1,1,2,No,4.2,7.0,1,0
NET13847,26,Standard,1,399,14.3,10,2,3,15,2,Debit Card,0,0,0,No,5.5,7.8,5,0
NET13848,29,Standard,6,379,28.0,16,2,5,21,2,Debit Card,1,1,1,No,6.7,5.0,8,0
NET13849,18,Premium+,4,899,32.1,16,13,1,44,6,Credit Card,0,0,1,No,8.6,9.3,6,0
NET13850,26,Premium,3,649,31.7,16,2,3,51,1,Credit Card,0,1,1,No,8.4,6.4,7,0
NET13851,35,Basic,3,199,7.5,4,9,3,53,4,UPI,0,0,0,Yes,8.9,7.1,6,1
NET13852,42,Basic,1,219,15.2,9,1,1,39,2,UPI,0,1,1,Yes,5.5,5.8,3,1
NET13853,21,Premium,13,649,42.6,31,3,2,40,5,UPI,0,0,0,No,8.3,8.4,18,0
NET13854,27,Premium,16,669,19.0,8,5,3,75,3,UPI,0,0,0,No,7.4,7.0,17,0
NET13855,29,Standard,16,379,49.6,33,4,2,37,5,UPI,0,0,0,Yes,5.1,9.9,17,0
NET13856,18,Standard,10,449,3.8,1,5,4,40,7,UPI,0,0,1,No,8.9,7.7,11,0
NET13857,36,Premium,42,699,13.4,8,8,4,25,6,Debit Card,0,0,0,Yes,7.4,8.4,47,0
NET13858,24,Standard,29,399,21.3,15,4,3,34,6,UPI,0,0,0,Yes,7.2,7.8,33,0
NET13859,29,Premium,44,669,24.9,18,1,3,19,0,UPI,0,0,0,No,6.8,10.0,46,0
NET13860,26,Basic,6,219,12.1,7,5,5,42,4,Credit Card,0,0,0,No,7.4,6.6,9,0
NET13861,23,Premium+,29,879,13.4,9,2,1,35,5,UPI,0,1,2,No,6.0,7.4,34,0
NET13862,30,Premium,20,669,49.9,28,2,2,42,7,Wallet,0,0,0,No,7.0,7.4,25,0
NET13863,29,Premium,5,649,7.4,4,0,5,38,6,Credit Card,1,0,1,No,7.8,8.9,6,1
NET13864,27,Standard,1,399,14.5,7,14,2,52,3,Debit Card,0,2,2,No,4.7,8.0,6,0
NET13865,24,Basic,16,199,8.7,4,0,1,32,8,UPI,1,0,0,Yes,3.4,7.8,21,1
NET13866,33,Standard,2,399,35.4,18,0,2,52,1,UPI,1,1,1,No,6.6,7.0,5,0
NET13867,45,Premium,4,649,9.5,5,7,2,28,4,Net Banking,1,0,0,No,5.3,10.0,9,1
NET13868,32,Premium,9,649,18.7,13,7,2,68,6,Wallet,0,0,0,Yes,8.3,7.5,10,0
NET13869,39,Standard,15,449,24.5,12,2,2,77,6,Debit Card,0,2,3,No,8.0,6.3,20,0
NET13870,18,Premium,36,649,20.4,12,8,1,54,7,Debit Card,1,0,1,Yes,6.8,6.3,40,0
NET13871,32,Premium,12,649,24.0,11,4,3,39,4,Net Banking,0,0,0,No,6.4,6.3,13,0
NET13872,21,Basic,15,179,61.7,40,2,1,36,6,UPI,0,0,0,No,7.1,5.8,19,0
NET13873,17,Standard,5,399,26.4,13,4,1,24,2,UPI,0,2,2,No,5.1,6.0,7,0
NET13874,24,Premium,16,649,29.7,16,7,3,28,3,UPI,0,0,1,No,9.4,6.4,18,0
NET13875,41,Standard,8,419,23.3,16,8,5,58,7,Net Banking,0,0,0,Yes,6.7,5.7,11,0
NET13876,39,Premium,27,699,24.2,17,2,4,72,7,Wallet,0,0,0,Yes,6.0,7.0,32,0
NET13877,33,Standard,6,449,14.4,6,2,3,58,8,UPI,0,1,2,No,4.5,8.6,7,0
NET13878,17,Premium+,8,899,30.7,19,4,2,10,3,UPI,1,1,2,No,6.9,7.8,10,0
NET13879,29,Basic,7,199,9.7,5,1,6,54,6,Credit Card,0,1,1,No,9.4,7.8,12,0
NET13880,33,Standard,23,379,8.7,4,21,2,40,4,UPI,0,0,0,No,6.6,6.4,23,1
NET13881,32,Basic,43,199,8.9,4,15,1,48,3,Credit Card,0,0,0,Yes,8.3,6.3,43,0
NET13882,15,Basic,5,199,18.7,9,9,3,33,2,UPI,0,0,1,Yes,4.6,5.8,8,0
NET13883,22,Standard,9,379,19.8,10,1,4,21,1,UPI,0,0,0,Yes,5.6,6.8,14,1
NET13884,30,Basic,17,249,5.9,3,3,4,37,3,UPI,0,1,1,Yes,9.3,6.9,19,0
NET13885,35,Premium+,31,899,30.6,14,15,4,44,1,Net Banking,1,1,1,Yes,8.2,5.6,35,0
NET13886,15,Premium+,9,919,45.2,33,5,4,28,7,Debit Card,0,0,0,Yes,7.1,5.3,14,0
NET13887,29,Standard,1,419,26.8,16,2,3,54,9,UPI,0,1,1,No,6.0,5.0,1,0
NET13888,32,Premium,6,649,7.2,3,0,3,39,3,Credit Card,1,0,0,Yes,8.2,9.0,11,0
NET13889,38,Standard,11,399,30.5,18,0,1,56,5,UPI,0,0,0,No,7.1,7.5,13,0
NET13890,37,Premium,7,629,55.9,42,6,4,34,5,UPI,0,0,0,No,7.7,6.2,11,0
NET13891,36,Premium,2,629,20.7,14,2,1,38,2,Debit Card,0,0,0,Yes,10.0,7.4,3,0
NET13892,23,Basic,1,199,4.8,2,4,6,46,2,Credit Card,0,1,2,No,6.8,6.4,6,0
NET13893,15,Premium,16,649,49.8,24,8,4,45,7,Debit Card,0,1,1,No,2.9,7.9,18,0
NET13894,27,Premium,68,699,14.0,9,1,2,52,10,Credit Card,1,1,2,No,7.2,6.7,69,0
NET13895,40,Standard,35,419,26.9,12,0,1,51,4,UPI,1,0,0,Yes,6.3,6.1,35,0
NET13896,43,Premium+,16,879,9.3,6,2,3,19,1,Credit Card,0,0,1,Yes,3.0,7.1,17,0
NET13897,37,Premium+,25,899,24.6,11,1,3,67,2,UPI,1,0,0,No,5.1,5.2,25,0
NET13898,34,Standard,4,419,6.7,3,4,3,31,7,UPI,0,1,1,Yes,10.0,8.9,7,0
NET13899,34,Premium,13,629,50.0,23,4,2,56,6,UPI,0,0,0,No,4.7,4.6,16,1
NET13900,25,Premium+,1,879,20.5,14,0,3,76,2,Wallet,1,1,1,Yes,8.9,8.7,1,0
NET13901,29,Standard,17,399,3.9,2,9,4,62,5,Debit Card,0,1,1,No,7.3,6.1,21,0
NET13902,46,Standard,49,379,12.8,6,0,2,65,5,Credit Card,1,0,0,Yes,6.9,8.9,52,0
NET13903,22,Basic,27,249,14.1,8,2,1,41,3,Net Banking,0,0,0,No,8.6,6.1,31,0
NET13904,45,Premium,10,629,50.7,32,0,1,64,5,Net Banking,0,0,1,Yes,5.6,4.3,14,0
NET13905,28,Premium,21,699,53.3,27,7,2,62,3,Credit Card,0,2,2,No,6.0,7.1,25,0
NET13906,42,Basic,40,199,12.9,6,12,2,57,5,Credit Card,0,0,0,No,5.7,10.0,42,0
NET13907,18,Premium+,3,949,68.1,43,0,2,57,3,Net Banking,0,1,1,No,8.3,9.6,8,0
NET13908,36,Premium,22,669,21.4,15,2,5,35,4,Debit Card,1,0,0,Yes,4.0,9.5,24,0
NET13909,24,Premium,4,629,33.4,18,7,6,34,4,UPI,1,0,0,No,9.5,9.1,9,0
NET13910,18,Basic,29,199,23.6,14,12,2,10,6,UPI,0,0,1,No,9.3,4.5,34,0
NET13911,32,Standard,1,399,29.6,14,13,4,53,6,Debit Card,0,0,0,No,6.8,6.6,5,0
NET13912,40,Premium,2,699,32.4,24,5,4,29,5,UPI,1,0,0,No,7.9,7.9,2,1
NET13913,23,Standard,17,399,17.3,9,5,4,87,2,UPI,0,0,1,No,3.7,5.5,22,0
NET13914,17,Premium,2,699,25.8,19,5,1,61,2,UPI,0,0,0,No,7.7,8.8,5,0
NET13915,30,Premium,2,699,22.0,15,4,4,24,2,Net Banking,0,0,2,No,10.0,7.3,3,0
NET13916,30,Standard,11,449,16.4,10,4,3,68,3,UPI,0,0,0,Yes,8.0,8.3,13,0
NET13917,35,Premium,25,669,12.3,8,0,3,42,3,UPI,1,0,0,No,7.5,9.2,27,0
NET13918,39,Basic,4,219,20.7,14,24,6,33,6,Wallet,0,0,0,No,8.3,8.0,5,0
NET13919,30,Standard,25,449,10.7,5,0,3,33,5,Debit Card,0,0,1,No,8.5,5.3,29,0
NET13920,47,Basic,23,199,40.4,26,3,6,63,2,Wallet,0,1,1,No,8.5,4.7,28,0
NET13921,33,Standard,12,379,27.9,17,9,1,57,6,Net Banking,0,0,0,Yes,6.2,5.5,13,0
NET13922,27,Standard,14,399,16.3,7,5,2,57,3,Net Banking,1,1,1,Yes,7.9,5.3,18,0
NET13923,16,Premium,1,669,22.0,10,0,3,19,4,Credit Card,0,0,1,No,6.0,7.1,3,0
NET13924,28,Premium,6,629,17.1,9,4,2,41,7,UPI,0,0,0,No,10.0,5.3,7,0
NET13925,27,Standard,4,419,22.3,16,14,4,53,8,Debit Card,0,2,2,No,5.8,5.1,9,0
NET13926,39,Premium,2,669,53.8,25,5,2,59,2,UPI,0,1,1,Yes,4.3,8.8,2,0
NET13927,35,Basic,6,219,11.3,5,9,3,14,5,UPI,0,0,0,Yes,7.0,5.3,9,0
NET13928,20,Basic,6,249,8.0,6,3,5,19,7,UPI,1,0,0,No,10.0,6.3,9,0
NET13929,32,Premium,18,699,28.1,13,2,5,27,3,UPI,0,2,3,Yes,5.6,6.9,21,0
NET13930,37,Premium,12,669,21.0,15,1,4,61,6,UPI,0,0,0,Yes,8.4,7.3,13,0
NET13931,44,Premium,34,669,28.5,15,11,4,60,4,Net Banking,0,0,0,No,6.9,8.0,39,0
NET13932,38,Standard,2,399,44.7,27,7,2,59,3,UPI,0,0,0,No,2.5,6.1,6,0
NET13933,37,Premium,1,629,61.0,27,0,4,52,6,Net Banking,0,1,1,Yes,4.4,3.7,6,1
NET13934,31,Premium,10,629,93.9,44,1,3,84,0,Credit Card,2,0,1,Yes,8.5,6.9,15,0
NET13935,34,Premium+,1,899,54.6,29,7,5,44,4,Wallet,0,1,1,Yes,6.3,5.8,3,0
NET13936,42,Basic,21,199,21.8,11,5,1,37,6,Net Banking,0,0,0,No,5.0,10.0,24,0
NET13937,19,Standard,9,399,16.3,7,17,2,53,5,Credit Card,0,2,2,No,5.4,10.0,10,0
NET13938,27,Premium,9,699,20.0,9,1,1,5,2,UPI,0,0,0,Yes,8.0,5.0,12,0
NET13939,24,Premium+,6,949,27.3,14,7,4,22,2,Credit Card,0,0,1,Yes,8.7,7.2,11,0
NET13940,34,Basic,6,199,14.9,9,5,4,59,2,Net Banking,1,1,1,Yes,9.2,6.2,10,0
NET13941,42,Standard,7,449,37.1,23,15,3,64,6,UPI,1,0,1,No,6.4,5.8,7,0
NET13942,25,Standard,1,399,42.5,22,11,2,50,3,UPI,1,0,0,No,5.4,8.2,1,0
NET13943,15,Standard,1,419,26.1,13,6,5,72,3,Credit Card,0,1,1,Yes,8.2,8.7,6,0
NET13944,27,Basic,9,199,15.8,9,3,6,47,5,Debit Card,0,0,0,No,9.5,8.5,11,0
NET13945,39,Basic,2,199,12.1,5,1,6,31,4,Net Banking,0,1,2,No,8.8,8.9,2,0
NET13946,35,Standard,21,419,24.2,14,9,1,37,2,Credit Card,1,0,1,Yes,7.5,7.5,21,1
NET13947,34,Standard,4,449,41.3,21,10,2,16,6,UPI,1,0,0,No,7.4,5.4,5,0
NET13948,28,Basic,1,219,7.8,5,2,3,41,4,Wallet,0,0,1,Yes,6.8,8.6,2,0
NET13949,19,Standard,3,399,14.3,8,1,3,39,3,UPI,0,2,3,No,6.7,6.7,5,0
NET13950,35,Basic,6,249,11.1,6,16,4,77,2,UPI,0,0,0,No,9.2,7.2,11,0
NET13951,23,Premium+,1,879,26.7,20,3,2,35,3,UPI,2,0,1,No,8.6,9.1,3,1
NET13952,50,Standard,2,399,37.7,28,7,2,23,6,UPI,0,0,0,No,6.6,5.0,7,0
NET13953,36,Premium,5,649,43.6,28,5,6,15,8,Net Banking,0,1,1,No,9.7,8.8,6,0
NET13954,25,Standard,5,399,15.9,7,7,2,23,5,UPI,0,0,0,No,5.2,6.4,5,0
NET13955,25,Premium+,22,899,89.5,59,0,1,55,2,Net Banking,0,0,1,No,7.0,9.9,27,0
NET13956,30,Standard,25,399,35.0,16,5,3,26,4,UPI,1,0,1,No,6.8,7.7,29,0
NET13957,28,Standard,3,419,14.7,7,4,3,19,5,UPI,1,0,0,No,6.9,8.2,3,0
NET13958,41,Standard,1,379,13.6,7,8,4,34,3,Net Banking,0,1,1,Yes,7.7,6.1,1,0
NET13959,32,Premium,14,629,8.1,4,16,1,57,5,UPI,1,0,1,No,6.8,5.6,18,0
NET13960,24,Standard,22,399,25.1,11,10,4,52,6,Credit Card,0,0,0,Yes,7.4,10.0,24,0
NET13961,48,Standard,46,399,21.1,11,3,2,62,2,Credit Card,0,0,0,No,4.5,3.8,47,0
NET13962,31,Basic,1,219,38.1,20,5,3,46,5,UPI,0,2,2,Yes,7.0,5.6,3,0
NET13963,37,Premium,7,649,31.4,18,1,3,72,3,Net Banking,1,1,1,Yes,6.9,6.9,9,0
NET13964,25,Standard,18,379,25.5,12,0,3,63,4,UPI,1,1,2,Yes,6.9,8.4,20,0
NET13965,34,Basic,24,199,5.3,3,0,1,19,6,Credit Card,0,0,0,Yes,9.7,6.8,25,0
NET13966,33,Standard,1,379,20.7,12,0,3,50,7,Net Banking,2,0,0,No,5.7,5.8,3,0
NET13967,15,Standard,15,419,8.6,5,8,4,33,3,Net Banking,0,1,1,Yes,6.4,6.7,17,0
NET13968,49,Premium,4,649,16.4,9,1,1,39,5,UPI,0,0,0,No,6.8,7.9,7,0
NET13969,42,Basic,1,199,15.2,8,0,2,38,0,Debit Card,0,1,1,Yes,7.9,10.0,1,0
NET13970,27,Standard,9,379,4.5,2,2,3,53,1,Debit Card,0,0,1,Yes,6.0,7.3,12,1
NET13971,21,Premium,2,649,88.8,41,4,2,42,3,Wallet,1,0,1,No,7.6,9.7,3,0
NET13972,34,Premium,18,649,14.2,7,1,4,19,1,Credit Card,0,1,1,Yes,7.1,5.3,23,0
NET13973,31,Standard,18,399,15.5,11,6,3,26,9,UPI,0,0,1,No,6.9,7.7,23,0
NET13974,34,Premium,25,649,79.7,44,3,3,62,10,Credit Card,0,0,1,No,6.1,8.3,29,0
NET13975,32,Standard,6,419,9.4,6,10,4,25,8,UPI,0,1,1,Yes,10.0,7.9,11,1
NET13976,35,Standard,1,399,13.3,8,17,3,42,1,UPI,1,1,1,Yes,10.0,7.0,5,0
NET13977,44,Premium+,4,899,49.6,31,2,6,59,3,UPI,2,1,1,Yes,10.0,9.2,9,0
NET13978,36,Premium+,8,949,13.8,7,4,2,68,3,UPI,1,0,0,Yes,4.0,7.3,11,1
NET13979,21,Standard,16,449,38.8,29,1,2,50,4,UPI,1,0,0,No,7.6,6.3,19,0
NET13980,43,Basic,6,219,15.4,7,0,2,81,2,Credit Card,0,1,1,Yes,6.0,4.7,9,1
NET13981,45,Standard,10,419,8.0,3,22,5,54,3,Net Banking,0,0,1,No,9.1,8.4,10,1
NET13982,59,Basic,10,199,26.7,20,12,4,54,9,UPI,0,1,2,Yes,9.9,6.2,11,0
NET13983,20,Basic,2,199,36.7,26,2,3,50,4,UPI,0,0,0,No,7.3,6.9,7,1
NET13984,33,Standard,13,449,33.5,15,9,2,39,3,Net Banking,0,0,1,No,7.2,5.3,18,0
NET13985,15,Premium+,8,949,28.1,15,10,1,56,8,UPI,0,0,1,No,4.6,9.1,13,0
NET13986,35,Premium,23,629,41.5,19,1,2,73,5,Net Banking,0,0,0,Yes,4.2,8.0,25,0
NET13987,26,Standard,16,449,32.5,18,16,2,42,5,UPI,2,0,0,Yes,8.2,6.2,19,1
NET13988,48,Standard,1,449,31.4,21,2,5,53,3,UPI,0,0,1,Yes,7.1,7.4,1,0
NET13989,24,Basic,9,219,11.2,6,5,2,59,4,UPI,0,0,0,No,7.0,7.2,13,0
NET13990,15,Basic,16,179,38.2,17,9,4,48,4,Credit Card,0,1,1,No,8.2,8.7,20,0
NET13991,26,Basic,1,179,17.8,12,5,2,65,0,Net Banking,0,1,3,No,8.2,6.5,5,1
NET13992,15,Premium,22,649,35.5,16,1,2,39,6,Credit Card,0,0,0,No,5.3,5.7,25,0
NET13993,37,Basic,3,199,4.9,2,16,3,36,2,Credit Card,0,1,1,Yes,6.2,7.5,7,0
NET13994,15,Premium,9,629,30.6,22,0,2,52,1,Credit Card,0,0,0,Yes,8.5,6.7,13,0
NET13995,31,Premium,39,629,33.6,20,4,5,46,4,UPI,0,0,0,No,3.6,6.5,43,0
NET13996,15,Basic,11,199,15.0,9,0,3,54,2,UPI,0,0,1,Yes,7.8,7.2,13,0
NET13997,28,Basic,7,219,15.7,8,6,5,52,1,Credit Card,0,0,0,No,8.1,7.4,11,0
NET13998,45,Premium,1,669,62.3,43,0,1,42,3,Credit Card,0,0,0,Yes,6.4,6.5,1,0
NET13999,34,Premium+,2,919,26.5,12,0,4,43,4,Credit Card,0,0,0,No,5.0,4.1,5,0
NET14000,23,Premium,12,669,27.3,18,4,3,76,2,Net Banking,1,0,1,No,7.6,7.3,17,0
NET14001,30,Standard,9,399,42.0,22,6,5,19,4,Credit Card,0,0,2,Yes,9.8,9.5,11,0
NET14002,31,Standard,6,399,10.8,5,3,2,31,4,Credit Card,0,0,0,Yes,5.7,8.9,8,0
NET14003,35,Standard,35,449,26.7,14,14,5,27,3,UPI,0,0,0,Yes,7.9,7.4,38,0
NET14004,18,Premium+,5,949,69.6,36,4,4,43,1,Net Banking,1,0,0,Yes,2.4,6.4,9,1
NET14005,36,Premium,10,699,15.9,9,3,3,26,6,Credit Card,0,0,0,No,10.0,6.2,15,0
NET14006,15,Premium,11,699,25.1,18,5,2,82,1,UPI,1,0,1,No,3.8,7.8,16,0
NET14007,25,Standard,10,399,35.4,24,23,5,44,3,UPI,0,0,0,No,10.0,8.3,14,0
NET14008,26,Premium,9,649,25.4,13,10,3,14,3,UPI,0,1,2,No,5.6,6.0,10,0
NET14009,36,Standard,5,399,15.3,7,0,2,51,5,Credit Card,1,1,1,No,3.5,8.2,9,1
NET14010,31,Basic,33,199,33.5,16,0,2,38,4,Debit Card,0,3,3,Yes,7.8,9.2,38,1
NET14011,18,Standard,8,399,41.1,25,5,3,59,3,UPI,0,2,2,No,9.1,8.9,8,0
NET14012,22,Premium+,10,879,28.3,13,11,6,64,7,UPI,1,0,0,No,5.3,7.3,14,0
NET14013,32,Premium,14,649,33.4,17,8,5,63,8,UPI,0,0,0,No,5.6,4.7,17,0
NET14014,30,Basic,1,249,5.7,3,5,1,46,4,UPI,0,0,0,No,4.6,6.4,5,0
NET14015,25,Premium,21,649,38.0,27,10,5,27,0,UPI,2,0,0,No,6.8,4.8,24,0
NET14016,26,Standard,10,419,16.0,8,0,5,62,3,Net Banking,0,0,1,No,7.5,6.7,12,0
NET14017,37,Basic,14,199,6.9,3,3,4,41,7,Credit Card,1,2,3,Yes,10.0,5.0,15,0
NET14018,26,Standard,20,419,39.2,29,9,4,28,2,Net Banking,0,0,0,No,9.5,7.1,22,0
NET14019,30,Standard,29,419,39.7,30,1,2,40,5,UPI,0,1,2,Yes,7.8,4.4,32,0
NET14020,50,Standard,6,379,29.6,16,2,5,55,6,Debit Card,0,0,2,No,6.7,7.4,7,0
NET14021,18,Standard,23,399,41.3,18,3,2,74,4,Net Banking,0,0,0,No,5.2,7.0,25,0
NET14022,15,Premium,4,629,36.6,18,0,6,38,6,UPI,0,2,2,No,9.0,9.6,8,0
NET14023,38,Standard,15,449,31.1,21,0,3,51,4,UPI,0,1,1,Yes,7.1,6.4,20,0
NET14024,24,Premium,1,649,39.1,28,4,4,28,8,Credit Card,0,1,1,No,5.3,3.8,6,1
NET14025,28,Basic,1,199,14.9,7,14,5,53,2,Credit Card,0,0,0,No,8.3,7.8,5,0
NET14026,23,Premium,1,649,14.3,7,0,3,35,2,Credit Card,1,1,1,Yes,4.0,7.0,2,0
NET14027,28,Premium,5,649,18.1,10,0,3,51,5,Credit Card,1,1,1,No,5.8,8.3,7,0
NET14028,45,Premium,1,669,19.6,14,0,4,34,5,Debit Card,0,1,1,No,7.7,5.2,1,0
NET14029,38,Standard,13,399,6.1,3,2,3,51,4,UPI,0,0,0,No,5.6,7.7,13,0
NET14030,38,Premium,5,699,36.0,21,3,4,35,6,Credit Card,0,0,0,Yes,9.3,7.0,5,0
NET14031,18,Basic,18,199,12.5,6,24,2,52,3,Credit Card,1,0,0,Yes,6.8,7.2,20,1
NET14032,20,Premium,1,649,42.4,29,10,1,64,3,Credit Card,0,0,1,Yes,5.9,8.1,6,0
NET14033,15,Basic,3,219,16.4,9,2,2,41,3,UPI,1,0,1,Yes,5.7,10.0,5,0
NET14034,23,Basic,7,219,23.8,13,2,3,56,5,Credit Card,0,0,1,No,8.5,8.1,9,0
NET14035,39,Standard,6,419,24.1,14,3,3,52,2,UPI,0,0,1,Yes,7.9,8.4,9,0
NET14036,35,Premium,1,699,46.6,21,5,4,23,2,Credit Card,0,0,1,No,5.9,6.8,6,0
NET14037,29,Basic,71,199,10.0,5,12,4,72,5,UPI,0,0,0,Yes,7.8,9.6,71,0
NET14038,30,Premium+,4,879,50.4,24,1,4,28,1,Net Banking,0,0,1,Yes,8.0,4.4,4,0
NET14039,24,Premium+,17,919,25.1,16,1,4,37,2,UPI,0,2,3,Yes,5.1,5.2,17,0
NET14040,32,Premium,3,649,33.8,20,27,1,61,5,UPI,0,0,1,No,8.7,4.7,8,1
NET14041,37,Standard,29,379,26.1,18,4,3,42,2,Credit Card,0,1,2,No,9.7,7.4,32,0
NET14042,16,Premium,6,629,50.1,22,6,4,55,5,Credit Card,0,0,0,No,6.1,9.9,9,0
NET14043,33,Standard,32,419,23.1,15,9,3,26,5,UPI,1,0,0,No,8.1,7.9,34,0
NET14044,39,Standard,5,399,44.8,32,4,3,36,2,Credit Card,0,1,1,Yes,7.8,7.7,10,0
NET14045,27,Premium+,1,919,79.6,53,0,4,20,4,Debit Card,0,0,1,Yes,5.1,8.8,6,0
NET14046,37,Premium+,10,919,23.5,12,8,2,54,9,Debit Card,1,2,4,No,6.0,6.3,10,0
NET14047,56,Premium+,10,899,83.2,51,1,1,16,7,UPI,0,0,0,Yes,5.8,6.0,10,0
NET14048,30,Standard,1,379,19.3,13,12,2,27,5,Credit Card,1,1,3,No,10.0,8.2,6,0
NET14049,34,Basic,3,179,39.5,22,9,2,57,7,Debit Card,0,1,2,Yes,3.1,10.0,7,0
NET14050,24,Standard,21,399,48.4,25,3,2,40,4,Debit Card,0,1,1,Yes,7.0,6.7,26,0
NET14051,32,Standard,1,379,54.5,28,0,2,33,2,UPI,1,0,0,No,10.0,7.2,5,0
NET14052,35,Standard,9,449,61.2,46,1,4,43,3,UPI,0,2,2,No,8.3,6.1,13,0
NET14053,32,Standard,10,419,22.1,11,23,3,83,5,UPI,1,1,1,No,10.0,10.0,13,0
NET14054,21,Premium,16,699,20.4,13,1,3,75,4,Net Banking,0,1,1,No,5.6,7.8,18,0
NET14055,32,Premium,1,699,16.9,7,4,5,49,1,UPI,1,2,3,No,8.3,5.1,2,0
NET14056,44,Premium,12,699,34.0,23,0,3,107,3,Credit Card,0,2,2,No,7.2,5.8,12,0
NET14057,35,Premium,1,649,30.8,18,16,3,48,3,Net Banking,0,0,0,No,7.2,6.2,5,0
NET14058,39,Basic,4,199,14.7,9,10,3,65,2,UPI,1,0,0,Yes,6.0,5.8,4,0
NET14059,28,Basic,9,249,12.6,7,4,3,31,7,Debit Card,0,0,0,No,7.2,9.7,9,0
NET14060,37,Premium,33,669,16.8,10,6,3,59,4,UPI,0,0,0,No,8.6,9.9,33,0
NET14061,33,Standard,1,449,34.1,17,6,1,38,4,Debit Card,0,0,1,Yes,5.5,5.9,6,0
NET14062,22,Standard,2,449,27.5,16,18,4,42,2,Credit Card,1,0,0,No,3.8,6.6,4,0
NET14063,33,Basic,15,199,15.1,9,21,4,73,5,UPI,0,1,2,No,7.4,8.0,15,0
NET14064,22,Standard,6,449,19.3,8,6,5,56,5,UPI,2,1,2,Yes,6.6,10.0,8,0
NET14065,25,Premium,13,669,63.9,38,0,1,46,3,UPI,0,0,0,No,7.7,7.1,14,0
NET14066,32,Premium,83,669,94.6,66,1,2,72,6,Credit Card,1,1,2,No,10.0,6.9,84,0
NET14067,33,Premium+,60,949,24.7,16,4,2,44,2,Net Banking,0,0,0,No,7.0,9.9,63,0
NET14068,20,Standard,6,419,13.0,6,9,5,34,1,Wallet,0,1,1,No,8.9,5.8,6,0
NET14069,40,Standard,9,449,10.4,6,11,2,28,3,Credit Card,1,2,2,No,5.2,8.7,13,0
NET14070,36,Premium,32,649,30.4,15,6,1,39,4,UPI,0,0,0,No,2.7,6.0,35,0
NET14071,24,Standard,1,449,18.1,8,4,3,27,3,Credit Card,1,0,0,No,8.9,8.3,6,0
NET14072,17,Standard,8,379,19.1,11,11,1,57,8,Net Banking,1,0,0,Yes,4.4,9.1,11,1
NET14073,29,Premium+,6,899,58.7,39,3,3,53,1,UPI,1,1,1,No,8.9,5.1,7,0
NET14074,26,Premium,4,669,54.8,28,3,2,77,4,UPI,0,0,0,No,7.1,7.8,8,0
NET14075,32,Premium+,72,919,50.2,29,0,3,48,2,Net Banking,1,0,0,Yes,8.5,6.7,72,0
NET14076,27,Basic,18,199,24.9,18,0,3,48,4,Credit Card,0,0,0,Yes,6.2,9.5,18,0
NET14077,15,Standard,6,379,5.8,3,3,2,57,1,Debit Card,0,0,0,Yes,7.1,5.1,7,0
NET14078,27,Premium,24,649,20.1,11,0,3,41,2,Net Banking,0,0,0,Yes,7.2,4.9,29,0
NET14079,28,Basic,9,199,24.5,12,1,4,50,6,UPI,0,0,0,No,7.2,8.0,11,0
NET14080,36,Premium,28,629,4.0,2,6,2,44,3,UPI,0,0,0,Yes,9.6,3.9,29,0
NET14081,24,Basic,4,199,10.2,5,5,1,58,4,Net Banking,0,0,0,No,7.2,7.4,8,0
NET14082,46,Premium,3,649,23.6,14,5,5,66,2,Debit Card,0,0,1,Yes,7.4,6.6,5,0
NET14083,15,Premium,3,699,34.6,16,10,2,42,7,Credit Card,2,1,2,No,4.8,5.4,7,0
NET14084,42,Basic,10,179,31.6,14,2,3,41,4,Net Banking,0,0,0,Yes,10.0,5.1,10,0
NET14085,28,Standard,4,449,16.6,10,6,3,68,5,UPI,2,1,1,No,7.1,6.4,6,0
NET14086,38,Premium,2,649,12.7,8,6,3,46,3,UPI,0,0,0,No,6.5,7.2,6,0
NET14087,31,Premium,73,669,15.3,8,6,5,75,6,Net Banking,0,1,1,Yes,7.9,10.0,73,0
NET14088,41,Standard,32,419,7.8,3,6,1,30,3,UPI,0,0,0,Yes,10.0,8.5,36,0
NET14089,27,Premium,14,669,55.1,38,9,1,12,8,UPI,0,0,0,Yes,6.7,6.9,16,0
NET14090,21,Standard,31,449,43.2,24,5,5,25,4,UPI,0,0,2,No,8.6,9.8,31,0
NET14091,43,Standard,38,379,14.6,9,12,4,60,5,Net Banking,0,0,1,Yes,4.4,9.6,42,1
NET14092,29,Basic,15,249,12.3,7,3,4,36,5,UPI,0,0,0,No,5.7,6.0,18,0
NET14093,32,Premium+,10,949,30.6,18,21,3,33,4,Debit Card,0,0,1,No,8.0,7.7,12,0
NET14094,42,Basic,29,219,12.9,7,0,2,49,5,Net Banking,0,0,0,Yes,7.8,8.3,31,0
NET14095,21,Standard,11,449,27.8,20,0,1,60,3,Net Banking,0,0,0,No,6.9,6.0,13,0
NET14096,36,Premium,1,649,52.4,25,0,3,62,0,UPI,0,3,4,Yes,2.5,9.5,6,1
NET14097,25,Basic,6,199,8.0,4,3,5,16,3,Credit Card,0,3,3,Yes,7.3,7.4,6,1
NET14098,29,Standard,8,399,28.8,13,5,2,39,0,Credit Card,0,1,1,No,3.6,7.1,10,0
NET14099,31,Basic,38,199,5.7,3,3,1,64,2,Net Banking,0,0,0,Yes,4.9,10.0,42,0
NET14100,17,Premium,15,669,24.5,11,1,4,34,4,UPI,0,1,1,Yes,6.0,6.5,18,0
NET14101,23,Standard,29,419,22.0,11,1,3,31,3,Credit Card,1,1,1,No,7.3,8.0,33,0
NET14102,43,Premium,19,649,45.2,29,9,3,29,8,UPI,2,1,1,No,8.3,6.2,23,0
NET14103,38,Premium,5,629,28.3,18,0,4,58,7,Credit Card,1,0,0,No,6.3,5.4,7,0
NET14104,30,Premium,17,649,16.2,12,28,3,54,6,Debit Card,0,0,1,No,7.7,6.6,20,0
NET14105,33,Premium,3,699,37.8,23,7,2,40,5,UPI,1,0,0,No,5.6,10.0,6,0
NET14106,28,Standard,7,399,27.6,13,15,2,29,4,Credit Card,1,2,2,No,8.4,8.2,10,0
NET14107,43,Standard,22,399,42.8,31,1,3,49,4,Credit Card,0,0,0,Yes,8.1,2.5,25,0
NET14108,29,Premium,13,629,48.8,22,4,3,33,8,UPI,0,0,0,No,7.4,4.3,14,0
NET14109,33,Premium+,24,919,47.9,29,4,5,57,6,Credit Card,0,0,0,No,7.1,6.6,27,0
NET14110,41,Standard,4,419,6.1,3,5,3,39,5,Debit Card,0,0,0,No,8.0,6.3,6,0
NET14111,24,Standard,19,449,48.1,25,9,2,44,1,Credit Card,0,0,1,No,7.0,7.6,24,0
NET14112,45,Standard,3,399,32.5,17,7,5,36,6,Wallet,1,0,1,No,8.9,5.9,6,0
NET14113,17,Standard,11,399,23.3,12,2,5,50,2,Wallet,1,1,1,No,6.1,8.1,15,0
NET14114,45,Basic,7,249,20.8,12,12,6,20,4,Credit Card,0,1,1,No,6.0,6.7,8,0
NET14115,27,Standard,11,419,12.7,5,0,4,22,7,Wallet,0,0,1,Yes,8.3,8.4,15,0
NET14116,28,Standard,2,379,25.6,13,1,2,39,3,Credit Card,0,1,2,No,7.1,8.1,4,0
NET14117,15,Standard,6,419,18.0,9,4,3,31,7,Credit Card,0,1,1,No,8.8,7.5,8,0
NET14118,26,Standard,15,419,5.6,3,11,6,24,2,Credit Card,0,2,2,No,7.3,5.8,20,0
NET14119,21,Premium,11,629,42.1,28,3,2,54,3,Net Banking,0,1,1,Yes,6.1,8.8,16,0
NET14120,25,Premium,11,649,55.3,42,8,3,27,7,UPI,2,0,1,Yes,5.7,8.7,14,1
NET14121,29,Premium+,10,899,48.5,22,1,2,23,4,Debit Card,0,0,0,No,5.5,4.7,15,1
NET14122,39,Standard,40,419,4.7,2,20,4,37,4,Credit Card,1,0,0,No,7.2,7.7,42,0
NET14123,32,Basic,38,249,11.5,5,0,6,69,3,Credit Card,1,1,1,Yes,8.9,7.6,39,0
NET14124,33,Premium+,6,899,42.2,21,1,2,30,2,Credit Card,0,0,0,No,7.5,5.6,11,0
NET14125,21,Premium,6,699,16.0,11,0,2,23,2,UPI,0,0,0,No,7.8,7.3,10,0
NET14126,23,Standard,11,449,4.7,2,0,1,82,5,UPI,0,0,0,No,2.5,8.8,13,1
NET14127,47,Basic,1,219,10.6,7,14,1,42,5,Wallet,0,1,1,No,9.3,7.3,6,0
NET14128,24,Basic,5,219,8.4,4,1,1,67,4,UPI,0,2,2,No,8.4,8.5,10,0
NET14129,45,Basic,3,199,23.8,16,1,2,12,3,Credit Card,0,0,0,No,7.4,8.0,5,0
NET14130,28,Basic,3,199,6.7,3,1,4,22,3,Credit Card,0,0,0,Yes,7.0,5.2,4,0
NET14131,31,Premium+,14,899,28.3,14,9,3,70,3,Debit Card,0,1,2,No,4.3,5.2,14,0
NET14132,40,Standard,6,419,23.1,12,2,4,38,6,Net Banking,1,0,1,No,7.1,7.9,6,0
NET14133,42,Premium,2,669,23.9,11,5,4,9,6,Credit Card,0,0,0,No,7.4,5.2,3,0
NET14134,30,Premium,30,699,24.0,12,11,2,68,8,Net Banking,1,1,1,Yes,6.6,4.7,32,0
NET14135,27,Premium,29,669,37.1,23,2,4,20,6,Debit Card,0,1,2,Yes,9.6,6.6,30,0
NET14136,30,Premium,27,649,31.0,19,0,4,37,1,Credit Card,0,1,3,Yes,8.2,10.0,28,0
NET14137,34,Premium+,6,899,76.0,57,0,4,35,4,Net Banking,1,0,0,No,5.5,10.0,6,0
NET14138,39,Standard,1,399,21.5,10,4,2,41,8,Debit Card,0,0,0,No,6.7,7.8,4,0
NET14139,31,Premium+,1,919,42.6,30,5,2,46,4,Wallet,1,0,0,Yes,7.9,6.8,6,0
NET14140,36,Premium,4,649,26.3,15,12,2,13,5,UPI,0,1,1,Yes,8.0,10.0,6,0
NET14141,45,Basic,3,249,9.5,5,3,2,74,8,UPI,0,1,2,Yes,6.6,7.6,7,0
NET14142,34,Premium,28,629,33.1,19,12,3,54,1,UPI,1,2,2,No,7.1,5.8,29,0
NET14143,33,Premium,60,699,34.5,18,4,3,53,7,Wallet,1,1,2,No,4.4,7.9,60,0
NET14144,17,Premium+,23,879,77.9,39,1,2,43,6,Wallet,1,0,0,No,8.2,5.6,26,0
NET14145,15,Standard,18,449,27.5,18,4,2,56,3,Debit Card,0,1,2,No,7.4,8.6,20,0
NET14146,34,Standard,12,399,12.0,8,2,2,39,4,Credit Card,0,0,0,Yes,3.5,4.1,13,1
NET14147,30,Basic,20,219,15.0,7,11,3,35,2,Credit Card,0,0,0,No,6.5,6.8,20,0
NET14148,26,Standard,41,379,14.2,8,12,1,54,4,Credit Card,0,1,1,No,9.5,7.9,42,0
NET14149,33,Basic,12,219,8.8,6,11,4,40,8,UPI,1,0,1,Yes,5.8,8.4,16,0
NET14150,30,Standard,2,419,36.3,19,0,6,35,7,UPI,1,0,1,Yes,9.3,8.5,4,0
NET14151,41,Premium,2,649,10.8,7,6,2,46,5,Credit Card,0,1,1,No,4.9,9.3,7,0
NET14152,31,Basic,12,199,14.6,10,3,1,61,8,Credit Card,0,1,1,Yes,7.6,7.2,14,0
NET14153,24,Standard,5,399,37.3,23,0,3,21,1,Wallet,0,0,0,Yes,6.0,5.7,7,0
NET14154,39,Basic,33,179,23.0,14,0,3,44,4,UPI,1,0,0,Yes,6.2,5.9,35,0
NET14155,29,Basic,13,199,24.8,11,7,5,37,4,UPI,0,0,0,No,8.5,7.2,13,0
NET14156,35,Standard,15,419,24.2,15,3,3,42,2,UPI,0,0,3,No,8.6,7.2,19,0
NET14157,26,Basic,1,249,9.1,4,2,4,43,4,UPI,0,0,1,No,7.3,8.9,2,1
NET14158,25,Standard,9,449,21.7,11,1,1,19,9,UPI,0,0,0,No,7.8,6.1,9,0
NET14159,31,Basic,7,179,26.0,18,5,2,51,6,Credit Card,1,1,1,No,2.2,8.3,10,1
NET14160,31,Basic,17,179,18.8,13,0,2,41,4,Debit Card,0,0,0,No,6.5,10.0,19,1
NET14161,35,Standard,6,379,19.4,14,0,5,29,6,Credit Card,0,0,0,Yes,8.1,5.4,8,0
NET14162,28,Standard,52,399,8.4,5,0,3,25,6,Credit Card,0,0,0,Yes,8.6,7.9,53,0
NET14163,15,Basic,15,249,33.2,15,2,2,42,5,Wallet,0,1,1,No,9.7,5.2,17,0
NET14164,27,Standard,15,399,24.9,17,7,3,78,4,UPI,0,0,1,No,7.9,7.2,17,0
NET14165,38,Premium,35,649,10.6,6,5,2,50,4,UPI,1,1,1,No,5.7,6.9,36,0
NET14166,28,Premium,74,669,27.1,13,1,2,59,1,UPI,0,0,0,No,5.8,3.7,78,0
NET14167,28,Basic,3,199,15.9,7,0,5,30,1,Debit Card,0,0,0,Yes,6.6,5.4,3,0
NET14168,39,Standard,23,399,59.1,30,2,1,53,2,UPI,0,0,1,No,8.4,7.9,27,0
NET14169,24,Premium,2,669,36.4,21,13,5,38,3,UPI,0,0,0,No,4.7,9.7,3,1
NET14170,17,Basic,8,199,10.1,5,2,2,61,4,UPI,0,0,0,No,4.4,6.7,13,0
NET14171,29,Premium,1,669,23.9,14,0,4,20,4,Wallet,1,0,1,No,8.8,8.9,6,0
NET14172,26,Premium+,13,879,48.4,23,13,2,30,3,UPI,2,0,1,No,8.7,3.2,18,0
NET14173,22,Premium,8,649,27.9,16,2,3,26,5,UPI,2,0,0,No,7.7,7.1,10,0
NET14174,29,Premium,13,699,28.7,14,8,2,24,2,UPI,0,0,0,No,7.1,9.2,15,0
NET14175,35,Premium,15,649,32.1,17,1,1,7,1,Credit Card,0,1,1,Yes,4.6,9.5,19,0
NET14176,30,Premium,13,649,25.1,14,12,1,47,4,UPI,2,1,1,Yes,6.2,5.8,16,0
NET14177,33,Premium,4,699,55.5,29,0,2,67,5,UPI,0,0,1,No,6.9,6.1,4,0
NET14178,47,Premium,25,669,29.3,18,1,4,37,3,UPI,1,0,1,No,6.6,6.2,27,0
NET14179,27,Premium,11,669,43.7,26,7,1,30,8,Credit Card,0,0,0,No,9.0,5.5,12,0
NET14180,33,Standard,9,379,48.8,24,3,1,67,3,Wallet,1,0,1,Yes,4.4,7.2,13,0
NET14181,26,Standard,60,379,17.0,10,4,2,9,2,Credit Card,0,1,1,Yes,5.1,6.6,60,0
NET14182,23,Premium,4,649,75.4,39,0,3,66,2,UPI,1,1,1,Yes,7.2,5.7,9,0
NET14183,25,Basic,10,199,13.5,7,2,2,73,4,UPI,0,0,1,No,6.9,7.4,13,0
NET14184,26,Premium,16,669,29.2,14,5,1,37,1,UPI,0,1,2,Yes,8.3,8.2,21,0
NET14185,34,Premium+,1,899,42.6,25,9,1,26,4,UPI,0,0,1,No,10.0,5.8,6,0
NET14186,52,Premium,6,649,45.1,21,13,1,32,4,Credit Card,0,0,0,No,8.4,8.4,8,0
NET14187,24,Premium+,22,899,24.9,11,2,2,81,4,UPI,0,0,1,Yes,6.3,8.3,26,0
NET14188,27,Premium,3,629,19.4,13,5,3,70,1,Debit Card,2,0,1,No,4.2,6.5,5,0
NET14189,30,Basic,9,219,9.9,5,4,1,63,2,Debit Card,1,2,2,No,7.0,8.3,13,0
NET14190,34,Premium,13,629,55.0,28,6,2,24,1,Debit Card,1,0,0,No,4.2,9.0,16,0
NET14191,33,Standard,15,379,12.6,7,5,3,29,2,Net Banking,0,2,3,No,8.0,7.5,16,0
NET14192,42,Standard,18,399,57.8,36,5,4,5,3,Net Banking,0,1,1,No,5.0,7.3,19,0
NET14193,15,Standard,28,449,13.6,10,3,2,13,4,Credit Card,0,0,0,No,6.1,6.7,28,0
NET14194,15,Standard,6,449,31.9,17,2,2,86,7,Net Banking,0,0,0,Yes,3.8,3.0,8,1
NET14195,26,Standard,17,449,14.9,9,3,5,35,4,UPI,0,0,1,No,8.8,5.4,19,0
NET14196,40,Standard,18,399,39.2,21,10,4,34,2,UPI,1,0,1,No,10.0,7.1,20,0
NET14197,16,Premium,4,649,9.2,6,2,1,29,3,Credit Card,1,1,1,No,7.7,7.3,5,1
NET14198,15,Premium,48,669,48.7,36,11,4,38,4,Wallet,0,0,0,No,2.2,7.8,48,0
NET14199,36,Standard,28,399,15.9,7,1,4,26,4,Net Banking,2,0,0,No,4.4,7.0,29,1
NET14200,33,Basic,4,199,21.6,15,4,2,45,4,UPI,1,1,1,No,3.6,9.3,9,0
NET14201,21,Premium,15,629,32.8,23,0,4,70,6,UPI,0,0,0,Yes,5.1,5.2,19,1
NET14202,22,Premium,17,699,14.2,7,3,3,42,2,UPI,0,1,1,Yes,8.1,6.8,19,0
NET14203,22,Premium+,7,899,100.4,51,6,1,36,0,Net Banking,0,0,0,No,5.1,7.9,11,0
NET14204,31,Basic,27,199,21.9,16,5,4,39,5,Wallet,1,0,0,No,5.2,6.8,32,0
NET14205,25,Premium,16,669,40.8,24,0,2,107,4,Wallet,0,0,0,Yes,6.6,8.8,19,0
NET14206,35,Standard,15,399,55.8,29,10,4,35,4,Debit Card,0,0,0,Yes,7.9,9.8,19,0
NET14207,15,Premium,3,649,17.4,8,4,2,63,4,UPI,0,1,1,No,5.9,6.7,7,0
NET14208,23,Basic,7,199,23.0,10,6,4,44,5,UPI,0,1,1,No,7.1,8.2,11,0
NET14209,20,Standard,7,379,25.4,19,6,5,37,3,UPI,0,0,0,No,7.3,10.0,8,0
NET14210,28,Basic,18,199,17.1,8,1,4,82,2,UPI,0,0,0,Yes,7.3,7.8,22,0
NET14211,26,Standard,13,379,22.8,10,3,2,50,5,Debit Card,1,0,0,No,5.6,6.6,18,0
NET14212,38,Standard,1,399,4.0,1,1,5,47,4,UPI,0,1,1,No,7.7,7.0,3,1
NET14213,15,Premium,5,699,19.6,9,1,4,45,3,UPI,1,1,1,Yes,7.3,5.9,5,0
NET14214,31,Premium,8,699,33.0,23,4,1,54,6,Wallet,1,0,0,No,8.3,8.5,11,0
NET14215,36,Standard,18,399,30.5,13,1,2,65,3,Net Banking,0,0,0,No,6.6,8.1,20,0
NET14216,47,Standard,19,379,28.9,14,1,2,8,4,Credit Card,0,0,0,Yes,8.3,5.1,19,0
NET14217,26,Standard,9,449,8.6,6,5,2,60,1,UPI,1,1,1,No,9.3,4.5,11,1
NET14218,33,Premium+,1,899,21.1,11,3,4,36,7,Debit Card,0,0,0,No,5.8,8.1,5,0
NET14219,15,Standard,4,419,31.6,16,1,2,27,2,UPI,1,0,0,No,7.0,6.5,7,0
NET14220,15,Standard,4,379,14.3,7,2,3,36,2,UPI,0,0,0,No,9.2,5.6,6,0
NET14221,38,Basic,21,199,4.0,1,5,1,42,3,Debit Card,0,1,1,No,8.4,7.9,24,0
NET14222,30,Premium,2,669,13.4,6,5,4,36,6,Net Banking,0,0,0,No,7.2,6.3,3,0
NET14223,41,Standard,8,419,22.4,15,13,6,58,1,Credit Card,0,0,0,No,9.1,6.7,9,0
NET14224,18,Basic,15,199,14.5,9,15,4,61,1,Wallet,0,1,1,Yes,7.3,9.9,19,0
NET14225,35,Premium,46,629,27.7,16,1,2,51,3,Wallet,2,0,1,No,7.2,6.6,50,0
NET14226,47,Premium,96,669,30.2,18,4,2,39,3,UPI,0,0,0,Yes,8.7,6.5,97,0
NET14227,34,Premium,42,629,42.2,22,3,1,63,4,Debit Card,0,2,2,No,8.1,3.9,44,0
NET14228,33,Basic,17,199,8.4,5,8,2,60,3,Credit Card,1,0,0,No,8.5,4.0,17,0
NET14229,31,Standard,19,399,16.0,9,1,1,5,5,Credit Card,0,0,0,Yes,7.0,7.1,19,0
NET14230,16,Premium+,19,919,33.0,21,1,2,50,5,Wallet,1,2,3,Yes,7.3,8.1,20,0
NET14231,43,Premium,27,669,9.6,6,1,3,22,5,Debit Card,0,0,1,No,8.4,6.4,27,0
NET14232,25,Standard,42,419,19.8,10,7,4,45,5,Debit Card,0,1,1,No,8.3,7.6,44,0
NET14233,35,Basic,8,179,12.1,8,1,1,47,2,UPI,0,0,0,No,5.0,6.0,8,0
NET14234,16,Standard,7,419,19.7,9,3,2,37,6,UPI,0,0,1,No,6.6,5.8,12,0
NET14235,20,Standard,8,379,36.6,19,1,6,46,8,UPI,0,1,1,No,9.2,8.8,8,0
NET14236,43,Premium,15,699,22.4,13,24,1,19,3,Debit Card,0,0,2,No,7.1,6.0,20,0
NET14237,27,Premium+,20,949,17.4,10,6,3,27,0,Credit Card,0,0,0,No,6.0,7.0,21,0
NET14238,44,Standard,28,379,49.4,25,2,2,88,4,Debit Card,0,1,2,No,8.3,6.8,31,0
NET14239,30,Basic,8,249,7.2,3,0,6,28,3,Net Banking,0,0,0,No,7.5,10.0,11,0
NET14240,15,Premium,6,649,26.5,13,3,2,63,2,UPI,0,0,0,Yes,7.8,7.8,8,0
NET14241,39,Basic,57,199,18.8,12,1,2,38,2,Wallet,0,0,0,Yes,6.5,7.9,60,0
NET14242,25,Premium+,3,949,17.6,8,1,4,40,6,UPI,0,0,0,No,7.4,4.6,7,0
NET14243,37,Premium,3,649,23.5,11,2,3,30,2,Wallet,0,0,0,Yes,8.0,7.8,4,0
NET14244,31,Premium+,17,879,32.1,15,20,1,23,10,Credit Card,0,0,0,Yes,8.0,9.9,22,0
NET14245,17,Basic,2,249,22.6,16,3,2,49,4,UPI,0,1,1,Yes,9.3,6.0,7,0
NET14246,32,Basic,7,179,11.6,8,1,3,50,4,UPI,2,0,1,Yes,7.1,5.3,10,0
NET14247,50,Standard,4,449,33.9,18,2,2,23,3,Credit Card,1,0,0,Yes,6.5,6.9,4,0
NET14248,35,Standard,2,399,19.2,8,3,3,73,5,Debit Card,0,0,0,Yes,10.0,8.3,5,0
NET14249,30,Standard,12,399,34.3,24,0,4,51,3,UPI,0,1,1,No,9.7,5.8,13,0
NET14250,40,Premium+,6,879,18.1,9,2,1,52,3,Credit Card,1,1,2,No,8.0,9.4,6,0
NET14251,32,Premium,8,649,16.8,11,0,3,15,6,Net Banking,0,0,1,No,4.9,7.3,8,1
NET14252,32,Premium,3,649,60.1,27,0,3,41,5,UPI,0,1,2,Yes,6.3,9.1,8,0
NET14253,21,Basic,20,219,2.9,1,14,4,62,3,Credit Card,0,1,1,Yes,7.1,8.4,21,0
NET14254,33,Premium,5,669,16.3,10,2,3,64,6,Credit Card,2,1,1,No,7.4,6.5,7,0
NET14255,40,Premium,5,629,44.0,32,1,2,37,2,Credit Card,0,0,0,No,3.7,10.0,7,0
NET14256,23,Standard,4,399,47.6,28,7,3,32,6,UPI,0,0,0,No,8.3,7.1,5,0
NET14257,43,Premium+,7,879,14.1,7,0,3,64,5,Net Banking,0,1,1,No,7.7,6.8,12,0
NET14258,30,Basic,8,179,22.5,12,21,2,59,6,UPI,0,1,2,No,9.4,8.5,9,0
NET14259,23,Standard,10,379,8.3,4,25,2,20,2,UPI,1,0,1,Yes,7.1,7.4,11,1
NET14260,39,Basic,48,199,3.9,1,8,1,36,2,Wallet,0,1,1,Yes,5.4,5.2,48,1
NET14261,28,Premium,32,699,17.6,10,26,4,15,0,Credit Card,0,0,0,No,8.5,4.8,32,1
NET14262,37,Premium,13,649,26.3,18,1,3,68,2,UPI,0,1,1,No,7.6,5.1,14,0
NET14263,28,Standard,1,399,4.1,2,1,3,44,4,UPI,0,1,1,No,3.9,9.8,6,1
NET14264,30,Basic,13,249,9.2,4,12,3,45,3,Debit Card,0,0,1,No,6.3,5.2,13,0
NET14265,35,Basic,1,179,10.6,5,5,4,57,3,Debit Card,0,3,3,No,6.8,7.8,5,1
NET14266,33,Basic,17,219,29.8,21,7,1,14,4,UPI,0,0,0,Yes,5.4,5.8,18,1
NET14267,15,Standard,6,399,18.2,12,0,2,69,0,Net Banking,1,0,0,No,4.7,5.9,6,0
NET14268,20,Basic,25,199,30.7,15,3,2,73,5,UPI,0,0,0,Yes,9.2,7.9,27,0
NET14269,39,Standard,39,399,20.5,10,1,3,30,5,Net Banking,0,1,1,No,9.5,4.7,40,0
NET14270,29,Premium,7,699,33.1,17,1,3,34,5,UPI,0,0,0,No,6.7,8.7,8,0
NET14271,26,Standard,8,399,33.9,21,4,2,68,5,UPI,0,0,0,Yes,8.4,8.0,9,0
NET14272,18,Premium,12,629,42.4,29,1,6,13,2,UPI,0,0,0,No,9.6,6.7,15,0
NET14273,21,Basic,3,249,25.9,17,4,5,29,5,UPI,0,0,0,Yes,6.6,7.6,4,0
NET14274,15,Standard,36,399,27.4,13,0,3,86,4,UPI,0,1,1,No,5.0,6.0,38,0
NET14275,30,Standard,7,399,11.0,6,9,4,64,6,Wallet,0,0,0,No,9.7,7.6,7,0
NET14276,25,Basic,2,219,3.9,2,17,3,64,5,UPI,1,1,2,No,9.1,8.1,3,0
NET14277,22,Basic,20,179,22.5,15,5,2,73,4,Wallet,0,0,0,No,10.0,5.5,25,0
NET14278,30,Premium,3,649,38.7,23,0,2,55,6,Net Banking,0,0,0,No,4.2,7.9,7,1
NET14279,34,Premium+,2,899,19.5,11,8,2,68,6,UPI,0,0,0,No,9.7,6.5,7,0
NET14280,49,Basic,11,219,18.3,8,12,1,29,7,UPI,1,0,1,No,8.6,9.0,16,0
NET14281,17,Standard,15,399,21.6,10,2,1,50,1,Credit Card,0,1,1,No,10.0,7.1,15,0
NET14282,41,Premium+,11,919,23.9,11,4,3,28,6,Credit Card,2,0,2,No,6.5,3.6,13,1
NET14283,39,Basic,14,199,15.9,9,0,2,39,3,UPI,0,0,1,No,7.3,7.4,17,0
NET14284,23,Premium,1,699,55.1,30,4,5,61,5,UPI,0,0,0,No,5.9,7.2,3,0
NET14285,32,Premium+,9,949,66.4,32,0,2,48,4,Net Banking,0,0,0,Yes,6.2,8.1,14,0
NET14286,26,Premium+,6,949,50.0,37,2,4,28,3,UPI,0,0,0,No,5.6,9.2,9,0
NET14287,32,Standard,50,399,24.8,13,1,2,58,8,Credit Card,0,0,0,No,5.6,8.6,50,0
NET14288,44,Basic,1,249,7.0,4,1,3,74,3,UPI,0,2,2,Yes,6.8,9.2,4,0
NET14289,36,Basic,4,199,12.4,7,11,3,29,5,Debit Card,0,0,0,No,5.1,6.5,4,1
NET14290,35,Premium,39,629,17.6,10,5,4,65,5,UPI,0,0,0,No,8.2,8.3,41,1
NET14291,27,Premium+,57,949,50.2,26,6,2,84,0,UPI,0,0,0,Yes,5.5,7.1,62,0
NET14292,17,Premium,24,649,24.0,14,4,4,45,5,Wallet,0,0,1,Yes,7.1,10.0,26,0
NET14293,29,Premium,1,649,8.5,5,8,1,15,5,Net Banking,0,0,0,Yes,6.9,5.0,4,0
NET14294,41,Premium,11,649,36.5,20,2,4,32,5,Wallet,0,0,1,Yes,9.2,7.2,15,0
NET14295,17,Premium,7,649,25.0,15,3,2,44,3,UPI,0,0,0,No,8.3,7.2,12,1
NET14296,21,Premium,22,649,37.4,28,0,4,42,2,UPI,0,0,0,No,8.8,8.4,27,1
NET14297,32,Premium,1,649,36.0,21,2,3,41,3,UPI,0,0,0,Yes,4.5,7.0,3,0
NET14298,22,Standard,3,399,22.9,15,0,5,51,2,Credit Card,0,2,2,No,6.6,9.6,6,0
NET14299,23,Basic,9,219,2.2,1,3,2,95,2,UPI,0,0,1,No,6.6,7.7,10,0
NET14300,27,Premium,2,699,16.6,7,16,3,48,2,UPI,0,0,1,No,7.5,8.8,2,0
NET14301,18,Standard,16,379,21.8,11,9,2,70,3,Debit Card,0,0,1,No,5.8,6.7,17,0
NET14302,22,Standard,24,399,13.6,8,3,4,19,1,UPI,2,1,1,No,4.4,9.4,25,1
NET14303,37,Premium,17,649,11.2,5,2,2,46,4,Credit Card,0,0,0,No,7.0,9.0,18,0
NET14304,19,Premium,8,699,26.6,16,2,3,40,7,Debit Card,1,0,0,No,5.2,7.9,11,0
NET14305,16,Premium+,29,899,38.8,25,3,3,12,4,Credit Card,0,3,3,Yes,6.4,8.6,31,0
NET14306,25,Basic,2,249,21.9,12,1,1,40,4,UPI,0,0,0,No,6.8,9.4,7,0
NET14307,37,Premium,4,669,37.2,17,2,1,66,2,Debit Card,0,0,1,Yes,4.4,7.5,5,1
NET14308,29,Basic,9,199,19.0,10,4,3,68,4,Credit Card,0,0,1,No,7.6,6.5,12,0
NET14309,26,Premium+,1,899,12.6,6,11,4,32,4,Debit Card,0,0,0,No,3.5,5.5,3,0
NET14310,31,Basic,1,219,18.9,13,0,3,58,3,Credit Card,0,0,0,No,5.7,5.2,1,0
NET14311,15,Premium,7,649,55.1,41,3,1,54,5,UPI,0,0,0,No,7.3,7.3,9,0
NET14312,35,Premium,40,699,66.6,37,0,3,36,2,UPI,0,0,1,No,8.8,5.9,42,0
NET14313,34,Standard,33,419,14.5,9,6,1,64,6,Debit Card,0,0,1,Yes,6.6,6.3,34,0
NET14314,27,Premium+,8,899,57.0,42,5,3,54,2,UPI,1,1,1,No,9.9,9.9,11,0
NET14315,40,Premium,2,649,50.1,23,5,2,39,6,Wallet,0,0,0,Yes,5.4,10.0,7,0
NET14316,20,Standard,2,449,11.4,8,4,4,62,6,Credit Card,1,0,0,Yes,3.6,8.2,6,1
NET14317,41,Basic,6,249,29.4,22,7,3,11,5,Wallet,0,0,1,No,3.8,8.7,6,1
NET14318,32,Standard,3,419,24.7,15,1,4,42,5,UPI,0,0,1,No,7.1,5.1,6,0
NET14319,27,Standard,1,399,61.3,35,0,3,48,1,Net Banking,1,0,1,No,6.0,7.2,6,0
NET14320,30,Premium,15,699,52.4,30,7,1,58,5,Credit Card,0,1,1,Yes,7.6,7.3,16,0
NET14321,30,Premium+,12,919,41.2,25,0,2,27,1,UPI,0,1,2,Yes,7.2,8.0,15,0
NET14322,41,Basic,4,179,4.1,1,7,2,65,6,UPI,0,0,1,Yes,5.8,6.9,9,0
NET14323,21,Standard,21,449,16.5,10,1,2,77,4,UPI,1,1,2,No,6.6,5.8,25,0
NET14324,24,Standard,20,419,37.4,19,28,5,62,9,Net Banking,1,1,2,No,3.6,4.4,20,1
NET14325,40,Basic,9,179,10.7,6,0,1,41,7,UPI,1,0,2,No,7.3,3.8,11,0
NET14326,25,Standard,1,419,25.4,15,8,2,51,3,UPI,0,1,1,Yes,8.0,6.2,6,0
NET14327,39,Standard,35,449,20.6,9,1,4,5,4,Debit Card,1,0,2,No,8.4,5.3,35,0
NET14328,46,Standard,15,379,17.6,9,2,5,44,4,Credit Card,0,0,0,No,7.8,5.6,19,0
NET14329,27,Premium,3,669,34.4,19,14,3,55,5,UPI,1,0,1,No,6.5,9.7,3,1
NET14330,37,Premium,13,649,34.6,23,2,4,30,8,UPI,0,0,1,Yes,10.0,6.9,18,0
NET14331,20,Basic,7,179,6.0,4,2,5,59,2,Debit Card,0,1,1,No,10.0,8.2,7,0
NET14332,37,Premium,14,669,30.5,20,1,1,43,5,Credit Card,0,0,1,No,6.0,4.1,15,0
NET14333,32,Premium,8,649,6.3,3,0,2,69,8,Credit Card,0,0,0,No,6.4,10.0,10,0
NET14334,35,Premium,9,629,35.7,26,0,2,9,5,UPI,0,0,0,No,7.4,9.4,13,0
NET14335,25,Standard,18,419,46.1,26,5,2,48,4,Credit Card,0,0,0,No,8.5,6.8,19,0
NET14336,16,Premium,13,699,68.5,39,0,3,38,1,Credit Card,1,0,0,No,6.5,5.1,13,0
NET14337,35,Premium,1,629,55.2,25,1,4,32,9,Credit Card,1,0,0,No,7.0,8.6,1,0
NET14338,15,Standard,1,379,27.1,16,3,4,36,3,UPI,0,1,2,Yes,6.1,6.9,4,0
NET14339,28,Standard,5,399,32.3,15,0,2,21,3,Debit Card,0,1,1,Yes,8.1,9.2,6,0
NET14340,39,Premium+,7,919,38.7,20,8,3,46,3,Credit Card,1,1,1,No,6.0,7.5,11,0
NET14341,32,Premium,4,699,32.0,19,21,3,55,4,Credit Card,1,1,1,Yes,9.4,6.5,8,0
NET14342,48,Premium+,14,899,45.0,25,13,4,37,7,Credit Card,0,0,0,Yes,5.2,8.0,18,0
NET14343,40,Premium,3,629,34.5,24,18,2,45,2,UPI,0,0,0,Yes,6.8,7.0,8,0
NET14344,25,Premium,17,649,27.8,13,4,3,50,5,Debit Card,0,1,1,No,8.9,6.8,22,0
NET14345,31,Basic,20,199,28.6,15,0,3,55,4,Net Banking,0,0,0,Yes,8.6,6.8,25,0
NET14346,30,Standard,1,399,18.9,11,6,3,43,3,Wallet,1,0,1,No,7.3,9.7,5,0
NET14347,16,Premium+,14,879,24.0,12,0,4,40,0,UPI,0,1,1,No,7.1,6.6,14,0
NET14348,22,Standard,45,399,54.7,32,3,3,54,6,Credit Card,0,1,1,No,8.8,4.1,50,0
NET14349,25,Basic,2,199,6.3,3,9,4,45,3,Credit Card,1,1,1,No,9.7,6.4,2,0
NET14350,15,Premium,33,649,24.0,14,11,4,52,6,UPI,1,1,1,No,6.3,4.7,34,0
NET14351,31,Premium,13,699,16.4,7,2,2,42,2,UPI,0,0,0,Yes,8.3,6.9,15,0
NET14352,28,Standard,12,449,9.4,4,1,3,33,2,Debit Card,0,1,1,No,8.9,6.3,16,0
NET14353,15,Standard,1,449,37.1,17,7,3,44,8,UPI,0,0,1,No,5.1,8.3,1,0
NET14354,34,Standard,19,419,5.8,3,0,1,41,3,UPI,0,0,0,Yes,5.6,6.4,20,0
NET14355,37,Basic,9,179,32.0,18,30,1,64,2,UPI,0,1,1,No,8.3,5.3,13,0
NET14356,33,Premium,17,649,16.0,10,2,6,41,3,Debit Card,0,1,1,Yes,8.5,9.0,19,0
NET14357,28,Standard,23,419,33.9,25,8,3,68,4,Credit Card,1,0,0,No,8.5,6.4,27,0
NET14358,36,Premium,10,649,39.4,26,7,5,80,2,UPI,1,1,1,No,8.7,7.3,15,0
NET14359,37,Premium,4,629,16.1,7,2,3,63,4,Wallet,0,0,0,No,9.4,6.1,7,0
NET14360,33,Premium,2,649,50.1,29,2,2,96,3,Debit Card,1,1,4,Yes,9.0,6.9,6,0
NET14361,23,Standard,2,419,13.8,9,11,1,70,5,UPI,2,1,1,No,4.8,6.8,5,0
NET14362,33,Standard,28,379,41.9,24,1,3,5,2,UPI,1,1,1,No,5.9,10.0,30,0
NET14363,41,Standard,1,419,19.8,9,0,3,48,3,Net Banking,0,3,3,Yes,4.5,6.9,4,0
NET14364,25,Standard,6,449,38.4,21,0,5,40,5,UPI,0,0,0,Yes,8.1,7.4,8,0
NET14365,49,Premium,5,669,20.5,9,6,6,51,3,UPI,0,0,0,Yes,5.4,7.3,6,0
NET14366,26,Standard,28,399,61.7,29,0,1,16,4,Credit Card,0,0,0,Yes,6.8,3.2,31,0
NET14367,31,Premium,9,649,62.3,36,1,2,50,2,UPI,0,0,1,No,7.8,5.8,14,1
NET14368,24,Basic,78,199,15.3,11,3,5,57,5,UPI,0,1,1,Yes,4.9,5.1,82,0
NET14369,33,Basic,18,219,11.3,5,12,2,28,0,Net Banking,0,0,0,Yes,5.2,5.2,22,1
NET14370,15,Premium+,26,949,8.0,4,4,2,43,1,Net Banking,0,0,0,Yes,7.9,7.4,27,0
NET14371,26,Standard,1,399,30.1,14,0,1,31,3,Credit Card,0,0,1,No,5.7,7.8,1,0
NET14372,21,Standard,4,399,20.4,12,10,4,38,4,UPI,0,1,1,Yes,8.2,7.4,9,0
NET14373,32,Standard,2,449,15.1,9,0,2,41,3,UPI,0,0,0,No,3.6,5.7,7,0
NET14374,39,Basic,8,249,14.5,8,10,4,43,4,UPI,0,1,2,Yes,4.3,8.7,10,1
NET14375,36,Premium,17,699,28.0,21,0,4,47,10,Net Banking,0,2,3,Yes,5.9,5.9,22,0
NET14376,15,Basic,2,179,4.5,3,0,1,41,4,UPI,0,0,1,No,6.6,5.9,2,1
NET14377,49,Standard,1,399,69.0,33,2,4,43,4,UPI,0,0,0,Yes,3.7,6.4,1,0
NET14378,33,Standard,13,379,1.9,0,4,1,79,5,Net Banking,0,3,3,No,8.8,6.9,14,1
NET14379,24,Premium+,3,879,37.4,25,1,2,20,4,Wallet,0,0,0,No,3.2,3.7,4,0
NET14380,32,Standard,9,399,26.4,13,20,3,11,4,Credit Card,0,0,0,Yes,10.0,5.3,12,0
NET14381,32,Basic,1,219,10.7,7,6,3,59,6,UPI,0,0,0,No,5.6,7.8,6,0
NET14382,24,Standard,15,399,29.0,16,1,3,30,3,Credit Card,1,0,0,Yes,5.6,8.4,18,0
NET14383,32,Basic,10,199,8.2,4,3,2,76,7,Credit Card,1,0,0,Yes,9.0,6.3,13,0
NET14384,25,Basic,14,199,12.7,7,14,2,64,1,UPI,0,1,2,No,9.8,8.9,17,0
NET14385,27,Basic,4,219,9.9,6,1,4,49,2,Credit Card,0,0,0,No,4.9,7.7,7,1
NET14386,24,Standard,4,399,13.4,6,15,4,32,7,Credit Card,1,0,2,No,6.0,10.0,8,1
NET14387,18,Basic,22,249,13.4,8,1,4,37,1,Debit Card,0,0,1,No,4.6,7.5,23,0
NET14388,32,Standard,17,399,12.5,7,0,3,30,3,UPI,0,0,0,No,5.3,8.9,19,0
NET14389,36,Premium+,12,919,20.7,14,1,5,55,6,Net Banking,0,0,0,Yes,5.6,4.8,14,1
NET14390,35,Premium,13,629,22.7,12,0,3,30,5,Credit Card,0,0,0,No,4.7,8.3,15,0
NET14391,38,Basic,1,199,22.4,15,1,4,20,5,Credit Card,0,0,0,Yes,8.0,5.5,3,0
NET14392,33,Basic,27,249,22.5,14,1,4,24,2,Net Banking,2,1,1,Yes,10.0,9.8,29,0
NET14393,26,Premium,20,649,26.1,15,3,3,37,5,UPI,0,1,2,No,7.4,6.8,24,0
NET14394,38,Premium,12,629,48.4,31,1,3,27,4,Net Banking,0,0,0,Yes,7.6,8.5,13,0
NET14395,18,Basic,35,199,53.3,39,7,5,69,6,Wallet,0,0,0,No,5.7,5.8,40,0
NET14396,22,Premium,2,699,49.4,24,21,3,25,10,Credit Card,0,0,1,No,8.0,7.6,5,1
NET14397,22,Standard,16,419,16.1,7,0,2,48,2,UPI,0,0,1,Yes,8.3,10.0,19,0
NET14398,40,Standard,46,449,40.1,18,4,4,59,7,Credit Card,0,0,1,No,7.4,3.1,49,0
NET14399,39,Premium+,5,919,18.7,8,1,4,68,6,Debit Card,0,0,0,Yes,4.7,6.7,6,1
NET14400,35,Premium,1,699,19.9,14,3,4,49,4,Debit Card,1,1,1,No,6.1,3.8,2,0
NET14401,40,Premium,18,649,65.9,42,2,4,55,4,Wallet,0,0,0,No,4.0,7.0,23,0
NET14402,23,Standard,1,399,32.5,17,12,3,58,4,UPI,2,1,2,Yes,7.9,6.3,5,0
NET14403,34,Standard,28,399,28.2,13,13,4,42,7,Debit Card,0,1,1,No,8.7,9.1,32,0
NET14404,29,Premium,1,629,6.9,4,1,3,52,5,UPI,0,1,2,Yes,8.5,6.7,6,0
NET14405,38,Standard,14,399,29.9,17,4,3,37,2,Net Banking,0,1,1,No,10.0,6.9,17,0
NET14406,29,Standard,6,379,36.2,16,1,3,61,4,Debit Card,0,0,1,No,6.9,5.8,11,0
NET14407,27,Basic,3,199,29.4,18,4,3,54,2,UPI,1,0,0,Yes,7.2,8.0,4,0
NET14408,35,Basic,31,179,10.9,6,15,3,62,2,Credit Card,0,0,0,No,6.8,10.0,34,0
NET14409,38,Standard,19,419,8.4,4,0,4,15,2,UPI,1,1,1,Yes,5.8,9.2,23,1
NET14410,24,Premium,5,649,10.7,6,5,3,34,4,Wallet,0,1,1,No,6.1,5.3,10,0
NET14411,30,Premium+,4,949,38.4,19,2,3,35,4,Wallet,0,0,0,No,7.4,5.9,7,1
NET14412,21,Standard,18,419,3.3,2,12,1,23,0,Wallet,0,0,0,Yes,10.0,7.3,22,0
NET14413,15,Premium,25,699,29.1,19,1,3,39,4,Net Banking,0,0,0,Yes,7.7,6.4,25,0
NET14414,32,Basic,17,179,20.3,12,2,3,33,6,UPI,0,0,0,No,7.9,6.2,19,0
NET14415,36,Premium+,14,899,45.2,20,0,3,58,6,Net Banking,0,0,1,No,4.4,7.0,14,1
NET14416,33,Standard,3,419,21.8,13,3,3,49,3,Wallet,0,0,0,No,8.8,5.5,8,0
NET14417,15,Premium,26,649,31.0,14,6,4,58,5,UPI,0,0,0,Yes,7.8,9.4,29,0
NET14418,27,Premium,19,699,71.1,34,0,3,51,6,Wallet,0,0,1,Yes,4.1,8.4,22,0
NET14419,15,Standard,10,419,25.9,13,6,1,33,4,Debit Card,1,0,0,No,6.0,8.9,11,0
NET14420,43,Standard,10,399,67.7,41,2,2,36,5,UPI,1,0,0,Yes,7.3,8.4,12,0
NET14421,21,Premium+,11,899,56.0,35,1,6,33,2,UPI,0,1,1,Yes,8.7,5.6,15,0
NET14422,42,Basic,24,199,6.5,3,8,2,59,3,Net Banking,0,1,1,Yes,5.6,6.4,27,0
NET14423,39,Premium,18,699,12.9,8,16,2,31,5,UPI,0,0,0,No,8.8,8.8,22,0
NET14424,22,Premium+,27,919,8.2,5,1,3,48,8,UPI,2,0,1,No,4.4,8.7,31,1
NET14425,20,Standard,9,419,10.9,5,0,3,35,7,Credit Card,1,1,1,No,7.5,5.4,13,0
NET14426,34,Premium,13,649,29.4,19,2,2,49,7,Credit Card,0,0,0,No,4.5,7.9,13,1
NET14427,23,Premium+,26,879,44.7,21,1,2,21,3,UPI,1,0,0,No,10.0,7.8,30,0
NET14428,31,Premium,3,649,8.9,4,8,3,27,1,UPI,0,0,0,Yes,5.8,8.6,4,0
NET14429,26,Basic,8,199,23.8,13,0,3,33,0,Credit Card,0,0,0,Yes,6.7,8.1,8,0
NET14430,15,Standard,13,419,44.9,24,0,5,59,3,UPI,0,1,2,No,5.3,10.0,13,0
NET14431,15,Basic,34,249,14.1,7,2,4,53,3,Credit Card,0,0,1,No,4.7,6.1,37,0
NET14432,33,Premium,1,669,34.2,18,9,5,40,3,UPI,0,0,0,No,9.2,8.6,3,0
NET14433,25,Premium,3,649,21.7,11,6,4,60,3,Debit Card,0,1,1,No,6.6,6.2,5,0
NET14434,26,Premium,3,649,13.3,8,4,4,70,6,Credit Card,0,0,0,No,6.6,5.1,8,0
NET14435,37,Standard,5,379,51.5,25,3,3,32,0,Debit Card,0,0,0,No,7.3,4.5,8,0
NET14436,41,Basic,4,219,23.5,15,6,3,80,3,Debit Card,0,0,0,No,8.4,8.5,6,0
NET14437,28,Premium,12,649,24.0,12,4,4,6,2,UPI,0,0,0,Yes,8.3,8.9,16,0
NET14438,27,Premium,30,649,56.8,34,8,2,38,8,Debit Card,1,1,1,Yes,7.3,7.4,31,0
NET14439,35,Premium+,14,899,67.7,35,3,2,31,4,Debit Card,0,1,1,Yes,5.7,4.5,18,0
NET14440,18,Premium,3,649,24.6,18,1,2,38,1,UPI,1,1,1,No,7.1,5.7,5,0
NET14441,33,Premium,27,649,24.9,15,1,2,31,3,Credit Card,0,0,0,Yes,7.8,7.2,29,0
NET14442,35,Premium,13,649,36.3,16,4,4,85,5,Debit Card,0,0,0,Yes,5.4,10.0,14,1
NET14443,37,Premium,3,649,7.7,4,12,1,5,7,UPI,0,2,2,Yes,4.3,6.8,3,1
NET14444,15,Standard,6,419,34.8,19,15,1,40,2,Credit Card,1,1,1,No,8.0,6.6,6,0
NET14445,24,Premium+,21,899,23.4,15,0,3,44,5,Credit Card,0,0,0,No,8.4,7.7,22,0
NET14446,23,Premium,18,649,38.1,21,2,2,5,2,UPI,0,0,0,Yes,6.9,6.7,18,1
NET14447,31,Standard,12,419,9.2,4,8,4,54,3,Net Banking,1,0,0,Yes,9.6,8.8,14,0
NET14448,35,Basic,2,199,4.8,2,16,1,30,5,Credit Card,0,0,0,No,6.9,4.0,2,1
NET14449,44,Standard,22,379,6.6,3,0,4,43,3,Net Banking,0,0,1,Yes,6.4,7.3,24,0
NET14450,26,Standard,5,399,47.3,24,3,4,68,4,Credit Card,0,0,1,Yes,9.4,9.1,8,0
NET14451,26,Standard,20,379,33.8,20,4,4,49,3,Net Banking,0,2,2,No,7.7,9.7,24,0
NET14452,41,Basic,14,199,16.3,10,0,1,39,2,Credit Card,1,0,0,No,8.5,7.9,14,0
NET14453,33,Standard,4,379,29.8,20,11,5,34,8,Credit Card,0,0,0,Yes,7.8,7.3,7,0
NET14454,42,Basic,3,199,9.6,6,0,1,41,2,UPI,0,0,0,Yes,4.1,5.2,8,1
NET14455,33,Premium,1,629,40.6,26,10,3,43,6,Credit Card,1,2,2,Yes,9.2,9.7,1,0
NET14456,20,Standard,3,379,22.7,17,0,1,25,4,UPI,0,1,2,No,5.7,7.9,6,0
NET14457,19,Standard,2,399,30.9,15,24,6,42,5,UPI,0,0,0,No,8.7,3.8,3,1
NET14458,17,Basic,13,199,13.8,9,4,2,50,2,Net Banking,0,0,1,No,4.5,8.5,16,0
NET14459,36,Standard,12,399,17.3,8,2,4,25,7,UPI,0,0,1,No,7.6,5.9,14,0
NET14460,41,Standard,12,399,20.1,11,5,1,69,2,Wallet,1,0,0,No,5.8,7.7,13,0
NET14461,47,Premium,14,699,18.3,10,2,1,37,2,UPI,0,0,0,No,8.8,5.1,15,0
NET14462,38,Premium,23,669,34.9,25,0,6,78,7,UPI,1,0,1,No,6.3,7.0,25,0
NET14463,41,Basic,34,219,15.8,11,1,4,56,6,Debit Card,1,1,1,No,7.7,9.0,34,0
NET14464,25,Premium,3,649,24.2,11,11,3,38,3,Net Banking,0,0,0,Yes,7.2,6.3,4,0
NET14465,20,Basic,12,199,8.6,4,1,4,42,0,Credit Card,0,1,1,Yes,5.5,9.6,12,1
NET14466,38,Premium+,1,879,39.4,28,3,1,28,4,UPI,2,0,0,No,7.9,7.3,5,0
NET14467,34,Premium+,1,919,83.8,43,1,3,25,3,UPI,0,0,0,No,7.5,8.6,4,0
NET14468,31,Standard,14,399,41.2,29,12,5,72,3,UPI,0,1,1,No,10.0,7.9,17,0
NET14469,34,Premium,9,649,52.5,26,0,3,31,4,UPI,0,1,1,No,7.6,8.4,11,0
NET14470,33,Premium,19,649,19.0,8,12,3,48,7,UPI,1,0,0,No,5.4,3.2,21,1
NET14471,42,Premium,7,649,42.7,21,8,2,47,5,Wallet,0,0,0,Yes,9.4,5.8,12,0
NET14472,42,Premium,1,649,31.4,15,2,5,48,1,UPI,1,0,1,No,7.7,8.8,4,0
NET14473,35,Premium+,28,949,56.7,30,29,4,30,3,Credit Card,0,0,1,No,5.5,5.2,32,0
NET14474,38,Standard,1,379,23.4,17,0,3,48,3,UPI,0,1,1,Yes,4.9,6.7,3,1
NET14475,35,Premium,2,649,13.4,6,8,1,40,4,UPI,0,0,0,No,5.8,7.0,6,0
NET14476,26,Premium,4,649,26.3,15,7,2,30,5,Debit Card,0,1,2,No,9.4,7.8,9,0
NET14477,37,Premium,74,629,10.1,4,17,1,39,11,Debit Card,0,0,1,No,5.9,9.2,76,0
NET14478,18,Premium,7,629,10.2,5,10,4,74,5,Credit Card,0,0,0,No,3.6,9.5,8,0
NET14479,40,Basic,9,219,11.2,7,5,3,13,7,Credit Card,1,0,1,No,6.8,7.7,14,0
NET14480,20,Standard,20,399,10.1,7,1,2,52,4,Credit Card,0,0,0,No,6.9,9.4,20,0
NET14481,33,Basic,14,199,11.1,6,4,4,59,3,UPI,1,0,0,Yes,6.0,8.9,17,0
NET14482,23,Standard,25,399,11.8,6,0,2,62,3,Net Banking,0,0,0,Yes,8.1,8.9,25,0
NET14483,35,Standard,9,449,12.3,5,4,5,69,2,Net Banking,1,0,0,No,5.6,6.8,14,0
NET14484,30,Premium+,50,949,52.4,39,1,3,20,3,Debit Card,0,1,2,Yes,7.1,7.9,53,0
NET14485,16,Premium,22,669,24.4,11,16,4,77,2,Credit Card,1,0,0,No,6.3,6.6,27,0
NET14486,34,Premium,7,699,17.0,10,3,4,19,6,Wallet,1,1,1,No,1.9,7.9,9,1
NET14487,25,Standard,6,399,21.8,12,0,4,33,3,UPI,0,0,0,No,7.7,6.4,6,1
NET14488,38,Premium,37,669,25.9,14,0,4,38,5,Credit Card,0,0,0,No,6.9,5.5,42,0
NET14489,31,Premium,16,649,30.3,18,2,2,23,5,Debit Card,0,0,0,No,5.5,7.1,21,1
NET14490,34,Premium,13,699,33.2,22,0,3,32,6,Credit Card,0,0,0,No,5.2,7.5,17,0
NET14491,22,Standard,19,399,18.4,13,3,4,47,5,UPI,0,0,1,No,7.4,3.7,24,0
NET14492,25,Standard,11,399,9.9,6,0,1,34,3,Wallet,1,0,0,Yes,6.0,6.4,13,0
NET14493,26,Premium,2,649,34.0,17,10,2,43,8,UPI,0,0,0,No,6.9,7.4,7,0
NET14494,38,Standard,5,399,26.6,13,3,1,25,3,Credit Card,0,0,1,No,6.4,7.9,6,0
NET14495,46,Premium+,11,919,37.7,19,9,1,40,3,Credit Card,0,0,0,No,4.4,8.0,11,0
NET14496,23,Premium,1,669,30.7,14,2,4,65,2,Credit Card,0,0,0,Yes,9.0,7.8,1,0
NET14497,40,Premium+,8,879,32.5,18,8,4,54,6,Credit Card,2,1,1,No,3.1,5.2,9,1
NET14498,15,Premium,19,649,26.6,13,3,2,30,4,Credit Card,0,0,0,No,3.3,6.9,22,0
NET14499,20,Premium+,2,899,12.5,6,6,4,47,5,UPI,0,2,2,No,8.6,7.5,4,0
NET14500,22,Premium,1,699,32.6,15,7,5,7,6,UPI,0,1,1,Yes,4.9,6.7,2,1
NET14501,18,Standard,25,419,16.0,8,5,4,52,5,Debit Card,0,0,0,No,6.6,8.8,30,0
NET14502,16,Standard,13,399,20.9,14,0,4,53,9,Debit Card,1,0,1,No,8.9,5.5,17,0
NET14503,34,Basic,2,199,20.4,10,2,2,55,4,Credit Card,0,0,0,No,9.3,8.2,4,0
NET14504,29,Basic,22,219,5.6,3,8,1,13,3,Wallet,0,0,0,No,6.5,7.6,23,1
NET14505,34,Basic,15,179,11.6,7,15,6,16,8,Debit Card,0,1,1,No,5.5,5.1,16,0
NET14506,37,Basic,5,199,19.6,12,6,3,27,3,UPI,0,0,0,No,2.9,8.3,5,0
NET14507,33,Premium,6,649,20.1,9,20,3,43,7,Debit Card,1,1,1,No,2.7,5.9,6,0
NET14508,36,Standard,2,449,11.0,6,1,3,27,6,UPI,1,0,0,No,8.2,3.9,2,0
NET14509,30,Standard,25,449,29.0,16,0,3,59,3,UPI,0,0,0,Yes,8.8,8.1,27,0
NET14510,20,Premium,9,669,37.5,28,2,1,66,2,Wallet,0,0,0,No,5.8,3.8,14,0
NET14511,40,Premium,11,649,31.6,20,6,5,24,4,Credit Card,0,0,0,Yes,5.3,8.9,14,0
NET14512,25,Premium+,30,949,17.9,8,2,4,58,5,Debit Card,0,1,2,No,7.9,5.7,32,0
NET14513,22,Premium,1,649,24.7,14,6,3,68,0,Wallet,0,0,0,No,8.1,5.5,1,0
NET14514,29,Standard,1,419,61.7,36,2,1,7,2,Credit Card,1,0,0,Yes,8.3,5.0,1,0
NET14515,22,Standard,2,379,19.8,14,5,5,46,2,UPI,0,0,0,No,7.2,7.6,4,0
NET14516,27,Basic,1,249,9.6,6,9,6,53,7,Credit Card,0,0,0,No,6.5,6.9,6,0
NET14517,34,Basic,15,199,13.1,9,1,1,21,7,UPI,0,1,1,No,9.2,10.0,20,0
NET14518,34,Standard,14,419,14.9,10,0,2,35,2,Credit Card,0,0,0,No,4.9,10.0,15,0
NET14519,22,Premium+,3,879,21.7,13,0,2,21,5,Debit Card,0,3,3,No,7.3,5.1,4,0
NET14520,26,Basic,2,199,6.7,4,22,3,80,7,UPI,0,1,1,Yes,8.6,7.1,2,0
NET14521,40,Basic,2,199,18.4,9,7,2,70,3,Credit Card,0,1,1,Yes,7.8,8.6,2,0
NET14522,35,Basic,42,249,18.1,9,1,3,65,1,UPI,1,0,1,No,8.2,9.0,45,0
NET14523,49,Premium,16,649,62.0,30,0,3,43,5,UPI,0,0,1,Yes,7.0,5.0,21,0
NET14524,41,Standard,12,419,19.6,12,0,2,48,5,UPI,0,0,0,Yes,7.9,8.3,13,0
NET14525,41,Standard,5,399,11.3,7,6,5,12,6,Debit Card,2,0,0,Yes,9.1,6.7,8,0
NET14526,18,Basic,7,249,20.2,11,20,1,73,1,Net Banking,0,1,1,No,7.6,10.0,7,0
NET14527,37,Standard,1,379,29.3,22,7,3,62,4,Debit Card,0,0,0,No,7.4,6.1,6,0
NET14528,30,Basic,88,199,7.0,5,5,4,50,4,UPI,0,0,0,No,6.2,3.8,88,0
NET14529,26,Standard,19,379,9.6,4,15,2,85,4,Credit Card,2,0,1,No,7.3,4.8,22,1
NET14530,32,Basic,13,219,23.6,11,4,5,57,4,Credit Card,0,0,1,Yes,7.3,9.6,16,0
NET14531,39,Premium,12,699,8.7,5,8,1,33,10,UPI,0,0,0,Yes,7.0,7.3,12,0
NET14532,35,Standard,9,379,29.5,14,16,5,48,3,Credit Card,0,0,1,No,5.4,9.0,13,0
NET14533,23,Premium,4,649,41.8,25,6,4,54,2,UPI,0,1,1,No,7.9,7.7,4,0
NET14534,37,Standard,3,379,10.3,6,4,1,100,7,Credit Card,0,0,0,No,6.8,6.1,4,0
NET14535,25,Standard,11,379,34.7,16,5,6,61,6,UPI,0,1,1,No,10.0,7.5,16,0
NET14536,32,Basic,1,249,7.2,3,8,2,26,6,Credit Card,1,0,0,No,6.1,8.0,6,0
NET14537,28,Standard,1,449,35.4,17,0,3,49,8,UPI,0,1,2,No,4.4,9.1,1,0
NET14538,29,Standard,11,399,2.2,1,2,3,39,5,UPI,0,1,1,Yes,6.7,7.6,13,1
NET14539,37,Standard,35,379,19.2,10,0,6,78,3,Net Banking,0,1,1,No,5.8,6.0,35,0
NET14540,21,Premium,34,629,41.0,20,9,2,64,3,Credit Card,0,0,1,No,6.7,5.9,38,0
NET14541,48,Premium,1,699,28.5,14,14,2,29,1,Credit Card,0,1,1,No,8.0,9.1,2,0
NET14542,15,Premium,1,649,29.6,17,3,2,28,4,UPI,0,1,2,No,5.7,6.9,1,0
NET14543,25,Basic,12,249,19.6,13,1,2,30,5,Debit Card,0,0,1,No,7.1,3.5,15,0
NET14544,34,Premium,26,649,27.2,17,0,5,28,4,Debit Card,2,0,0,Yes,7.2,9.7,27,0
NET14545,36,Basic,43,249,8.5,5,0,4,12,3,Credit Card,0,1,1,Yes,4.5,7.5,44,0
NET14546,30,Premium,27,669,29.5,16,4,4,53,5,UPI,0,0,0,No,8.2,6.5,31,0
NET14547,30,Standard,15,379,19.3,12,2,1,59,5,Net Banking,0,1,2,No,5.1,9.3,20,0
NET14548,34,Basic,3,199,20.9,14,19,2,51,5,Net Banking,1,0,0,Yes,9.9,8.6,6,0
NET14549,28,Premium,1,669,36.7,27,10,5,58,3,Debit Card,0,1,1,No,2.6,10.0,3,0
NET14550,43,Premium,1,649,39.0,26,3,6,42,2,Credit Card,0,0,0,No,7.6,5.7,1,0
NET14551,38,Standard,13,399,47.2,26,1,5,26,4,Debit Card,0,0,0,Yes,9.3,9.9,15,0
NET14552,38,Basic,1,199,10.4,7,2,2,37,5,Net Banking,0,1,1,No,6.2,9.1,6,0
NET14553,22,Standard,18,379,28.4,21,0,2,83,8,Debit Card,0,2,2,Yes,6.4,6.2,21,0
NET14554,30,Premium+,17,919,14.8,10,5,3,64,10,Net Banking,1,0,1,No,9.3,10.0,18,0
NET14555,28,Standard,1,419,17.1,7,12,3,36,4,UPI,0,0,0,No,8.1,7.5,5,0
NET14556,21,Premium+,33,899,21.7,16,3,2,11,5,Debit Card,1,0,1,Yes,8.9,7.7,37,1
NET14557,34,Basic,10,179,14.7,8,3,4,80,6,Credit Card,1,0,0,No,7.5,5.2,11,0
NET14558,26,Standard,32,399,31.9,16,16,4,45,6,Credit Card,0,1,1,No,6.4,8.4,36,0
NET14559,36,Premium,32,669,49.3,32,2,4,71,6,Net Banking,0,0,0,No,7.6,6.9,34,0
NET14560,21,Standard,3,399,29.5,13,0,2,46,3,UPI,0,1,1,No,5.7,7.0,8,0
NET14561,46,Basic,6,219,23.8,18,0,2,43,2,Debit Card,0,0,0,Yes,7.8,4.7,7,0
NET14562,22,Standard,2,379,13.4,6,8,3,47,5,UPI,0,1,1,No,8.4,7.8,2,0
NET14563,32,Premium,20,669,63.6,38,0,3,51,4,UPI,0,0,0,Yes,5.0,7.8,20,0
NET14564,38,Premium,9,699,35.8,21,41,2,56,2,Net Banking,1,0,0,No,9.3,7.8,12,0
NET14565,25,Premium,36,669,12.9,7,19,2,40,3,Debit Card,0,0,0,No,3.3,1.6,41,1
NET14566,38,Premium,3,699,20.3,9,11,3,51,5,UPI,0,2,2,Yes,5.7,9.5,8,0
NET14567,19,Premium,16,649,23.3,12,4,2,59,1,Credit Card,0,1,2,No,9.1,8.0,17,0
NET14568,44,Basic,63,249,23.8,11,4,5,43,4,Net Banking,0,2,3,No,6.6,8.1,68,0
NET14569,31,Standard,15,419,17.5,13,16,3,69,1,Credit Card,0,0,0,Yes,6.3,7.2,17,0
NET14570,25,Premium,1,669,11.9,5,2,1,36,6,UPI,0,0,0,No,5.0,4.4,6,0
NET14571,28,Premium+,12,919,17.1,11,4,3,68,4,Debit Card,0,4,4,Yes,6.7,6.4,13,0
NET14572,38,Basic,2,179,8.6,5,3,2,60,4,Debit Card,1,1,1,Yes,3.2,6.7,3,1
NET14573,25,Standard,1,399,14.6,10,2,1,29,4,Debit Card,1,1,2,No,5.6,6.6,3,1
NET14574,24,Standard,5,449,21.4,10,13,5,32,6,UPI,0,1,1,No,6.2,5.3,9,1
NET14575,29,Basic,4,199,17.1,9,7,5,30,6,Wallet,0,1,1,No,8.5,10.0,6,0
NET14576,20,Standard,21,449,7.4,5,17,6,48,4,Credit Card,1,1,1,Yes,8.3,8.6,22,0
NET14577,47,Premium,6,669,30.8,18,0,3,31,2,Credit Card,0,1,1,Yes,6.3,9.6,7,0
NET14578,25,Basic,18,199,15.3,9,10,6,69,4,UPI,0,0,0,Yes,9.1,8.8,19,0
NET14579,38,Premium,1,649,34.4,25,2,6,39,4,Credit Card,0,1,1,No,8.9,7.4,2,0
NET14580,32,Premium,1,699,19.5,12,5,4,26,3,Credit Card,0,0,0,No,7.6,9.3,4,0
NET14581,22,Premium+,1,949,45.7,29,7,3,56,7,Credit Card,0,1,1,Yes,9.0,5.1,5,1
NET14582,30,Basic,3,249,23.7,11,0,4,5,10,Debit Card,1,1,2,No,4.2,8.5,4,0
NET14583,38,Standard,6,449,74.2,36,2,3,20,0,Debit Card,0,0,0,No,6.9,5.2,9,0
NET14584,29,Standard,13,399,23.7,16,2,4,22,3,Net Banking,0,1,1,No,10.0,6.6,18,0
NET14585,41,Standard,59,379,28.9,13,1,2,53,4,UPI,0,0,0,No,5.9,5.6,60,0
NET14586,40,Standard,6,379,14.9,7,3,5,52,9,UPI,0,1,1,Yes,7.3,10.0,10,0
NET14587,39,Premium,1,699,8.8,5,9,2,48,3,UPI,1,0,0,No,5.5,6.3,5,0
NET14588,26,Basic,3,179,9.2,5,3,3,38,5,Debit Card,0,1,2,Yes,6.7,8.6,5,0
NET14589,21,Premium+,31,949,23.0,10,4,2,72,2,Credit Card,1,0,1,No,6.1,3.9,34,0
NET14590,25,Premium,16,699,34.0,21,1,6,52,3,UPI,0,1,2,No,7.7,6.8,21,0
NET14591,32,Premium,21,699,18.2,11,2,4,37,2,Debit Card,2,0,1,No,8.3,7.2,25,1
NET14592,35,Premium,1,649,39.8,20,17,2,40,2,UPI,0,0,0,No,10.0,8.4,1,0
NET14593,15,Standard,2,419,25.6,12,15,4,40,1,UPI,1,0,0,No,6.7,5.8,3,0
NET14594,30,Premium,1,629,41.7,26,13,2,68,1,UPI,1,0,0,Yes,7.0,9.7,5,0
NET14595,32,Standard,27,379,80.3,37,0,3,48,11,UPI,0,0,1,No,7.8,7.2,32,0
NET14596,28,Premium,3,649,65.7,42,0,5,46,4,UPI,0,1,2,No,4.7,6.7,8,0
NET14597,42,Basic,14,199,9.7,6,15,6,5,5,Credit Card,2,1,1,No,8.8,6.9,17,1
NET14598,34,Standard,10,449,11.7,7,3,3,24,9,Credit Card,1,0,0,No,8.0,10.0,13,0
NET14599,42,Standard,11,449,21.5,12,9,4,30,5,Net Banking,0,0,1,Yes,6.1,8.1,14,0
NET14600,29,Standard,3,419,12.5,5,4,4,17,1,Credit Card,0,1,3,Yes,8.2,8.9,5,0
NET14601,39,Standard,14,379,32.6,16,13,2,43,1,Credit Card,0,0,0,Yes,5.1,8.2,19,1
NET14602,45,Standard,1,399,25.7,14,0,2,49,7,Credit Card,0,0,0,No,7.0,6.6,2,0
NET14603,42,Premium,70,669,10.3,4,10,3,42,3,UPI,0,1,1,Yes,5.3,8.8,70,0
NET14604,21,Standard,1,379,15.9,11,12,3,56,7,Wallet,0,0,0,Yes,5.5,9.8,4,0
NET14605,28,Standard,1,419,25.6,16,2,2,33,1,Debit Card,1,1,2,Yes,6.5,7.5,2,0
NET14606,27,Basic,5,219,6.4,3,5,4,15,5,Credit Card,0,0,1,Yes,6.9,9.2,8,0
NET14607,35,Standard,24,449,26.3,14,0,2,37,4,Credit Card,0,2,2,No,6.7,9.3,27,0
NET14608,37,Standard,4,419,47.6,36,2,2,30,9,UPI,2,0,1,No,4.1,5.7,9,0
NET14609,23,Premium,8,699,43.0,25,2,3,33,7,Wallet,1,0,0,No,5.1,6.8,8,0
NET14610,31,Basic,1,179,6.7,5,0,1,11,6,UPI,0,0,0,Yes,7.1,8.2,2,0
NET14611,15,Basic,1,179,3.8,2,3,4,31,3,UPI,0,0,0,No,8.5,4.4,4,0
NET14612,43,Standard,13,449,11.7,6,6,3,81,2,Credit Card,2,1,1,No,7.8,7.2,18,1
NET14613,26,Standard,3,399,5.5,3,6,3,5,5,Credit Card,0,0,0,No,7.4,7.5,5,0
NET14614,31,Standard,16,419,13.6,6,3,3,29,2,Net Banking,0,0,0,No,5.2,7.6,19,0
NET14615,28,Premium,21,629,17.0,8,0,1,64,7,Credit Card,1,0,0,Yes,7.1,7.8,26,0
NET14616,41,Standard,26,419,5.8,3,0,2,51,1,Wallet,0,1,1,No,4.2,10.0,27,0
NET14617,15,Standard,2,399,11.6,7,10,2,43,7,Credit Card,0,1,2,No,8.8,8.9,6,0
NET14618,30,Premium,8,669,45.0,34,4,5,35,3,Debit Card,1,0,0,No,8.3,7.6,11,0
NET14619,30,Basic,41,199,9.0,4,8,4,51,8,Wallet,0,0,0,No,8.2,6.7,43,0
NET14620,26,Premium,20,649,46.3,30,0,3,54,2,Credit Card,0,1,2,Yes,8.3,9.0,22,0
NET14621,46,Standard,1,399,21.3,12,3,1,49,5,UPI,0,0,1,Yes,8.1,8.7,4,0
NET14622,23,Standard,9,379,29.7,17,14,3,13,3,Credit Card,0,0,1,No,5.2,7.3,10,0
NET14623,37,Premium,35,699,14.6,7,7,5,9,5,Net Banking,0,1,1,No,3.9,6.3,38,0
NET14624,34,Basic,8,249,6.1,2,8,5,31,1,Debit Card,0,0,0,Yes,5.9,6.6,10,0
NET14625,42,Premium,25,669,13.2,6,3,6,65,5,UPI,0,0,0,No,8.2,6.8,28,0
NET14626,24,Standard,9,399,22.6,11,8,5,10,4,Credit Card,1,1,1,No,9.2,9.3,11,0
NET14627,24,Premium,1,669,33.1,18,6,2,45,8,Credit Card,1,0,0,No,8.7,7.8,5,0
NET14628,40,Premium,2,649,32.4,16,0,4,47,4,Credit Card,0,3,3,Yes,5.6,8.8,5,1
NET14629,34,Premium,1,699,9.0,4,0,3,30,8,Credit Card,0,1,1,No,8.5,10.0,1,1
NET14630,17,Premium,3,649,52.5,30,1,4,38,2,Debit Card,0,0,1,No,7.7,7.0,6,0
NET14631,26,Premium,31,699,11.6,5,0,3,98,5,UPI,0,0,0,No,9.2,8.0,33,0
NET14632,34,Standard,14,449,30.6,13,5,6,18,2,UPI,0,0,0,No,10.0,7.5,15,0
NET14633,38,Standard,18,449,16.7,11,20,5,62,2,Credit Card,0,0,0,Yes,6.3,9.2,20,0
NET14634,24,Basic,13,179,26.2,12,8,2,47,4,Credit Card,0,0,1,Yes,6.8,8.1,17,0
NET14635,15,Basic,6,199,6.4,4,8,3,41,1,Net Banking,0,1,1,No,5.9,6.1,7,1
NET14636,35,Premium,3,669,23.6,11,10,5,27,7,UPI,0,1,1,Yes,10.0,10.0,3,0
NET14637,20,Basic,36,199,12.5,6,13,3,60,3,Credit Card,1,0,1,No,6.8,5.7,36,0
NET14638,15,Basic,10,219,7.3,3,2,4,73,3,Credit Card,1,0,0,Yes,5.5,6.4,14,0
NET14639,15,Premium,9,649,37.8,22,0,5,53,1,UPI,0,0,0,Yes,10.0,8.2,13,1
NET14640,38,Basic,77,199,10.5,7,8,4,49,3,Net Banking,0,0,0,Yes,7.5,8.3,81,0
NET14641,32,Standard,6,419,6.4,4,3,2,28,4,UPI,0,2,2,Yes,8.1,7.4,11,0
NET14642,28,Standard,26,399,38.3,24,17,4,14,4,UPI,0,0,1,No,5.8,6.9,30,0
NET14643,43,Standard,27,399,28.6,18,16,1,45,5,UPI,0,0,0,No,8.8,8.8,30,0
NET14644,36,Premium,3,699,27.7,12,21,4,48,0,Wallet,1,0,1,No,7.0,8.5,5,0
NET14645,45,Standard,1,399,6.1,4,8,3,48,4,UPI,1,0,0,Yes,5.2,8.8,6,1
NET14646,18,Standard,51,379,13.6,7,5,2,46,3,Debit Card,0,0,0,Yes,9.6,5.5,54,0
NET14647,30,Premium,7,649,57.2,32,8,4,58,4,Credit Card,1,0,0,No,8.6,8.9,8,0
NET14648,16,Standard,1,399,10.1,7,1,5,57,8,Credit Card,2,0,0,No,5.9,7.0,1,0
NET14649,28,Premium,9,699,13.1,8,0,3,45,3,UPI,0,0,1,No,3.2,7.7,9,0
NET14650,28,Premium,13,699,17.1,7,3,2,48,3,UPI,1,0,0,Yes,9.5,6.2,14,0
NET14651,36,Standard,20,399,18.1,8,6,1,61,5,UPI,0,0,0,Yes,5.6,7.0,20,0
NET14652,31,Standard,40,419,13.2,7,10,5,51,3,UPI,0,1,1,No,6.3,5.4,44,0
NET14653,36,Basic,34,199,14.9,10,0,2,35,4,Debit Card,2,1,2,No,10.0,6.3,38,0
NET14654,37,Premium,39,699,18.6,13,0,2,49,5,Credit Card,3,1,2,Yes,5.6,9.5,44,1
NET14655,50,Basic,1,199,14.0,7,16,3,40,4,UPI,0,1,3,No,9.3,7.9,5,0
NET14656,28,Standard,17,379,21.1,10,1,4,51,4,UPI,0,0,0,No,7.4,8.6,18,0
NET14657,22,Premium,3,669,13.9,6,6,2,78,8,Net Banking,0,0,0,No,6.1,6.7,5,0
NET14658,33,Standard,2,399,43.7,29,0,2,47,6,Credit Card,0,1,1,No,5.3,9.6,3,0
NET14659,23,Standard,22,449,40.8,21,13,6,51,5,Net Banking,0,0,0,No,8.7,6.5,24,0
NET14660,44,Premium,7,649,41.4,24,8,1,31,5,Credit Card,0,0,1,Yes,8.7,8.2,7,0
NET14661,28,Standard,34,399,14.4,10,0,5,29,0,Credit Card,0,0,1,Yes,2.8,4.8,39,1
NET14662,25,Premium,1,649,20.1,12,1,3,64,0,UPI,1,0,0,Yes,10.0,6.8,1,1
NET14663,26,Premium,22,649,31.8,19,21,5,42,8,Net Banking,1,1,1,Yes,9.0,7.8,22,0
NET14664,37,Basic,2,179,12.1,7,11,6,55,5,UPI,1,0,1,No,9.5,8.3,4,0
NET14665,29,Premium+,2,949,31.3,20,0,1,43,3,Credit Card,1,0,1,No,7.4,6.0,2,0
NET14666,25,Basic,9,199,11.8,6,2,2,54,3,Credit Card,0,0,0,No,4.7,7.1,10,0
NET14667,45,Premium+,7,899,26.2,14,2,3,62,4,Net Banking,0,1,1,No,6.7,5.5,9,0
NET14668,23,Basic,9,219,11.6,6,3,4,19,6,UPI,0,1,2,No,9.0,8.0,13,0
NET14669,31,Standard,39,379,13.3,8,1,2,5,4,Debit Card,0,0,0,Yes,5.8,6.5,41,0
NET14670,36,Basic,14,179,9.1,4,10,4,47,3,UPI,0,1,2,No,6.2,9.2,15,1
NET14671,16,Basic,4,179,36.7,27,3,4,65,2,UPI,0,1,1,No,5.7,8.1,9,0
NET14672,35,Premium,2,649,18.1,8,0,5,12,2,UPI,0,0,0,No,7.5,8.6,3,0
NET14673,21,Premium,7,649,61.1,28,0,4,49,3,Debit Card,0,0,0,No,8.1,6.1,8,0
NET14674,38,Premium,8,629,75.9,56,1,2,60,4,UPI,1,0,0,Yes,8.7,6.7,8,0
NET14675,22,Standard,12,399,26.2,13,6,1,46,5,Debit Card,0,1,1,No,6.3,6.1,17,1
NET14676,37,Standard,4,419,45.1,29,0,1,57,1,Credit Card,0,0,0,No,5.2,8.6,8,0
NET14677,40,Premium,20,649,14.7,8,4,3,59,1,Credit Card,0,0,0,Yes,5.2,6.1,25,0
NET14678,38,Standard,1,399,37.5,24,3,5,30,4,Credit Card,1,1,1,No,8.7,7.0,5,0
NET14679,33,Premium,11,649,26.4,17,1,3,74,5,Net Banking,1,0,0,No,7.2,3.4,14,0
NET14680,28,Premium,13,699,40.9,24,1,1,33,5,Credit Card,0,0,0,Yes,9.2,6.0,18,0
NET14681,25,Basic,3,199,14.3,8,21,2,63,9,Debit Card,0,0,1,No,8.0,6.7,8,0
NET14682,44,Premium,24,649,7.0,4,3,4,66,4,Credit Card,0,0,1,Yes,8.3,7.0,25,1
NET14683,24,Premium,13,629,23.1,11,6,4,28,2,Wallet,0,2,4,Yes,6.3,9.1,18,0
NET14684,21,Premium,14,699,45.6,20,1,4,46,2,Wallet,0,0,0,No,8.3,7.8,14,0
NET14685,36,Basic,9,199,20.4,14,18,6,62,5,UPI,0,0,0,No,7.8,7.0,11,0
NET14686,23,Standard,33,449,28.1,14,17,3,53,5,UPI,0,0,0,Yes,7.9,6.4,33,0
NET14687,22,Standard,16,399,13.4,7,9,2,68,3,UPI,0,0,1,Yes,3.8,7.6,17,1
NET14688,18,Standard,6,449,8.8,5,3,2,21,6,UPI,0,2,2,No,9.2,7.2,6,1
NET14689,26,Basic,3,179,39.0,20,3,1,59,2,UPI,0,0,0,No,5.2,5.6,8,0
NET14690,30,Premium,1,649,36.0,17,13,3,17,1,Debit Card,0,1,2,Yes,4.9,7.5,2,1
NET14691,33,Premium,2,629,35.7,19,12,3,59,3,UPI,0,1,1,No,5.9,6.4,7,0
NET14692,39,Standard,68,419,39.3,20,15,5,16,5,Credit Card,0,0,1,No,7.4,8.9,70,0
NET14693,35,Basic,7,249,15.1,10,1,4,5,3,Debit Card,0,0,0,No,8.6,6.8,9,0
NET14694,29,Premium+,32,949,12.6,6,6,3,73,6,Credit Card,0,0,0,No,5.3,6.8,36,0
NET14695,29,Basic,2,249,24.7,11,6,3,50,1,UPI,0,1,1,No,9.3,9.2,7,0
NET14696,35,Premium,7,649,25.5,11,2,3,50,3,Debit Card,0,0,0,Yes,7.3,8.3,10,0
NET14697,42,Premium+,45,879,61.2,36,0,4,73,4,UPI,0,0,0,Yes,8.4,8.2,45,0
NET14698,32,Premium,1,669,34.5,16,0,4,35,1,Credit Card,1,2,3,Yes,6.8,6.3,4,0
NET14699,26,Premium+,12,899,35.2,19,11,5,55,1,Credit Card,1,0,0,No,6.1,4.7,12,0
NET14700,22,Premium,35,649,19.6,13,2,3,47,6,UPI,0,1,2,No,6.2,5.1,39,0
NET14701,17,Basic,41,199,12.4,5,13,1,59,5,UPI,0,0,0,No,4.0,7.8,45,0
NET14702,36,Basic,26,219,12.7,6,2,1,45,1,Debit Card,0,0,1,Yes,4.6,9.8,28,1
NET14703,36,Standard,27,449,37.3,26,1,4,48,2,UPI,0,1,1,Yes,9.1,5.8,29,0
NET14704,36,Basic,14,249,11.1,6,2,3,72,2,UPI,0,1,1,No,5.7,10.0,19,0
NET14705,29,Premium,3,649,40.4,20,7,3,36,3,UPI,0,0,0,Yes,8.4,7.5,5,0
NET14706,43,Standard,18,449,17.0,11,5,5,39,2,UPI,0,0,0,Yes,8.5,8.5,23,0
NET14707,26,Premium,53,629,4.7,2,0,2,36,9,UPI,0,1,1,No,8.3,4.7,53,1
NET14708,39,Standard,10,449,13.8,6,23,3,8,5,Debit Card,2,1,1,No,6.7,9.2,15,0
NET14709,30,Standard,4,379,27.6,18,23,1,69,2,Credit Card,0,0,1,No,2.0,8.0,7,0
NET14710,25,Premium+,11,899,49.7,28,1,3,66,6,UPI,0,0,0,No,10.0,8.5,14,0
NET14711,36,Basic,16,199,20.6,13,4,2,44,4,UPI,1,0,0,No,10.0,2.9,18,0
NET14712,34,Premium,3,629,9.3,5,1,2,41,7,Credit Card,0,0,1,No,8.3,8.7,7,0
NET14713,34,Premium,17,699,5.0,2,29,2,42,4,Wallet,0,0,1,No,8.7,8.7,20,1
NET14714,31,Basic,12,199,7.7,3,2,2,18,2,Net Banking,1,0,0,No,6.6,5.7,16,1
NET14715,30,Standard,13,399,14.5,11,13,6,41,2,Credit Card,0,0,1,No,3.0,6.2,15,1
NET14716,52,Standard,5,379,20.9,14,3,2,75,7,UPI,0,0,0,No,6.7,7.0,5,0
NET14717,41,Premium,2,649,34.1,21,7,3,34,7,Debit Card,0,1,1,Yes,7.9,8.2,7,0
NET14718,37,Premium,13,699,13.4,8,14,2,33,5,Debit Card,0,1,1,No,3.0,8.9,14,0
NET14719,32,Standard,12,399,24.2,17,5,1,27,3,Wallet,1,0,0,No,5.0,5.9,15,0
NET14720,40,Premium,5,629,32.9,17,1,4,68,5,Wallet,1,0,0,No,6.0,9.5,10,0
NET14721,35,Basic,4,249,27.8,14,9,2,66,4,Net Banking,0,1,1,Yes,5.2,7.7,9,1
NET14722,31,Premium,5,669,48.7,31,14,4,37,5,Wallet,0,0,0,No,5.9,7.7,7,0
NET14723,28,Premium,9,629,27.3,16,0,4,49,2,UPI,0,2,2,No,6.6,9.2,11,0
NET14724,30,Premium,51,669,25.3,14,2,2,51,7,UPI,0,0,0,Yes,4.4,8.7,56,0
NET14725,15,Premium,20,649,16.2,12,29,3,66,6,UPI,0,0,0,No,4.5,6.9,23,1
NET14726,32,Standard,26,449,13.0,9,6,4,42,3,UPI,0,0,0,No,7.7,5.6,27,0
NET14727,26,Premium+,9,899,24.7,13,1,5,26,3,Net Banking,0,0,0,No,8.4,6.1,9,0
NET14728,45,Standard,10,449,8.4,4,11,4,24,5,Debit Card,0,0,1,No,8.1,5.1,13,0
NET14729,31,Premium,3,649,7.1,3,3,3,37,7,Credit Card,0,1,2,Yes,5.5,7.2,8,0
NET14730,20,Basic,17,199,10.5,4,11,4,47,9,Net Banking,0,1,1,No,6.5,7.6,17,0
NET14731,30,Premium+,7,899,25.1,12,8,4,64,6,UPI,0,0,0,No,7.7,6.7,9,0
NET14732,21,Premium,18,649,45.3,20,7,1,22,1,Debit Card,0,0,0,No,4.1,5.1,23,0
NET14733,35,Premium,7,629,25.3,13,1,3,42,1,UPI,0,0,0,No,8.4,7.1,12,0
NET14734,33,Basic,1,249,7.5,5,4,2,27,4,Credit Card,0,1,1,No,7.3,2.5,4,0
NET14735,39,Premium,2,699,35.6,25,11,3,49,1,UPI,0,0,1,No,5.3,9.0,2,0
NET14736,23,Premium,23,699,22.3,11,11,1,9,6,Wallet,2,0,0,No,5.4,7.6,27,0
NET14737,31,Premium,4,629,10.3,6,1,5,50,5,UPI,0,0,0,No,6.6,8.0,8,0
NET14738,18,Standard,4,449,23.1,13,3,3,76,3,Credit Card,0,0,1,No,5.0,6.1,8,0
NET14739,37,Standard,37,399,22.4,11,3,3,58,5,UPI,0,0,0,No,10.0,5.8,42,0
NET14740,35,Basic,15,219,18.8,11,3,2,47,5,Credit Card,0,0,1,No,4.9,3.0,15,1
NET14741,35,Standard,1,399,7.1,3,3,4,54,7,Credit Card,0,1,1,No,8.3,7.1,5,0
NET14742,31,Basic,2,249,18.5,11,0,4,62,4,UPI,0,0,1,Yes,9.1,7.5,4,0
NET14743,34,Standard,4,379,55.7,41,14,2,36,3,Wallet,0,0,0,No,3.8,2.6,9,1
NET14744,45,Basic,12,179,43.9,20,9,3,30,2,UPI,0,0,1,No,6.9,4.9,12,0
NET14745,28,Basic,19,249,31.2,17,3,1,76,2,Debit Card,0,0,0,No,7.7,5.4,21,0
NET14746,32,Basic,4,219,11.9,7,18,4,40,4,Wallet,0,1,2,Yes,5.6,7.0,5,0
NET14747,21,Premium+,28,949,54.0,25,4,3,75,1,Credit Card,0,0,1,No,6.2,9.8,28,0
NET14748,23,Standard,1,379,10.4,5,0,2,71,4,Debit Card,1,0,1,No,5.6,8.4,5,0
NET14749,31,Standard,3,399,22.7,17,3,3,51,6,Debit Card,0,0,0,No,9.3,9.1,7,1
NET14750,40,Standard,49,419,30.0,14,1,2,83,1,Wallet,1,0,0,No,7.7,7.0,54,0
NET14751,28,Premium,2,699,19.3,11,37,4,38,2,UPI,0,0,0,No,8.5,8.5,3,0
NET14752,28,Premium+,30,899,23.2,12,0,4,86,6,Debit Card,0,2,2,No,8.7,6.0,35,0
NET14753,27,Basic,17,249,9.7,6,2,4,38,3,UPI,0,0,1,Yes,6.8,7.2,20,0
NET14754,26,Standard,1,419,60.5,31,1,5,13,4,Net Banking,0,1,1,Yes,3.9,10.0,2,0
NET14755,33,Premium+,9,879,29.5,19,1,3,46,5,Net Banking,0,0,1,No,8.5,7.9,13,0
NET14756,17,Standard,10,419,30.1,21,0,5,37,1,Credit Card,1,1,1,Yes,3.0,4.9,14,0
NET14757,42,Basic,37,199,19.5,13,2,2,85,4,UPI,0,2,3,No,5.7,5.6,40,0
NET14758,25,Basic,7,249,9.6,6,13,3,56,5,Credit Card,1,0,0,Yes,5.0,4.5,8,0
NET14759,37,Basic,8,199,15.0,6,5,4,37,2,Credit Card,0,0,1,No,8.1,9.6,10,0
NET14760,19,Premium+,1,899,29.8,22,8,2,20,1,Credit Card,0,1,1,No,6.5,7.4,2,0
NET14761,37,Standard,14,419,28.8,18,2,2,25,5,UPI,0,0,0,No,8.5,8.6,16,0
NET14762,37,Premium+,3,919,78.6,44,3,3,71,6,UPI,0,0,1,Yes,8.2,5.9,7,0
NET14763,34,Premium+,1,919,27.3,18,4,4,10,5,Wallet,0,1,1,No,8.8,8.1,5,0
NET14764,22,Standard,80,399,18.5,8,2,2,47,4,Wallet,0,1,1,Yes,7.2,7.3,81,0
NET14765,33,Basic,4,179,18.2,10,6,4,32,3,Credit Card,2,0,0,Yes,7.1,9.9,8,0
NET14766,20,Basic,2,199,17.0,8,3,3,34,6,Debit Card,1,1,2,No,7.2,10.0,7,0
NET14767,28,Standard,16,379,23.3,14,1,2,46,5,UPI,0,0,0,No,5.7,7.6,21,0
NET14768,40,Standard,24,419,19.5,13,8,3,65,6,Debit Card,1,0,1,No,3.1,6.6,29,0
NET14769,38,Premium,1,649,46.4,29,0,6,56,8,Credit Card,1,0,0,Yes,8.3,7.0,4,0
NET14770,31,Standard,1,399,35.8,23,6,4,27,3,Debit Card,0,0,0,No,7.8,4.8,1,1
NET14771,22,Premium+,1,919,42.4,20,4,4,66,2,UPI,0,0,0,No,9.4,6.6,3,0
NET14772,36,Standard,1,399,42.4,32,4,5,46,5,Credit Card,0,0,0,No,5.3,4.5,5,0
NET14773,31,Premium,15,669,8.4,3,2,4,34,2,UPI,0,0,2,No,6.4,8.7,17,0
NET14774,15,Premium,12,649,58.4,35,1,2,60,2,UPI,0,0,1,No,6.9,5.9,13,0
NET14775,38,Basic,15,249,33.1,17,7,1,52,2,UPI,0,0,0,Yes,7.1,8.3,18,0
NET14776,30,Basic,9,199,8.0,3,9,3,44,8,UPI,0,0,0,No,2.7,8.4,11,0
NET14777,41,Basic,23,249,19.3,11,2,1,42,3,UPI,0,0,0,No,5.1,5.5,27,0
NET14778,21,Basic,11,179,12.7,9,0,3,57,4,Wallet,1,0,1,Yes,6.9,9.8,11,0
NET14779,15,Standard,35,399,34.6,19,0,4,67,7,UPI,0,0,0,No,6.8,6.6,40,0
NET14780,33,Standard,9,379,47.0,33,5,2,23,5,Net Banking,0,1,1,No,7.3,7.6,12,0
NET14781,33,Standard,21,399,58.7,28,1,2,40,8,Debit Card,0,0,1,No,4.5,8.2,22,0
NET14782,15,Premium+,7,949,46.7,24,3,3,17,5,Debit Card,1,0,0,Yes,7.1,8.0,11,0
NET14783,22,Basic,7,199,16.8,9,4,3,49,1,UPI,0,1,1,Yes,7.5,8.9,10,0
NET14784,55,Standard,26,379,28.9,22,7,3,42,5,UPI,2,0,0,No,7.1,8.7,30,0
NET14785,28,Basic,1,219,7.0,3,3,3,18,4,UPI,0,1,1,No,5.7,7.2,2,1
NET14786,37,Standard,11,379,36.9,26,7,5,49,5,Credit Card,0,2,2,No,4.8,7.2,12,0
NET14787,25,Standard,18,399,31.9,21,14,2,16,4,Credit Card,0,0,1,No,6.2,7.1,18,0
NET14788,15,Premium+,19,899,43.0,19,1,5,29,2,UPI,1,0,0,No,9.4,10.0,22,0
NET14789,29,Standard,12,449,11.2,8,7,4,54,3,UPI,0,1,1,Yes,6.5,6.4,12,0
NET14790,28,Basic,8,219,11.5,5,2,1,41,10,UPI,0,0,0,Yes,8.9,7.1,8,0
NET14791,27,Standard,4,379,17.5,12,0,2,45,6,UPI,0,0,0,No,6.8,8.8,4,0
NET14792,29,Basic,33,199,11.0,5,0,1,68,5,Debit Card,0,0,1,Yes,6.0,5.8,38,0
NET14793,33,Basic,6,199,21.4,10,7,2,67,7,Credit Card,0,0,1,No,8.6,5.8,8,0
NET14794,29,Premium,22,699,22.1,13,0,4,63,6,UPI,0,2,2,No,9.9,7.3,23,0
NET14795,19,Basic,1,219,8.5,5,33,4,27,4,UPI,1,1,1,No,10.0,4.6,1,1
NET14796,35,Standard,3,379,41.2,19,4,3,37,4,Credit Card,0,0,0,No,8.6,4.9,5,0
NET14797,15,Premium,5,629,69.8,51,0,3,23,0,UPI,0,0,0,Yes,4.4,7.1,7,0
NET14798,15,Standard,15,379,6.4,3,5,3,47,4,UPI,0,1,1,No,4.5,5.4,17,0
NET14799,37,Basic,5,249,6.3,3,0,3,49,7,Net Banking,0,0,0,No,7.2,9.8,5,1
NET14800,35,Premium+,1,949,18.9,9,0,2,38,2,Debit Card,0,0,0,No,8.0,6.6,3,0
NET14801,30,Standard,2,419,18.9,11,4,5,63,3,Wallet,1,1,1,No,9.5,6.7,2,0
NET14802,18,Premium,4,629,88.9,42,0,2,50,3,Net Banking,0,0,0,Yes,7.9,5.4,7,0
NET14803,24,Standard,2,379,16.6,8,0,6,47,5,UPI,0,0,0,No,5.9,4.3,3,0
NET14804,28,Standard,3,419,16.6,8,5,3,47,3,Credit Card,2,1,1,No,7.2,4.5,7,1
NET14805,16,Standard,20,419,15.8,10,3,2,75,4,UPI,1,0,1,Yes,9.0,5.8,20,0
NET14806,24,Standard,7,419,17.8,9,4,2,55,1,UPI,0,0,0,Yes,6.7,6.0,8,0
NET14807,36,Basic,7,199,15.0,7,8,4,34,5,Credit Card,0,0,0,No,5.1,7.0,7,0
NET14808,43,Standard,47,419,39.0,28,6,3,23,3,Credit Card,0,1,1,Yes,7.8,8.3,52,0
NET14809,27,Premium,8,649,54.2,35,9,3,49,6,Wallet,0,1,1,Yes,8.3,7.9,11,0
NET14810,37,Premium,36,699,37.1,17,0,3,35,5,UPI,1,0,1,Yes,8.1,6.3,37,0
NET14811,15,Basic,4,219,10.2,5,0,4,21,1,UPI,0,0,0,No,7.5,7.5,5,0
NET14812,36,Standard,7,399,34.9,19,5,1,24,5,UPI,1,0,0,No,6.7,7.6,9,0
NET14813,23,Premium,7,649,55.9,34,15,5,13,11,Debit Card,0,1,1,Yes,6.8,8.5,7,0
NET14814,33,Premium,11,649,15.6,9,8,3,67,7,UPI,0,0,0,Yes,3.6,6.8,11,0
NET14815,28,Basic,12,199,24.9,11,7,2,36,6,UPI,0,0,0,No,8.5,6.9,16,0
NET14816,42,Premium,3,649,25.3,16,2,1,31,2,UPI,1,1,1,Yes,6.4,4.3,5,1
NET14817,23,Standard,22,399,11.0,7,5,1,31,6,Debit Card,0,2,3,No,7.9,7.5,24,0
NET14818,36,Standard,9,379,33.1,18,7,3,11,2,UPI,1,1,1,Yes,4.8,6.4,13,0
NET14819,28,Standard,1,449,48.6,30,4,5,55,4,UPI,1,0,0,Yes,8.1,8.4,3,0
NET14820,29,Premium,12,629,53.8,25,1,5,74,6,UPI,0,0,2,Yes,7.1,7.7,14,0
NET14821,29,Premium+,22,899,6.0,3,6,2,50,2,Wallet,0,1,1,Yes,7.3,5.6,25,1
NET14822,23,Premium+,4,879,91.2,52,1,2,89,4,UPI,0,1,1,No,10.0,6.6,9,0
NET14823,30,Basic,1,199,21.0,11,1,2,56,4,UPI,0,0,0,Yes,8.7,10.0,2,0
NET14824,30,Premium+,23,919,6.4,4,4,6,37,5,UPI,0,0,1,No,4.6,3.8,27,1
NET14825,33,Basic,52,199,4.3,2,2,6,58,2,UPI,0,0,0,No,4.3,6.7,55,0
NET14826,31,Standard,1,379,16.6,10,0,3,45,4,Net Banking,0,1,2,No,8.0,5.6,6,0
NET14827,38,Standard,38,379,12.4,6,3,1,31,5,Debit Card,0,0,0,No,7.4,10.0,41,0
NET14828,39,Standard,6,399,27.7,13,20,2,38,6,UPI,1,0,0,Yes,9.3,7.5,9,0
NET14829,21,Premium,39,629,25.1,15,1,4,45,3,Wallet,1,2,2,No,8.1,10.0,41,0
NET14830,38,Standard,14,399,22.8,17,3,3,44,4,UPI,0,0,0,No,6.1,5.6,19,1
NET14831,20,Premium+,30,899,57.2,43,10,3,38,3,Credit Card,0,0,0,No,7.7,5.0,35,0
NET14832,36,Basic,21,249,34.0,16,17,1,77,4,Credit Card,1,0,1,No,7.0,8.9,25,0
NET14833,36,Standard,1,399,23.8,13,0,3,47,1,UPI,0,0,1,No,4.7,7.1,3,0
NET14834,15,Premium+,1,899,31.5,16,8,2,52,4,UPI,1,1,1,No,3.9,6.9,3,0
NET14835,31,Basic,10,199,14.9,8,2,3,15,9,Credit Card,0,0,1,No,7.8,7.1,13,0
NET14836,26,Premium,1,649,21.0,14,0,2,23,5,UPI,1,0,0,Yes,6.6,5.1,1,1
NET14837,24,Premium,8,649,32.9,24,8,6,57,3,Debit Card,0,0,1,No,7.6,6.8,12,0
NET14838,43,Standard,43,399,47.6,31,3,4,52,5,Credit Card,1,1,1,No,5.3,8.7,47,0
NET14839,25,Premium,4,629,44.9,20,1,5,20,5,Wallet,0,1,1,No,6.5,5.3,7,0
NET14840,23,Basic,9,199,45.3,27,7,2,55,3,Credit Card,0,0,2,No,6.5,8.0,12,0
NET14841,31,Premium,6,669,40.9,19,1,3,64,4,Credit Card,0,0,0,Yes,6.2,7.1,7,0
NET14842,37,Basic,13,199,29.6,19,5,1,45,4,Credit Card,1,1,1,No,9.8,4.8,16,0
NET14843,29,Standard,3,379,19.0,9,2,2,18,2,UPI,0,1,1,Yes,8.6,5.0,5,0
NET14844,41,Basic,4,179,8.3,6,1,1,26,7,Net Banking,0,0,1,No,7.6,8.5,7,1
NET14845,35,Standard,27,449,26.2,19,0,5,71,5,Debit Card,0,1,2,No,4.5,7.2,31,0
NET14846,15,Premium,23,699,22.5,13,1,1,15,3,Credit Card,1,0,1,No,6.1,8.0,23,0
NET14847,26,Premium+,21,899,31.5,16,16,5,61,3,Debit Card,0,0,0,No,9.1,7.2,21,0
NET14848,25,Premium,20,649,5.6,2,3,1,12,3,UPI,1,0,0,Yes,6.9,4.1,22,0
NET14849,35,Standard,8,449,18.9,14,11,3,46,1,UPI,0,1,1,Yes,6.1,7.4,8,0
NET14850,15,Premium+,18,899,24.0,10,8,2,31,3,UPI,1,0,0,No,7.0,6.1,21,0
NET14851,53,Standard,6,419,45.2,26,7,3,53,2,Credit Card,1,0,0,No,9.2,7.5,6,0
NET14852,35,Standard,1,399,17.6,8,8,2,69,2,Net Banking,0,0,0,Yes,8.7,6.7,4,0
NET14853,32,Standard,6,449,9.0,4,1,1,27,3,Credit Card,0,0,0,No,10.0,8.8,11,0
NET14854,41,Standard,2,449,13.9,9,1,1,48,4,Credit Card,1,0,0,No,6.4,7.6,3,0
NET14855,52,Premium,6,629,19.8,12,9,6,79,2,Credit Card,1,2,2,Yes,7.0,7.7,10,0
NET14856,38,Basic,4,199,13.5,7,6,6,44,3,Wallet,0,0,0,Yes,4.6,4.6,9,0
NET14857,39,Standard,12,449,19.1,13,10,3,29,4,UPI,2,0,0,No,5.1,8.4,14,0
NET14858,32,Premium,6,699,15.2,7,6,1,39,4,UPI,1,0,0,No,8.3,8.8,7,0
NET14859,29,Premium+,17,919,27.9,13,9,2,29,9,UPI,1,0,0,No,6.0,8.3,17,0
NET14860,26,Premium,10,649,10.0,4,5,4,52,3,Net Banking,0,0,0,No,9.0,10.0,12,0
NET14861,23,Standard,35,399,14.8,7,10,1,40,4,Credit Card,2,1,1,No,9.3,7.2,38,0
NET14862,24,Premium,1,669,7.7,4,2,3,72,4,Wallet,0,0,0,No,7.1,6.0,2,0
NET14863,18,Standard,16,399,11.5,5,0,2,41,7,Net Banking,0,0,0,No,3.3,5.5,20,1
NET14864,30,Standard,15,379,25.5,13,1,3,12,3,UPI,0,0,0,Yes,8.8,7.3,19,1
NET14865,15,Premium+,42,949,25.4,16,0,4,35,4,Debit Card,0,0,0,No,6.7,6.9,43,0
NET14866,32,Premium+,6,919,23.3,16,3,1,61,3,UPI,0,0,1,No,5.0,5.5,7,0
NET14867,30,Premium,5,649,18.6,12,14,4,42,5,UPI,1,2,2,No,7.1,6.8,6,0
NET14868,32,Basic,2,199,12.9,8,2,3,40,7,UPI,0,0,0,No,9.3,7.5,2,0
NET14869,26,Premium,4,629,30.8,15,4,3,30,10,Credit Card,0,0,0,No,4.5,7.7,9,0
NET14870,58,Premium+,9,879,70.0,32,3,1,43,6,Credit Card,1,1,1,No,7.1,7.4,14,0
NET14871,43,Standard,25,449,73.7,36,3,2,15,3,Credit Card,0,1,2,Yes,8.9,5.4,30,0
NET14872,19,Standard,4,449,28.7,13,1,3,74,4,Credit Card,0,0,0,Yes,4.1,5.5,8,1
NET14873,33,Premium,2,649,55.7,41,4,1,57,7,Net Banking,0,0,1,Yes,7.5,4.0,6,0
NET14874,25,Standard,4,399,37.2,27,1,6,49,8,UPI,0,0,0,No,5.3,9.2,4,0
NET14875,21,Premium+,1,879,13.6,7,3,2,26,4,Debit Card,1,0,0,Yes,8.8,7.3,3,0
NET14876,18,Standard,36,399,29.8,22,2,2,57,3,UPI,1,1,2,No,3.9,6.9,40,0
NET14877,34,Premium,28,699,47.7,22,0,2,64,3,Credit Card,0,0,1,No,8.8,5.0,30,0
NET14878,24,Premium,5,629,49.1,28,0,1,90,3,UPI,1,0,0,No,5.9,9.9,7,0
NET14879,39,Standard,3,379,6.3,2,5,1,35,5,Credit Card,1,0,0,No,4.7,8.9,5,1
NET14880,39,Premium,33,649,21.3,13,1,3,44,5,Debit Card,0,0,1,No,7.0,8.5,37,0
NET14881,43,Standard,1,399,26.3,14,0,3,62,4,Debit Card,0,0,0,No,9.2,8.0,4,0
NET14882,23,Standard,12,399,25.8,13,2,6,39,2,Credit Card,0,1,2,No,5.5,8.8,14,0
NET14883,35,Basic,34,199,13.2,8,1,1,5,7,UPI,0,1,1,No,7.9,6.4,39,0
NET14884,36,Standard,9,449,33.2,20,8,4,47,6,UPI,0,2,2,Yes,6.3,7.5,12,0
NET14885,26,Premium,1,699,16.6,9,6,4,39,4,UPI,2,1,1,Yes,7.7,5.9,1,0
NET14886,24,Premium+,3,899,46.9,28,19,2,29,5,Wallet,1,0,0,No,6.9,7.1,8,0
NET14887,45,Standard,35,379,13.7,7,3,4,38,2,UPI,0,0,0,No,5.3,6.6,38,0
NET14888,33,Standard,1,419,42.4,24,0,5,54,7,Credit Card,0,1,3,Yes,10.0,4.1,4,0
NET14889,36,Basic,7,219,10.0,5,11,3,54,8,Credit Card,0,0,0,No,5.1,9.1,8,0
NET14890,23,Premium,21,649,15.4,11,0,1,27,7,Credit Card,0,0,0,Yes,6.2,6.7,23,0
NET14891,20,Premium+,25,919,21.4,9,1,1,46,4,UPI,0,1,1,No,7.6,5.4,29,0
NET14892,25,Premium,9,669,20.7,14,5,3,41,1,Net Banking,0,0,0,Yes,4.0,7.4,10,0
NET14893,29,Premium,3,649,19.2,11,3,3,46,5,UPI,1,0,0,Yes,6.7,4.9,8,0
NET14894,21,Standard,12,379,43.1,32,7,1,41,8,UPI,1,0,0,No,5.4,6.7,15,0
NET14895,30,Basic,4,249,6.3,3,1,2,16,3,Debit Card,0,0,0,No,8.1,6.6,4,0
NET14896,15,Premium,4,649,22.6,16,5,1,60,3,Debit Card,1,0,0,No,5.8,6.0,8,0
NET14897,20,Premium,23,699,33.6,21,3,2,48,5,UPI,0,1,1,No,6.0,4.3,23,0
NET14898,37,Premium,2,649,21.6,12,5,3,70,4,UPI,0,0,0,No,9.6,9.4,5,0
NET14899,36,Premium,1,649,53.7,26,12,3,41,4,Wallet,0,0,0,No,6.2,7.3,1,0
NET14900,27,Premium,5,669,28.2,14,4,1,45,6,UPI,0,0,0,Yes,7.7,9.6,6,0
NET14901,21,Premium,9,699,18.7,13,8,6,40,7,Net Banking,1,1,1,No,9.9,8.1,9,0
NET14902,21,Premium+,17,899,41.2,24,8,4,50,0,UPI,1,0,0,No,8.4,7.1,18,0
NET14903,27,Premium+,21,919,14.5,9,6,3,62,3,Net Banking,0,0,1,No,3.7,4.3,23,0
NET14904,36,Standard,15,399,11.4,5,3,2,57,3,Wallet,1,1,2,No,8.4,10.0,19,0
NET14905,39,Basic,13,249,16.4,7,0,4,52,1,UPI,0,1,2,No,4.6,6.2,13,0
NET14906,26,Standard,15,399,24.7,17,0,1,40,7,Credit Card,0,0,0,No,5.4,6.9,16,0
NET14907,20,Premium,4,649,19.7,11,4,3,61,8,UPI,0,0,0,No,5.6,9.1,7,0
NET14908,33,Basic,6,219,4.7,2,0,1,33,2,UPI,1,0,1,No,2.9,5.1,11,1
NET14909,23,Basic,13,199,14.8,6,0,3,19,1,Net Banking,0,1,1,No,5.5,7.0,16,0
NET14910,26,Basic,1,219,11.5,5,0,2,44,2,Credit Card,0,0,0,No,7.7,7.8,2,0
NET14911,42,Premium,4,669,37.0,18,1,5,9,5,Credit Card,0,0,0,Yes,5.6,1.0,8,0
NET14912,38,Standard,7,419,14.9,9,47,3,29,2,UPI,1,3,3,No,9.7,6.4,9,1
NET14913,32,Standard,10,449,14.9,7,0,3,40,5,Net Banking,0,1,1,No,6.2,1.4,12,0
NET14914,19,Basic,9,199,33.1,20,1,4,38,2,UPI,0,0,0,No,8.6,7.2,13,0
NET14915,32,Premium,17,649,16.4,8,6,4,53,3,Wallet,0,0,0,No,8.3,6.1,22,0
NET14916,40,Standard,8,379,21.2,9,6,4,42,4,Credit Card,0,0,0,Yes,8.6,7.6,8,0
NET14917,27,Standard,32,399,12.1,6,12,2,48,6,Debit Card,1,2,2,No,8.0,6.3,33,0
NET14918,43,Premium,6,669,67.4,37,1,4,32,8,UPI,0,2,3,Yes,7.7,7.9,8,0
NET14919,42,Standard,10,399,34.7,16,1,6,54,5,UPI,0,0,0,No,8.4,4.8,14,0
NET14920,45,Standard,1,399,58.5,27,1,1,56,4,Credit Card,0,0,0,No,6.9,4.9,3,0
NET14921,33,Premium,5,649,27.6,19,10,3,46,6,Credit Card,0,0,0,No,7.6,7.8,7,0
NET14922,36,Standard,28,419,12.7,6,0,5,38,1,Debit Card,0,0,0,No,6.2,7.6,28,0
NET14923,43,Premium,5,699,21.4,11,3,2,47,7,UPI,0,0,0,Yes,7.7,6.8,7,0
NET14924,35,Basic,4,219,17.7,11,3,3,31,4,UPI,0,0,0,No,8.3,5.8,5,0
NET14925,26,Basic,10,219,14.8,10,8,3,50,5,Wallet,0,0,0,Yes,5.6,8.0,14,0
NET14926,26,Premium,1,629,21.9,14,32,4,44,4,Credit Card,0,0,2,Yes,8.9,5.4,6,0
NET14927,33,Premium,10,699,10.8,7,4,2,31,3,Wallet,0,1,1,No,7.4,5.2,15,0
NET14928,19,Basic,5,199,16.6,10,8,3,23,4,Credit Card,1,1,1,No,3.6,4.1,10,1
NET14929,29,Basic,6,249,4.1,1,11,2,65,5,Debit Card,0,0,0,No,8.0,7.6,6,0
NET14930,40,Premium,21,669,14.9,7,0,3,53,5,Credit Card,0,2,2,No,8.4,4.0,26,0
NET14931,15,Premium,15,669,34.5,22,6,2,54,5,Credit Card,0,1,1,No,8.1,7.0,15,0
NET14932,44,Standard,8,419,54.8,36,12,2,44,7,UPI,0,0,0,No,7.2,6.1,13,0
NET14933,41,Premium,12,669,24.0,14,7,3,48,5,UPI,0,0,0,No,8.9,4.1,16,0
NET14934,26,Basic,20,219,6.5,3,8,6,51,2,Net Banking,0,0,0,No,6.8,4.1,21,1
NET14935,35,Standard,19,449,12.3,8,9,2,62,3,UPI,0,1,1,No,4.7,7.1,24,0
NET14936,31,Basic,2,219,18.1,8,0,3,45,3,UPI,0,0,1,Yes,5.0,5.5,4,0
NET14937,42,Standard,5,399,6.8,4,15,4,8,5,Debit Card,0,2,2,Yes,5.8,4.9,7,0
NET14938,39,Basic,5,199,18.5,13,14,3,40,2,Net Banking,0,0,1,No,5.2,3.4,10,0
NET14939,18,Standard,2,379,42.9,22,5,4,24,1,UPI,0,0,2,No,10.0,7.2,3,0
NET14940,36,Standard,1,399,32.2,21,2,3,32,4,UPI,0,0,0,No,8.5,7.6,4,0
NET14941,29,Standard,2,399,16.1,10,2,4,35,3,Debit Card,0,0,1,No,8.1,5.4,6,0
NET14942,31,Basic,23,179,2.6,1,4,2,29,1,Debit Card,0,0,0,Yes,6.9,8.8,24,0
NET14943,24,Standard,11,449,26.1,16,2,6,5,4,Credit Card,0,0,0,No,3.6,5.8,13,0
NET14944,46,Premium,5,649,29.6,13,5,4,37,4,UPI,1,1,1,Yes,8.6,6.3,9,0
NET14945,40,Standard,13,419,19.3,13,5,4,19,8,UPI,0,1,1,No,5.2,6.2,18,0
NET14946,24,Premium,18,669,56.6,26,7,2,77,7,Credit Card,1,0,0,Yes,6.3,8.6,22,0
NET14947,18,Standard,6,449,68.1,32,0,4,35,6,UPI,0,0,0,No,8.5,6.1,8,0
NET14948,27,Standard,8,399,12.7,7,0,5,43,7,Credit Card,0,0,0,No,4.5,7.0,9,0
NET14949,34,Standard,1,399,41.1,20,15,4,59,3,UPI,0,0,0,Yes,8.9,8.6,4,0
NET14950,33,Premium+,12,899,67.2,39,2,2,29,2,UPI,0,0,1,Yes,6.5,9.5,16,0
NET14951,42,Basic,6,179,10.3,5,2,4,60,11,UPI,1,0,0,No,5.6,7.3,11,0
NET14952,38,Basic,7,249,24.2,15,0,5,46,4,Net Banking,0,1,2,Yes,6.9,8.6,11,0
NET14953,39,Premium,7,649,31.1,14,5,3,37,2,UPI,1,1,1,No,9.1,5.6,11,0
NET14954,33,Premium+,14,899,24.0,11,1,3,67,8,Net Banking,1,0,0,No,4.7,5.5,19,0
NET14955,18,Premium+,11,899,30.0,15,0,2,41,3,UPI,0,0,0,No,8.3,7.4,16,0
NET14956,29,Standard,7,399,13.6,6,8,2,56,3,Credit Card,0,1,2,No,4.4,7.2,12,0
NET14957,40,Standard,1,379,35.6,22,22,4,74,7,UPI,0,0,0,No,7.5,6.3,2,0
NET14958,30,Premium,13,629,30.4,20,8,6,41,6,Credit Card,1,0,0,No,8.4,5.8,17,0
NET14959,35,Standard,29,399,39.9,24,0,4,50,4,UPI,0,1,1,No,8.6,5.8,34,0
NET14960,28,Premium,20,669,29.3,21,2,3,41,11,UPI,0,0,1,No,4.6,4.0,22,0
NET14961,21,Premium,55,649,15.4,9,1,3,30,8,Net Banking,0,0,0,Yes,8.2,9.3,57,0
NET14962,29,Premium,2,629,25.0,13,2,2,74,3,Credit Card,1,2,2,No,7.5,7.4,7,0
NET14963,33,Standard,3,379,3.8,1,4,5,55,5,Credit Card,0,0,0,No,6.1,7.3,3,1
NET14964,25,Standard,10,379,65.3,30,1,2,54,5,Credit Card,1,1,1,Yes,8.6,7.7,14,0
NET14965,28,Premium,3,699,31.2,16,2,2,33,7,Credit Card,0,0,1,Yes,7.2,7.1,6,0
NET14966,22,Standard,1,419,10.2,4,6,1,55,0,UPI,1,1,3,No,9.6,6.4,1,0
NET14967,41,Standard,7,379,39.0,24,6,4,46,5,Net Banking,0,1,1,No,5.9,9.2,11,1
NET14968,28,Basic,4,219,11.0,5,29,5,39,2,Debit Card,1,0,2,No,6.2,7.9,8,1
NET14969,44,Basic,4,199,9.6,4,3,1,45,4,Wallet,1,1,1,Yes,7.7,4.9,9,0
NET14970,44,Standard,42,399,9.7,5,2,2,33,5,UPI,0,0,0,No,6.6,6.2,43,0
NET14971,30,Premium,3,699,10.9,6,11,3,55,6,Credit Card,1,2,2,Yes,8.0,8.1,4,1
NET14972,21,Standard,1,419,18.0,11,1,2,28,6,Credit Card,0,1,2,No,6.3,5.2,3,0
NET14973,15,Standard,1,399,33.6,21,3,2,14,4,Wallet,0,1,1,No,7.0,6.9,1,0
NET14974,17,Standard,22,449,48.8,32,5,2,49,3,Debit Card,0,0,1,No,8.1,7.0,22,0
NET14975,18,Basic,17,179,9.0,4,0,3,39,5,Credit Card,0,0,0,No,8.7,4.7,22,0
NET14976,43,Premium+,1,899,11.7,5,0,5,15,4,Debit Card,1,0,0,Yes,5.9,3.9,1,0
NET14977,32,Premium,3,649,14.2,7,3,4,49,1,UPI,2,0,1,No,5.6,8.4,8,0
NET14978,34,Basic,19,199,29.3,17,2,5,78,2,Wallet,0,0,1,Yes,7.8,6.1,21,0
NET14979,15,Premium,4,699,21.7,15,8,4,39,5,Credit Card,0,0,0,Yes,6.2,8.6,7,0
NET14980,20,Standard,55,419,9.7,5,4,2,26,5,UPI,0,1,1,Yes,4.9,5.1,58,1
NET14981,38,Premium+,10,899,55.5,28,0,3,59,3,Debit Card,0,0,0,No,7.4,4.6,15,0
NET14982,33,Standard,2,379,12.4,5,15,3,37,4,Credit Card,0,0,0,No,8.9,5.8,5,0
NET14983,29,Basic,27,199,4.6,3,11,6,43,1,UPI,1,0,0,Yes,6.3,6.6,32,1
NET14984,36,Standard,5,399,33.2,21,0,4,33,2,UPI,0,0,0,Yes,5.8,6.4,5,0
NET14985,45,Premium,4,649,63.5,29,0,5,43,4,UPI,0,0,0,No,7.2,7.7,8,0
NET14986,29,Basic,5,179,8.5,5,5,2,46,2,UPI,1,0,0,No,10.0,4.7,5,0
NET14987,31,Premium,20,649,7.9,5,1,6,39,2,UPI,0,0,0,No,7.0,7.6,25,0
NET14988,32,Basic,2,219,18.6,12,21,3,63,3,UPI,0,3,3,No,9.3,5.3,6,0
NET14989,52,Premium+,6,919,34.2,16,3,2,47,6,UPI,0,0,0,No,7.3,10.0,7,0
NET14990,15,Basic,1,249,6.2,3,7,1,58,1,UPI,0,0,0,Yes,7.5,7.0,6,0
NET14991,37,Premium+,24,949,76.0,50,1,2,58,1,UPI,0,1,1,No,7.9,4.1,29,0
NET14992,29,Standard,5,419,9.2,6,2,3,35,5,Debit Card,0,1,1,Yes,7.8,9.6,7,0
NET14993,36,Standard,3,379,22.9,16,7,4,39,3,UPI,1,1,1,Yes,8.9,10.0,6,0
NET14994,25,Premium+,12,949,32.0,18,3,4,48,5,Net Banking,1,0,0,No,5.2,5.7,12,1
NET14995,30,Premium+,17,899,39.2,20,6,4,75,4,UPI,1,0,0,No,5.3,7.3,17,0
NET14996,37,Premium,23,669,3.1,1,2,4,53,4,Net Banking,0,0,0,Yes,9.1,7.7,24,1
NET14997,59,Basic,5,199,5.7,4,35,3,39,4,Debit Card,0,0,0,No,8.6,6.4,9,1
NET14998,38,Standard,23,379,35.5,20,1,3,43,8,UPI,0,0,0,Yes,7.5,5.9,26,0
NET14999,23,Standard,8,379,25.5,17,1,5,51,4,UPI,1,1,1,No,6.2,5.0,10,0
NET15000,27,Standard,1,419,30.4,20,0,3,60,8,Debit Card,2,0,0,No,6.6,8.5,5,0
NET15001,26,Standard,26,399,19.9,9,12,5,60,2,UPI,1,0,1,No,9.9,9.8,30,0
NET15002,15,Basic,11,179,28.8,15,1,3,19,5,Net Banking,0,1,1,No,8.5,6.3,16,0
NET15003,28,Premium,12,699,22.1,13,1,6,87,2,UPI,0,0,0,No,8.9,6.5,15,0
NET15004,37,Premium,38,649,21.8,12,1,2,26,4,Net Banking,0,0,0,No,8.0,9.2,40,0
NET15005,19,Basic,11,199,17.1,11,23,2,53,5,Credit Card,0,0,1,No,8.7,7.8,14,1
NET15006,40,Standard,1,449,13.2,7,11,1,34,1,Credit Card,0,0,0,No,4.0,5.6,4,1
NET15007,35,Standard,28,399,22.1,11,8,1,50,6,Debit Card,0,1,1,No,4.8,8.9,28,0
NET15008,24,Premium,4,669,9.2,5,2,1,38,5,Credit Card,0,1,1,No,6.4,9.8,6,0
NET15009,29,Basic,9,179,44.0,26,0,2,46,5,Credit Card,0,0,0,Yes,3.4,9.0,13,0
NET15010,45,Premium,3,699,20.1,13,20,2,50,4,Debit Card,1,1,1,No,6.2,7.9,6,0
NET15011,37,Standard,4,419,24.7,15,1,2,55,2,Net Banking,1,0,0,No,8.0,7.1,5,0
NET15012,31,Standard,16,399,20.7,12,0,4,87,3,UPI,1,1,2,Yes,6.3,8.6,18,0
NET15013,28,Premium,7,649,8.4,5,2,3,33,3,Credit Card,0,1,2,No,3.4,8.4,8,1
NET15014,31,Premium,13,629,10.2,7,1,3,57,3,Net Banking,0,2,2,No,6.2,6.5,17,0
NET15015,26,Basic,24,179,23.9,16,17,2,49,1,Debit Card,0,0,0,Yes,10.0,4.1,26,0
NET15016,15,Standard,5,449,9.9,4,0,3,91,4,UPI,0,0,0,No,7.4,6.9,5,1
NET15017,49,Premium+,11,919,12.9,7,23,2,41,8,Credit Card,0,0,1,No,6.5,8.1,13,0
NET15018,32,Basic,21,199,26.5,13,5,4,41,7,Debit Card,0,1,1,No,7.1,5.7,25,0
NET15019,34,Premium,17,649,26.6,13,2,3,67,4,Debit Card,0,0,0,Yes,4.4,7.6,17,1
NET15020,30,Premium,10,669,8.1,4,12,2,29,2,UPI,0,1,1,No,7.6,10.0,14,0
NET15021,24,Premium,6,629,15.8,9,3,6,25,4,Net Banking,0,0,1,No,8.7,9.3,11,0
NET15022,29,Standard,7,419,1.6,0,4,3,54,2,UPI,0,1,1,No,3.7,7.0,9,1
NET15023,16,Standard,7,399,7.1,3,0,3,32,8,UPI,0,1,1,Yes,7.6,6.6,11,0
NET15024,51,Premium+,6,919,58.3,29,12,1,30,0,UPI,0,1,1,No,7.0,8.2,8,0
NET15025,19,Standard,16,379,25.1,11,12,2,74,6,Credit Card,0,0,1,No,7.0,6.7,16,0
NET15026,21,Basic,1,249,5.7,3,8,1,62,2,UPI,0,0,0,No,7.9,6.5,3,0
NET15027,27,Premium,47,629,18.4,11,7,2,9,3,Wallet,1,0,1,No,5.3,5.9,51,0
NET15028,42,Basic,21,199,14.2,7,1,3,40,2,UPI,0,2,2,No,8.0,8.9,25,0
NET15029,31,Premium,4,649,20.6,9,3,3,74,12,Net Banking,0,1,1,Yes,4.9,2.9,9,0
NET15030,19,Premium,1,669,18.4,12,0,3,27,6,Credit Card,0,3,3,No,6.3,4.8,6,1
NET15031,42,Premium,17,629,61.1,29,1,2,47,2,Credit Card,0,0,0,No,6.7,6.1,21,0
NET15032,37,Premium,18,629,35.6,16,1,5,60,2,Credit Card,0,0,0,Yes,8.6,5.1,19,0
NET15033,35,Basic,46,199,13.2,7,2,2,74,1,Wallet,0,1,2,Yes,5.6,7.6,47,1
NET15034,37,Standard,4,449,10.9,7,10,5,46,6,Net Banking,0,0,0,No,5.3,5.4,5,0
NET15035,52,Premium,1,629,68.0,40,7,1,55,2,Wallet,1,0,1,No,8.6,5.6,4,0
NET15036,50,Standard,34,419,45.7,31,2,1,51,2,Net Banking,0,0,0,Yes,8.2,6.9,39,0
NET15037,24,Premium+,4,899,36.3,26,9,4,23,4,UPI,1,0,0,Yes,3.9,3.1,6,1
NET15038,45,Premium,17,649,53.0,26,0,5,58,6,Credit Card,0,0,0,Yes,7.1,9.3,18,0
NET15039,34,Basic,1,219,19.6,10,4,5,48,3,Credit Card,0,0,0,No,6.3,6.1,5,0
NET15040,35,Premium,20,669,30.0,17,4,1,74,2,Credit Card,0,2,3,No,8.6,8.9,24,0
NET15041,15,Basic,1,179,17.6,11,13,4,46,5,Credit Card,0,0,0,Yes,7.6,8.5,2,0
NET15042,29,Basic,16,179,10.1,5,1,2,63,3,Credit Card,1,1,2,Yes,8.3,4.4,21,0
NET15043,23,Premium,10,649,43.0,25,0,2,40,5,Credit Card,0,1,1,No,6.0,6.3,11,0
NET15044,38,Premium,43,649,22.8,12,2,3,31,3,UPI,0,0,1,Yes,7.5,9.3,47,0
NET15045,40,Standard,1,449,27.6,19,8,3,60,1,Wallet,0,0,0,No,5.8,3.4,2,0
NET15046,15,Standard,4,399,14.7,6,0,2,36,1,Net Banking,0,0,0,No,9.3,4.8,9,0
NET15047,30,Standard,1,419,14.3,7,0,3,58,4,Credit Card,0,0,0,No,6.2,5.2,4,1
NET15048,41,Standard,29,419,17.8,9,0,3,21,2,UPI,0,1,1,No,10.0,6.5,32,0
NET15049,29,Standard,12,449,30.2,16,4,2,71,3,UPI,2,1,1,Yes,7.2,6.5,17,0
NET15050,37,Basic,10,199,8.2,5,10,2,5,4,Credit Card,0,1,2,No,8.2,9.8,13,0
NET15051,34,Premium,1,649,20.2,14,1,3,37,4,UPI,0,0,1,Yes,3.5,7.6,1,0
NET15052,34,Premium+,9,919,39.3,24,0,2,45,4,Credit Card,0,0,0,Yes,5.1,6.5,12,0
NET15053,28,Standard,7,399,18.3,10,1,3,24,10,Net Banking,1,0,0,Yes,8.3,6.6,11,0
NET15054,20,Basic,5,199,5.2,2,0,3,56,4,Credit Card,1,0,1,No,9.9,8.1,10,0
NET15055,20,Premium,20,699,11.1,7,4,4,60,10,UPI,0,0,0,No,4.1,7.2,20,0
NET15056,37,Premium,1,649,27.1,13,4,2,5,9,Credit Card,0,0,0,No,2.7,5.8,5,0
NET15057,31,Premium+,14,899,38.2,22,1,2,50,1,Debit Card,0,0,0,Yes,6.3,6.6,18,0
NET15058,29,Basic,24,199,26.1,12,11,3,11,6,UPI,0,1,3,No,5.4,8.4,29,0
NET15059,27,Basic,33,179,7.6,4,3,4,67,2,UPI,1,1,1,No,6.9,8.5,38,0
NET15060,28,Standard,19,449,15.3,11,20,1,62,4,Credit Card,0,0,1,No,5.0,6.8,20,1
NET15061,40,Premium,4,649,36.7,19,1,4,52,7,UPI,0,0,0,No,7.5,6.9,9,0
NET15062,27,Standard,12,379,21.8,12,5,1,28,2,UPI,0,0,1,No,8.1,5.7,14,0
NET15063,18,Standard,2,379,20.3,11,9,3,50,5,Net Banking,0,2,2,No,7.3,5.5,5,0
NET15064,37,Basic,1,249,14.0,6,1,1,24,5,Net Banking,0,0,1,No,5.1,5.8,6,1
NET15065,29,Standard,14,399,20.7,13,9,3,86,4,UPI,0,2,3,No,4.5,7.3,16,0
NET15066,31,Premium,26,669,42.9,32,12,4,47,3,Net Banking,0,0,0,Yes,3.4,4.3,28,1
NET15067,45,Standard,1,379,19.2,12,6,6,57,5,Debit Card,0,1,1,No,6.7,4.7,2,1
NET15068,30,Premium,1,669,31.5,21,13,3,57,4,Net Banking,0,0,0,Yes,9.5,10.0,3,1
NET15069,33,Standard,11,419,27.1,16,2,4,70,2,Debit Card,1,2,2,No,7.1,9.3,14,0
NET15070,20,Standard,3,449,22.5,15,3,4,42,4,UPI,0,0,0,No,4.6,4.8,3,0
NET15071,29,Standard,13,399,32.4,23,0,1,71,5,Net Banking,1,0,0,No,4.0,9.5,17,0
NET15072,36,Standard,3,449,29.3,14,9,3,48,7,Wallet,0,0,0,No,7.7,8.3,6,0
NET15073,17,Basic,1,179,13.9,9,0,3,60,2,Net Banking,0,0,0,No,5.0,9.0,2,0
NET15074,32,Premium,11,649,54.2,33,1,3,86,5,UPI,0,1,1,No,5.9,7.5,11,0
NET15075,31,Premium,27,649,11.1,8,5,3,62,2,UPI,0,0,1,No,8.1,5.9,28,0
NET15076,31,Standard,16,399,22.7,11,5,2,64,3,Net Banking,0,0,0,Yes,7.0,5.3,19,0
NET15077,40,Basic,23,249,20.8,12,3,2,49,3,Debit Card,0,0,0,No,8.1,7.6,27,0
NET15078,34,Premium+,4,949,37.3,17,5,3,23,2,Wallet,0,0,0,No,9.5,7.4,6,0
NET15079,44,Standard,30,419,33.7,25,2,3,35,7,Wallet,1,1,1,No,10.0,5.0,35,0
NET15080,22,Basic,6,199,43.0,29,1,3,48,2,UPI,0,0,0,No,7.3,7.9,11,0
NET15081,32,Standard,26,399,9.5,6,2,4,27,2,UPI,0,0,0,No,5.6,4.9,28,0
NET15082,31,Premium,8,649,32.9,15,1,3,68,1,Credit Card,0,2,2,No,5.8,8.7,9,0
NET15083,21,Standard,4,419,36.9,22,3,1,32,0,Debit Card,1,0,0,No,6.7,4.2,4,0
NET15084,39,Standard,4,399,3.0,2,8,4,17,3,UPI,1,0,0,Yes,5.8,5.1,9,0
NET15085,51,Standard,11,399,34.7,17,2,3,63,2,Credit Card,2,1,1,No,4.5,4.6,15,1
NET15086,30,Basic,1,199,55.7,35,2,4,57,2,Credit Card,0,0,0,No,8.2,5.9,2,0
NET15087,35,Standard,37,399,42.5,26,7,3,10,3,UPI,0,0,1,No,6.6,8.2,41,0
NET15088,31,Premium,4,669,27.5,14,14,1,50,5,UPI,0,1,1,Yes,4.4,6.1,9,0
NET15089,24,Premium,5,629,13.2,8,1,4,58,4,UPI,2,0,0,No,9.5,3.7,6,0
NET15090,15,Basic,3,179,13.3,10,7,2,50,3,UPI,0,0,0,Yes,10.0,9.1,3,0
NET15091,24,Basic,1,249,5.1,2,5,2,39,5,UPI,1,1,1,No,10.0,6.0,4,1
NET15092,18,Premium,16,629,43.8,28,4,3,40,4,UPI,0,1,1,No,6.1,7.9,18,0
NET15093,46,Premium,12,649,35.3,23,0,3,47,3,UPI,0,1,2,Yes,8.4,8.1,16,0
NET15094,29,Standard,23,449,16.7,11,2,3,45,4,UPI,1,1,1,No,8.3,9.4,27,0
NET15095,27,Standard,1,379,20.4,14,1,4,59,5,Wallet,0,0,0,No,5.6,5.5,1,0
NET15096,39,Basic,36,179,25.6,14,0,2,54,1,UPI,0,0,0,No,5.2,7.7,40,0
NET15097,20,Standard,5,449,25.8,12,1,5,13,4,UPI,0,0,0,Yes,7.3,7.9,8,0
NET15098,24,Basic,34,199,25.9,13,6,2,25,5,Debit Card,0,0,0,No,7.5,6.8,37,0
NET15099,31,Premium,1,699,25.6,13,4,4,60,7,Wallet,0,0,0,Yes,7.8,3.9,1,0
NET15100,40,Standard,19,399,51.7,31,3,2,61,6,Net Banking,0,0,0,No,7.7,9.2,20,0
NET15101,35,Premium,12,649,52.6,25,0,3,31,4,UPI,0,0,0,No,5.9,9.9,13,0
NET15102,33,Premium,6,669,29.6,17,9,2,23,4,UPI,0,0,0,No,7.2,8.8,10,0
NET15103,31,Premium,1,629,57.9,33,3,2,69,7,UPI,1,0,0,No,8.5,9.4,5,0
NET15104,34,Standard,12,379,24.8,11,6,3,69,4,Credit Card,0,1,1,No,7.8,5.9,12,0
NET15105,32,Basic,1,199,8.5,4,0,1,31,7,Net Banking,0,0,0,Yes,4.9,6.3,4,1
NET15106,21,Premium+,9,949,100.0,48,3,4,21,1,UPI,0,1,1,Yes,7.1,8.3,9,0
NET15107,31,Premium,12,669,37.9,21,4,3,25,6,UPI,0,0,0,No,6.8,6.4,13,0
NET15108,21,Premium,18,629,11.5,7,2,3,36,2,Debit Card,0,0,0,Yes,8.6,7.0,21,0
NET15109,31,Basic,66,199,10.7,4,10,2,71,2,UPI,0,1,2,No,6.6,6.1,70,0
NET15110,26,Standard,4,419,40.7,21,10,2,55,6,UPI,0,0,0,No,5.3,8.7,5,0
NET15111,53,Premium,5,649,5.5,3,1,2,55,2,Credit Card,0,0,1,No,7.7,4.8,7,1
NET15112,30,Basic,5,179,8.6,4,2,3,47,3,UPI,0,1,1,No,6.9,8.7,6,1
NET15113,18,Standard,18,449,19.6,11,5,6,52,5,Debit Card,1,0,0,No,8.0,7.2,21,0
NET15114,29,Standard,37,419,18.9,9,39,2,34,8,UPI,0,1,1,No,6.8,5.6,40,1
NET15115,35,Basic,51,199,22.2,14,9,2,75,5,UPI,0,1,1,Yes,5.8,7.5,51,0
NET15116,46,Basic,40,249,45.1,20,0,3,21,2,Credit Card,0,1,1,Yes,8.1,7.3,43,0
NET15117,25,Standard,29,399,14.2,9,7,1,53,2,Debit Card,1,0,0,No,6.1,9.0,31,0
NET15118,16,Basic,65,249,46.0,20,4,4,57,3,Credit Card,0,0,0,No,9.2,6.2,67,0
NET15119,38,Premium,6,649,44.6,23,0,1,49,3,UPI,2,0,0,Yes,9.7,8.3,9,1
NET15120,18,Basic,41,199,14.1,6,3,3,47,8,Credit Card,0,0,2,No,7.5,7.9,45,0
NET15121,27,Standard,20,399,23.4,11,2,1,21,3,Wallet,0,0,0,No,7.1,9.3,23,0
NET15122,28,Premium,2,629,26.1,13,0,4,42,6,Credit Card,0,1,1,No,6.3,5.7,6,0
NET15123,30,Standard,1,399,11.9,8,4,1,43,3,Credit Card,0,1,1,No,7.9,4.0,4,1
NET15124,37,Standard,3,449,7.4,5,17,4,24,5,UPI,0,1,1,No,4.8,5.8,4,0
NET15125,24,Premium,21,629,68.6,49,3,2,33,5,UPI,0,0,1,No,10.0,7.1,24,0
NET15126,28,Premium+,13,879,8.1,4,4,3,57,2,Debit Card,0,1,1,No,9.6,7.0,14,0
NET15127,30,Basic,3,219,18.9,11,1,4,24,6,Net Banking,1,0,0,Yes,6.5,10.0,7,0
NET15128,32,Standard,18,449,45.3,30,0,2,34,3,UPI,0,1,1,No,6.7,7.6,21,0
NET15129,31,Premium,2,699,10.6,7,6,3,39,5,Net Banking,0,0,0,Yes,8.3,7.4,6,0
NET15130,34,Standard,24,399,11.5,5,2,4,42,4,Credit Card,0,1,2,Yes,6.9,8.6,26,1
NET15131,38,Premium,22,649,10.2,6,4,2,29,3,Credit Card,0,0,0,Yes,8.0,7.7,27,0
NET15132,34,Premium+,50,899,38.5,17,9,4,67,4,Debit Card,1,0,0,Yes,5.3,8.0,50,1
NET15133,35,Premium+,2,949,22.4,16,5,2,55,5,UPI,1,0,0,No,8.7,6.6,6,0
NET15134,16,Standard,33,399,22.0,13,0,2,35,5,Debit Card,0,1,1,No,7.7,8.7,34,0
NET15135,31,Basic,5,249,34.9,20,25,5,45,4,Net Banking,0,0,0,No,7.3,4.9,5,0
NET15136,35,Premium+,7,879,37.5,25,0,4,51,3,UPI,0,0,0,No,7.6,8.5,12,0
NET15137,37,Standard,8,399,30.7,17,23,3,39,1,Credit Card,0,2,2,No,4.1,7.5,11,1
NET15138,24,Basic,13,199,10.0,7,4,3,29,4,UPI,0,0,0,Yes,6.9,6.6,14,0
NET15139,25,Premium,73,699,40.4,31,10,3,40,1,Debit Card,0,0,1,No,8.1,7.9,73,0
NET15140,25,Standard,12,449,37.8,19,0,4,39,3,UPI,0,0,0,Yes,5.5,5.8,12,0
NET15141,35,Standard,36,399,38.0,18,11,6,49,2,Credit Card,0,0,1,Yes,6.9,10.0,40,0
NET15142,40,Premium,4,649,7.7,4,0,2,61,7,UPI,0,1,1,Yes,5.2,9.4,7,0
NET15143,27,Basic,7,219,15.4,10,13,3,34,5,Credit Card,1,0,2,Yes,6.7,5.5,10,0
NET15144,39,Basic,9,249,9.1,5,3,4,19,3,UPI,0,0,0,No,5.3,5.3,12,0
NET15145,32,Standard,5,419,91.9,49,3,3,40,3,UPI,0,0,0,No,6.3,5.9,9,0
NET15146,29,Premium,52,629,18.9,14,1,4,42,3,UPI,0,1,2,Yes,7.3,6.0,56,0
NET15147,29,Basic,18,179,7.3,5,7,2,44,5,UPI,0,1,1,No,7.2,9.3,21,0
NET15148,37,Standard,9,419,27.8,12,8,2,27,6,UPI,0,1,1,No,4.5,6.1,9,0
NET15149,33,Premium,19,629,66.5,34,1,1,34,5,UPI,0,1,1,No,9.6,7.0,24,0
NET15150,51,Premium,8,669,67.5,35,3,2,16,5,UPI,0,0,1,Yes,8.2,5.9,11,0
NET15151,23,Basic,1,199,14.9,10,6,3,69,10,UPI,0,1,1,No,4.4,8.0,5,0
NET15152,35,Premium,10,649,30.8,20,2,2,28,3,UPI,0,0,0,Yes,7.4,6.7,13,0
NET15153,26,Basic,13,179,5.5,3,15,6,67,7,UPI,0,0,1,No,3.9,6.7,17,0
NET15154,23,Premium,55,669,77.4,52,0,6,73,7,Net Banking,0,2,2,Yes,6.5,4.6,58,0
NET15155,30,Standard,1,419,17.0,8,7,2,61,1,Wallet,0,1,2,Yes,10.0,5.1,6,0
NET15156,32,Basic,10,219,31.5,17,7,3,52,0,UPI,0,3,3,No,9.4,4.2,10,0
NET15157,57,Premium,1,629,30.9,20,0,2,49,6,Credit Card,0,0,0,Yes,6.7,7.4,1,0
NET15158,29,Basic,2,219,6.1,3,3,4,30,2,Net Banking,0,0,0,Yes,7.6,4.2,6,1
NET15159,20,Basic,13,249,5.9,3,5,2,32,5,Debit Card,0,1,1,No,6.0,6.4,17,0
NET15160,33,Standard,3,419,27.2,18,1,5,41,1,UPI,0,0,1,No,8.4,6.5,4,0
NET15161,15,Premium,19,699,27.9,13,0,3,84,5,Debit Card,0,0,0,No,8.4,9.4,21,0
NET15162,30,Basic,10,199,7.3,4,4,2,59,3,Wallet,0,0,0,No,10.0,5.8,11,0
NET15163,31,Basic,3,249,28.0,14,0,2,71,4,Credit Card,0,0,0,No,9.1,7.8,7,0
NET15164,38,Basic,9,199,22.8,13,9,2,49,4,Debit Card,0,0,0,Yes,4.2,9.7,14,1
NET15165,39,Standard,1,379,12.4,6,11,4,78,1,Credit Card,2,1,2,No,6.4,7.0,5,1
NET15166,26,Standard,27,399,37.7,22,0,2,47,2,Debit Card,0,0,0,No,9.1,9.0,30,0
NET15167,29,Basic,1,199,8.5,5,7,5,51,4,UPI,1,0,0,No,10.0,5.9,2,1
NET15168,24,Basic,1,219,16.4,7,7,2,56,5,Credit Card,1,3,3,No,7.2,7.5,3,0
NET15169,20,Standard,13,399,13.6,6,0,3,51,4,UPI,1,0,1,No,7.3,8.8,14,0
NET15170,33,Premium,50,649,42.1,20,5,2,20,3,Credit Card,0,1,1,Yes,6.5,5.8,50,0
NET15171,19,Premium,27,699,26.5,16,5,4,54,4,UPI,0,0,1,No,8.4,8.3,27,0
NET15172,27,Premium,4,629,17.5,10,4,4,74,5,Wallet,2,0,0,Yes,6.5,10.0,5,0
NET15173,22,Basic,3,249,24.6,16,7,4,35,6,Credit Card,1,0,0,Yes,4.6,7.6,8,0
NET15174,35,Premium+,13,879,39.6,23,1,6,44,3,Net Banking,1,1,1,No,4.2,8.1,14,0
NET15175,47,Standard,24,449,48.7,22,1,1,59,4,Credit Card,0,1,1,Yes,6.4,7.1,29,0
NET15176,19,Premium+,6,899,55.7,30,15,1,32,3,Net Banking,0,2,2,No,7.6,7.5,10,0
NET15177,15,Standard,7,399,34.7,17,6,3,25,6,UPI,0,0,0,Yes,8.5,8.7,12,0
NET15178,29,Standard,1,399,22.6,11,3,3,74,5,Net Banking,0,0,0,No,5.3,6.6,4,0
NET15179,31,Standard,2,419,10.2,6,6,5,35,5,Credit Card,0,0,1,No,8.0,7.1,2,0
NET15180,32,Standard,11,449,6.4,4,8,4,57,4,Credit Card,0,0,0,No,6.5,6.4,13,0
NET15181,26,Premium,1,649,47.8,33,2,5,20,2,Net Banking,1,0,0,No,7.3,9.8,4,1
NET15182,29,Premium,3,699,19.4,9,4,4,43,3,UPI,1,0,0,Yes,8.2,6.2,8,0
NET15183,34,Premium+,3,919,48.0,28,0,1,58,3,UPI,0,0,0,No,9.0,8.9,4,0
NET15184,40,Premium,8,669,40.0,18,5,5,34,6,UPI,0,0,0,Yes,5.5,10.0,8,0
NET15185,15,Standard,1,419,25.7,15,6,6,60,5,UPI,0,1,1,No,3.6,7.7,2,0
NET15186,27,Basic,9,199,2.0,1,8,4,87,3,UPI,0,0,0,Yes,7.5,7.8,9,0
NET15187,32,Premium+,36,899,31.9,14,19,2,74,2,UPI,0,0,1,Yes,8.5,9.2,38,0
NET15188,22,Standard,1,399,25.9,15,1,3,52,3,Net Banking,0,1,1,No,7.9,4.6,4,0
NET15189,46,Premium,13,669,6.9,3,0,4,18,4,Net Banking,0,1,1,Yes,5.5,8.2,15,0
NET15190,25,Standard,25,399,17.4,12,17,2,76,7,Wallet,0,0,0,No,6.6,9.2,27,0
NET15191,30,Standard,5,379,17.2,10,6,3,75,2,Net Banking,0,0,1,Yes,5.9,8.6,8,0
NET15192,36,Premium+,1,879,36.7,20,4,6,75,4,Debit Card,1,2,2,No,7.8,7.9,6,0
NET15193,25,Basic,1,199,6.2,3,3,4,22,5,Credit Card,1,0,0,Yes,7.8,8.8,4,0
NET15194,15,Standard,14,399,19.1,9,3,3,25,3,Credit Card,0,0,0,No,7.2,6.5,19,0
NET15195,27,Basic,11,249,18.3,8,2,5,15,2,Credit Card,1,0,2,No,7.2,6.1,13,0
NET15196,40,Premium,3,669,40.9,20,5,4,62,2,Net Banking,1,0,0,Yes,9.3,7.3,4,0
NET15197,27,Basic,24,199,3.0,1,0,3,60,5,Debit Card,0,1,1,Yes,8.6,4.9,27,0
NET15198,23,Basic,18,199,25.7,11,4,1,57,4,UPI,0,0,1,No,7.3,8.5,20,0
NET15199,39,Standard,4,449,16.6,7,0,4,61,2,Net Banking,1,0,0,Yes,6.8,8.3,6,0
NET15200,28,Standard,19,399,31.0,16,7,3,41,3,Credit Card,0,2,2,Yes,5.5,6.2,21,0
NET15201,26,Standard,3,449,11.1,6,19,2,28,3,Credit Card,0,0,1,Yes,6.1,7.2,4,0
NET15202,32,Basic,15,179,22.8,12,1,3,37,2,Credit Card,0,0,0,No,5.5,10.0,19,0
NET15203,37,Premium+,1,949,110.2,56,0,4,58,2,Credit Card,0,1,1,Yes,6.2,5.4,5,0
NET15204,52,Premium+,16,879,38.6,22,4,2,29,5,Wallet,0,1,1,No,4.3,7.4,19,0
NET15205,38,Standard,3,419,20.1,9,4,6,61,2,UPI,0,0,0,No,4.6,7.6,7,0
NET15206,41,Premium,11,649,42.2,21,10,6,62,3,UPI,0,0,0,No,6.1,7.4,11,0
NET15207,26,Standard,2,379,37.9,25,0,2,43,7,UPI,2,1,1,No,6.6,4.2,7,0
NET15208,21,Basic,18,199,12.4,6,4,5,27,5,UPI,0,1,1,No,4.8,6.4,21,0
NET15209,31,Standard,1,449,11.0,6,15,3,50,7,Wallet,0,0,0,No,4.9,5.9,4,0
NET15210,31,Standard,2,399,6.8,4,6,4,48,2,Debit Card,0,1,1,No,10.0,10.0,4,0
NET15211,21,Standard,2,379,21.3,12,1,4,83,6,Credit Card,0,0,0,Yes,10.0,4.1,7,0
NET15212,29,Standard,1,399,6.2,2,0,3,40,1,UPI,0,0,1,No,6.9,10.0,1,0
NET15213,34,Premium,19,699,21.7,16,3,5,61,4,UPI,0,0,0,Yes,7.1,7.3,23,0
NET15214,34,Standard,55,399,53.2,25,3,4,50,3,Credit Card,1,0,0,Yes,5.0,6.5,58,0
NET15215,35,Premium,21,649,27.3,14,0,4,54,6,UPI,0,1,1,No,6.5,7.8,26,0
NET15216,33,Basic,27,219,13.5,6,3,1,37,10,Credit Card,0,0,0,No,4.5,6.4,27,0
NET15217,26,Standard,1,449,33.7,16,6,3,18,5,UPI,0,0,0,No,9.0,8.4,2,0
NET15218,26,Standard,1,449,31.5,14,3,3,53,5,Debit Card,1,1,2,No,6.7,9.6,2,0
NET15219,20,Standard,11,419,11.0,7,1,1,58,4,Credit Card,0,0,0,No,5.9,8.4,13,1
NET15220,47,Premium,53,629,12.9,6,19,2,5,2,Credit Card,1,1,1,No,7.7,10.0,53,0
NET15221,31,Premium,15,669,17.0,11,0,5,32,5,Debit Card,0,0,0,No,4.9,7.0,18,0
NET15222,28,Standard,6,379,23.1,16,5,1,19,1,UPI,1,0,0,No,8.6,5.5,7,0
NET15223,22,Premium,2,649,23.2,12,7,1,61,2,Wallet,0,0,1,No,8.9,8.4,7,1
NET15224,57,Premium+,2,879,83.4,39,0,2,63,1,Debit Card,0,0,0,No,4.6,9.6,3,0
NET15225,21,Premium,6,649,8.3,6,2,3,41,2,Credit Card,0,0,2,No,9.8,6.4,11,1
NET15226,27,Basic,17,199,25.6,14,3,3,34,6,UPI,0,0,0,No,4.0,7.2,21,0
NET15227,34,Premium,1,669,39.1,20,6,2,43,4,UPI,0,0,0,No,9.3,3.7,5,0
NET15228,36,Basic,26,199,3.7,1,4,3,46,3,UPI,0,0,0,No,10.0,7.7,26,0
NET15229,39,Premium,39,629,66.5,37,0,2,40,4,UPI,1,0,1,No,5.7,3.4,43,0
NET15230,47,Standard,30,399,31.1,17,13,2,68,3,Credit Card,0,0,0,No,6.4,4.9,30,0
NET15231,35,Standard,34,449,31.6,18,2,6,39,1,UPI,1,0,0,No,9.4,5.9,37,0
NET15232,21,Basic,1,249,23.6,12,2,3,26,3,Credit Card,2,0,0,Yes,6.5,7.3,4,0
NET15233,28,Standard,53,379,36.7,22,9,1,30,4,UPI,0,0,0,No,6.9,5.1,56,0
NET15234,33,Premium+,6,899,57.2,36,4,2,45,7,UPI,0,1,2,No,3.1,7.4,10,0
NET15235,49,Basic,28,199,18.5,12,1,6,36,2,Net Banking,1,0,1,Yes,5.8,7.9,32,0
NET15236,18,Standard,2,379,4.7,2,14,3,54,5,UPI,0,1,1,Yes,4.8,8.1,4,1
NET15237,41,Premium+,8,899,33.3,15,9,1,19,5,Wallet,0,0,0,No,6.8,9.8,9,0
NET15238,32,Standard,1,419,32.8,21,5,4,66,6,Debit Card,0,0,0,Yes,7.5,6.9,6,0
NET15239,38,Standard,1,399,18.1,11,4,2,28,3,Debit Card,0,0,0,No,7.0,3.6,4,0
NET15240,30,Standard,40,449,15.9,8,6,2,54,2,Net Banking,0,0,0,Yes,9.0,8.3,44,0
NET15241,23,Standard,23,379,28.4,21,2,2,48,4,Net Banking,0,0,0,Yes,9.3,8.1,24,0
NET15242,37,Basic,10,249,21.3,10,7,5,14,4,UPI,0,0,0,Yes,10.0,7.6,13,0
NET15243,36,Basic,10,199,13.0,7,0,3,42,6,Net Banking,0,0,0,No,6.0,5.8,13,0
NET15244,39,Premium,19,649,36.2,17,3,5,55,3,Credit Card,0,1,1,No,3.5,7.2,24,0
NET15245,30,Premium+,5,919,27.5,14,5,3,43,10,Credit Card,0,0,0,No,6.1,8.0,6,0
NET15246,25,Basic,20,199,9.4,4,5,3,74,4,UPI,0,0,0,Yes,9.5,9.6,21,0
NET15247,16,Basic,9,199,4.7,3,0,2,70,1,Net Banking,0,0,0,No,5.2,8.0,13,1
NET15248,38,Standard,14,449,13.4,8,7,5,45,5,Net Banking,0,0,0,No,6.2,6.9,15,0
NET15249,34,Premium,46,699,11.2,7,0,5,57,5,Credit Card,0,0,1,Yes,9.0,4.5,47,0
NET15250,22,Standard,8,379,11.9,6,8,3,29,3,UPI,1,0,0,Yes,7.4,7.1,12,0
NET15251,26,Premium,7,629,17.1,12,14,3,70,6,Credit Card,0,0,0,No,7.6,8.0,10,0
NET15252,26,Basic,33,199,33.6,18,22,4,30,3,UPI,0,0,0,No,5.3,6.4,38,0
NET15253,17,Premium+,32,899,35.0,16,5,5,53,4,Credit Card,0,0,0,Yes,6.8,7.0,33,0
NET15254,23,Standard,68,379,8.3,6,7,4,55,5,UPI,0,0,1,Yes,5.3,7.7,73,1
NET15255,20,Premium,11,649,49.7,31,1,3,41,5,Credit Card,0,0,0,No,7.8,5.9,13,0
NET15256,27,Standard,5,449,29.3,19,2,1,39,6,Debit Card,1,0,0,Yes,6.0,8.8,5,0
NET15257,24,Premium,3,669,8.5,3,0,5,49,8,Credit Card,0,0,2,No,8.2,6.0,8,0
NET15258,16,Basic,1,249,21.1,9,9,2,44,3,Debit Card,0,1,2,No,7.8,5.8,2,0
NET15259,49,Basic,18,249,10.8,7,7,2,38,3,UPI,0,0,0,No,3.9,7.1,23,0
NET15260,42,Standard,3,419,16.4,11,1,1,34,3,UPI,1,0,0,Yes,7.8,7.8,4,0
NET15261,23,Premium,13,699,16.7,12,4,1,39,3,Credit Card,1,0,0,No,7.5,7.3,13,0
NET15262,33,Premium,34,629,33.9,18,7,2,46,5,Wallet,0,0,0,No,8.5,6.6,36,0
NET15263,34,Standard,42,449,21.4,11,6,2,61,2,Credit Card,0,1,1,No,8.4,3.1,47,0
NET15264,41,Standard,1,419,26.0,13,2,2,69,3,Credit Card,0,0,1,Yes,5.3,10.0,4,0
NET15265,23,Basic,5,199,21.2,13,2,2,30,6,Credit Card,0,1,1,No,6.5,9.6,7,0
NET15266,40,Premium,25,649,16.2,10,1,3,54,5,Debit Card,0,0,1,Yes,6.6,8.2,25,0
NET15267,26,Premium,10,649,32.4,23,0,4,51,4,Credit Card,2,0,1,No,5.3,6.5,15,0
NET15268,18,Premium,23,669,30.8,16,3,2,32,4,Debit Card,0,0,1,Yes,7.3,2.4,24,0
NET15269,37,Standard,26,419,22.1,14,3,6,66,3,UPI,0,0,0,No,3.8,5.8,29,0
NET15270,42,Premium+,8,879,36.2,26,18,3,39,4,Net Banking,0,0,0,Yes,7.4,8.8,10,0
NET15271,54,Premium,6,669,48.3,29,4,4,55,2,Wallet,0,1,1,No,4.4,10.0,8,0
NET15272,20,Premium,8,649,45.5,31,1,3,47,4,UPI,0,0,0,Yes,4.8,8.9,11,0
NET15273,37,Standard,14,419,31.6,17,1,3,61,2,Credit Card,1,0,0,Yes,2.1,8.2,16,0
NET15274,27,Premium,6,649,9.2,6,2,3,49,2,UPI,0,2,2,No,6.6,4.2,6,1
NET15275,38,Standard,20,449,36.8,16,15,2,38,0,Wallet,0,1,1,No,4.5,8.4,23,0
NET15276,17,Standard,32,379,22.7,14,9,4,79,6,Debit Card,0,1,1,No,7.5,5.4,32,0
NET15277,19,Standard,4,399,7.5,4,4,1,73,5,UPI,1,0,0,Yes,5.1,6.3,7,1
NET15278,24,Standard,46,399,14.8,8,18,3,9,5,UPI,0,0,0,Yes,4.8,5.1,46,0
NET15279,31,Standard,13,399,35.4,17,1,5,53,3,Credit Card,0,0,0,No,9.8,9.0,14,0
NET15280,25,Standard,29,379,7.6,3,3,3,38,12,Credit Card,0,0,0,No,9.0,6.9,30,0
NET15281,36,Standard,1,449,8.6,5,0,4,33,1,UPI,1,0,0,No,4.6,7.9,3,0
NET15282,40,Premium,4,629,23.2,13,12,1,21,5,Net Banking,1,0,0,Yes,5.3,6.0,7,0
NET15283,36,Standard,5,379,34.6,24,1,1,65,4,UPI,0,2,2,No,5.3,6.9,10,0
NET15284,45,Basic,5,199,5.6,3,18,5,49,6,UPI,0,1,1,Yes,8.5,8.1,8,0
NET15285,34,Standard,2,419,12.9,6,4,3,8,5,Debit Card,2,0,0,Yes,6.9,8.3,2,0
NET15286,20,Premium,28,699,39.8,23,30,3,65,7,UPI,1,0,0,Yes,6.2,6.4,33,0
NET15287,43,Premium,7,629,94.7,46,1,2,38,7,Wallet,0,0,0,No,7.2,5.7,9,0
NET15288,25,Standard,46,399,44.3,24,3,1,49,1,Wallet,1,1,1,No,5.3,7.0,48,0
NET15289,39,Premium+,12,899,107.3,69,0,3,50,2,UPI,0,0,0,No,8.4,10.0,17,1
NET15290,45,Basic,2,219,11.7,6,10,2,45,4,Wallet,0,0,1,Yes,6.2,5.0,5,0
NET15291,35,Premium+,11,919,26.7,15,2,3,60,6,Net Banking,1,0,0,No,5.1,8.8,12,0
NET15292,17,Basic,70,199,12.5,5,11,2,22,2,Credit Card,1,0,0,Yes,5.4,6.5,73,0
NET15293,22,Basic,11,179,3.5,2,13,3,30,1,UPI,1,0,0,No,5.5,5.8,16,0
NET15294,42,Standard,1,399,21.7,14,2,3,34,2,Net Banking,0,0,1,No,6.0,9.0,4,1
NET15295,29,Standard,37,419,34.0,20,15,3,59,6,Credit Card,0,3,4,Yes,5.9,9.1,41,0
NET15296,31,Standard,3,419,33.6,16,1,2,26,3,Debit Card,0,1,2,No,8.1,9.2,3,0
NET15297,37,Premium,16,649,28.5,13,10,4,68,1,Wallet,0,0,1,No,8.2,3.8,16,0
NET15298,37,Premium,10,649,33.4,15,1,1,66,1,UPI,0,1,1,No,7.2,9.4,14,0
NET15299,33,Standard,5,419,20.7,10,7,3,46,5,Debit Card,0,0,1,Yes,6.8,7.3,7,0
NET15300,29,Standard,4,399,30.6,19,22,1,35,5,Credit Card,0,0,0,Yes,6.9,7.7,9,0
NET15301,28,Basic,36,199,34.5,18,0,2,29,4,Net Banking,0,0,0,No,5.2,6.8,36,0
NET15302,38,Basic,34,199,27.0,13,1,6,41,2,Credit Card,0,1,1,Yes,6.7,7.8,36,0
NET15303,35,Premium,10,669,85.7,41,0,2,33,3,Credit Card,0,0,1,Yes,9.2,9.3,11,0
NET15304,28,Basic,4,179,24.0,14,2,6,54,4,UPI,0,0,1,No,10.0,7.3,6,1
NET15305,40,Premium,1,629,17.0,9,1,2,77,7,Credit Card,0,0,0,Yes,4.8,5.8,1,0
NET15306,29,Standard,2,449,43.5,27,4,2,31,3,Net Banking,0,0,0,Yes,8.9,7.7,7,0
NET15307,23,Basic,10,199,18.2,9,9,3,10,3,Debit Card,1,1,1,No,7.7,9.3,15,0
NET15308,24,Standard,5,379,17.9,9,9,1,56,6,Credit Card,1,0,0,No,7.4,9.2,7,0
NET15309,22,Basic,1,249,18.5,10,3,5,22,9,Credit Card,0,1,1,Yes,5.5,7.7,2,0
NET15310,28,Standard,8,399,26.6,14,2,4,35,4,UPI,0,0,1,Yes,7.8,8.8,12,0
NET15311,42,Premium,19,649,25.7,12,1,2,31,4,Debit Card,0,0,1,No,7.4,5.6,19,0
NET15312,23,Standard,31,379,18.2,8,7,1,27,11,Net Banking,0,1,1,No,5.9,10.0,36,0
NET15313,32,Basic,12,179,24.3,17,0,6,65,4,Credit Card,0,1,1,No,8.3,7.4,13,0
NET15314,25,Premium,17,629,57.0,30,4,4,34,4,Wallet,0,2,2,No,8.2,10.0,20,0
NET15315,28,Basic,6,249,15.8,10,4,4,52,6,Credit Card,1,0,1,No,10.0,6.3,10,0
NET15316,17,Premium,9,649,32.0,22,0,6,40,4,UPI,0,0,1,Yes,7.8,7.2,13,0
NET15317,29,Standard,18,399,13.3,7,3,1,78,4,UPI,0,1,1,No,6.0,6.9,18,0
NET15318,29,Standard,18,379,22.5,12,1,3,5,1,Debit Card,1,0,1,Yes,8.4,8.9,19,0
NET15319,35,Premium,7,669,17.8,12,1,3,64,5,UPI,0,0,0,No,4.9,6.5,12,0
NET15320,33,Premium,10,649,53.2,30,0,2,59,3,Credit Card,0,0,0,Yes,6.0,5.4,15,0
NET15321,20,Basic,36,219,15.5,10,1,3,21,6,UPI,0,0,0,No,7.3,8.8,39,0
NET15322,40,Standard,13,449,32.3,17,6,4,35,4,Credit Card,0,1,1,No,8.2,9.2,18,0
NET15323,32,Premium,14,629,76.9,37,2,3,11,4,UPI,0,0,0,No,6.9,10.0,15,0
NET15324,32,Basic,21,199,14.4,10,1,5,30,2,Credit Card,3,1,1,No,8.6,6.4,26,0
NET15325,30,Standard,1,399,18.4,11,5,6,18,3,UPI,0,0,0,Yes,7.1,9.9,3,0
NET15326,26,Premium,10,629,35.7,23,2,2,45,5,UPI,0,0,0,No,5.4,8.4,15,0
NET15327,32,Premium,44,649,38.8,21,4,3,42,5,Credit Card,0,1,2,No,8.5,4.4,44,0
NET15328,35,Premium,6,699,14.4,6,1,2,101,3,UPI,0,1,1,No,5.4,4.5,8,0
NET15329,15,Premium,4,629,30.2,20,0,1,68,4,Wallet,0,1,1,No,10.0,5.3,9,0
NET15330,26,Premium,12,649,31.6,16,2,6,5,3,UPI,1,1,1,Yes,7.6,7.1,17,0
NET15331,28,Premium,3,649,42.5,30,1,2,33,1,Debit Card,1,0,1,No,6.6,8.4,8,1
NET15332,33,Premium,11,649,19.8,11,7,3,25,4,Debit Card,0,0,2,Yes,6.8,6.9,13,0
NET15333,41,Standard,2,419,27.5,14,7,2,55,3,Debit Card,0,0,1,Yes,5.6,7.7,7,0
NET15334,24,Standard,12,399,20.8,10,0,3,61,5,Net Banking,0,1,1,Yes,4.9,7.9,16,0
NET15335,26,Premium,12,699,39.5,20,3,1,47,4,UPI,0,0,0,No,8.0,6.9,17,0
NET15336,26,Premium,7,629,44.5,26,0,4,36,1,UPI,0,0,0,No,5.0,6.3,11,0
NET15337,23,Standard,6,399,50.3,25,7,2,15,4,UPI,0,0,0,No,4.5,8.9,8,0
NET15338,27,Standard,3,419,28.0,16,0,2,40,5,Credit Card,0,0,0,Yes,9.4,5.7,8,0
NET15339,37,Premium+,5,919,13.5,8,3,4,64,5,Net Banking,0,0,1,No,5.9,9.4,6,0
NET15340,21,Standard,9,379,26.6,16,0,5,35,4,Credit Card,1,0,0,No,9.1,9.0,9,1
NET15341,34,Basic,3,219,12.7,8,6,2,40,3,UPI,2,0,0,No,5.2,8.6,8,0
NET15342,15,Premium,21,629,20.2,10,1,3,30,3,Credit Card,2,0,0,Yes,5.4,7.4,21,0
NET15343,25,Premium+,17,949,47.5,32,3,1,61,2,UPI,0,0,0,Yes,8.5,9.4,18,0
NET15344,28,Premium,4,629,41.7,22,0,2,44,3,Debit Card,0,1,1,No,7.9,6.2,6,0
NET15345,46,Premium,1,649,76.6,40,8,4,14,11,Debit Card,0,0,0,Yes,7.5,5.5,1,0
NET15346,28,Basic,1,219,14.2,9,8,5,8,6,UPI,0,0,0,No,8.9,6.4,6,0
NET15347,15,Premium,12,669,13.5,7,1,3,68,2,Debit Card,0,0,0,No,6.5,7.9,16,0
NET15348,15,Standard,3,399,22.4,11,3,1,27,3,UPI,0,0,0,No,7.3,7.6,6,0
NET15349,31,Premium,1,649,26.1,20,4,3,93,4,UPI,1,0,0,Yes,9.3,7.2,5,0
NET15350,36,Standard,6,399,29.6,19,1,2,54,3,UPI,0,1,1,No,9.5,5.6,7,0
NET15351,34,Basic,45,179,40.7,24,0,3,86,7,UPI,0,1,1,No,5.4,7.0,48,0
NET15352,32,Standard,16,449,15.1,7,5,5,47,4,UPI,0,0,0,Yes,7.2,5.3,16,1
NET15353,41,Standard,27,419,16.8,9,10,2,18,3,Credit Card,1,0,0,No,10.0,8.8,32,0
NET15354,26,Premium,2,699,21.1,12,5,3,31,7,Net Banking,2,0,0,Yes,5.9,7.8,2,1
NET15355,39,Premium+,1,879,60.6,31,1,1,45,4,Net Banking,0,0,0,No,7.1,7.2,4,0
NET15356,16,Premium,1,629,25.0,14,5,5,56,3,Debit Card,0,0,0,Yes,4.6,9.1,1,0
NET15357,22,Premium,43,649,25.7,15,3,3,18,4,UPI,0,1,1,No,7.3,7.6,46,0
NET15358,15,Standard,4,399,11.3,5,0,2,68,6,Debit Card,0,3,4,No,5.8,7.0,6,1
NET15359,28,Premium,8,669,20.4,10,1,2,38,4,Debit Card,0,0,0,No,4.1,6.6,9,0
NET15360,30,Premium,7,669,13.7,7,2,4,45,4,Credit Card,0,0,0,Yes,8.1,10.0,12,0
NET15361,32,Premium,18,699,44.8,25,2,3,46,4,Debit Card,1,0,0,Yes,5.3,8.4,22,0
NET15362,31,Standard,5,399,46.2,28,4,1,69,5,Debit Card,1,0,1,No,6.0,9.6,8,0
NET15363,22,Premium,10,629,15.9,8,3,4,54,7,Credit Card,0,0,0,No,8.2,9.8,13,1
NET15364,29,Premium,75,649,31.7,18,6,1,65,3,UPI,0,0,1,Yes,7.9,7.1,77,0
NET15365,17,Standard,8,419,22.8,13,11,5,21,4,Debit Card,0,0,2,No,9.4,6.3,13,0
NET15366,43,Premium,11,649,8.9,5,0,4,6,5,UPI,0,0,0,Yes,6.8,7.6,16,0
NET15367,28,Premium+,9,949,51.9,25,3,3,32,7,UPI,0,0,0,No,5.7,4.6,13,0
NET15368,26,Standard,22,379,41.2,20,1,3,26,7,UPI,0,0,0,No,7.4,9.6,24,0
NET15369,45,Premium,4,629,18.6,11,14,1,51,2,Wallet,1,1,2,No,8.5,7.3,6,0
NET15370,19,Premium,2,629,52.0,33,4,2,24,5,UPI,0,0,1,No,8.5,7.7,3,0
NET15371,20,Premium,19,649,71.5,46,3,1,42,2,Credit Card,0,0,0,Yes,5.9,6.8,19,0
NET15372,21,Standard,7,419,6.4,4,6,1,61,1,Net Banking,1,0,0,Yes,7.3,9.1,12,0
NET15373,30,Premium,34,669,34.9,16,0,4,38,5,Credit Card,0,0,0,Yes,8.4,8.2,39,0
NET15374,34,Standard,14,399,36.5,23,11,6,64,4,UPI,0,0,0,Yes,6.4,4.9,18,0
NET15375,37,Basic,11,199,25.5,13,2,2,60,5,UPI,0,0,0,No,7.8,7.5,13,0
NET15376,54,Premium,1,669,15.7,11,8,5,60,6,Net Banking,0,0,0,No,6.9,5.8,1,0
NET15377,15,Premium,18,629,18.8,9,4,3,44,2,Net Banking,1,1,2,Yes,6.3,5.2,18,0
NET15378,36,Premium,16,649,43.5,30,7,3,33,5,Net Banking,1,0,0,No,9.7,4.9,16,0
NET15379,25,Basic,14,219,25.7,17,4,2,39,0,Credit Card,0,1,1,No,7.9,8.5,19,1
NET15380,25,Basic,4,199,15.0,7,15,4,55,5,Credit Card,0,0,1,No,7.9,6.9,4,0
NET15381,25,Premium+,41,949,12.7,8,4,2,13,2,Credit Card,1,1,1,No,4.4,7.4,42,0
NET15382,22,Basic,5,179,9.7,6,0,3,20,6,UPI,1,0,0,Yes,5.9,6.6,6,0
NET15383,46,Premium,2,699,24.9,13,3,6,8,7,UPI,0,0,0,No,8.4,8.5,4,0
NET15384,38,Premium,61,669,11.2,8,20,2,41,2,UPI,1,1,1,Yes,7.2,6.6,61,0
NET15385,31,Premium,19,649,26.5,13,9,2,23,9,UPI,0,0,0,No,6.8,6.0,21,0
NET15386,43,Basic,7,219,27.3,13,5,2,64,3,Net Banking,1,0,0,No,5.8,6.8,10,0
NET15387,17,Premium,38,699,41.0,26,0,1,70,2,Debit Card,0,2,2,Yes,6.6,7.5,43,0
NET15388,19,Premium,1,649,55.7,28,1,3,52,4,UPI,0,0,0,No,4.2,7.3,2,0
NET15389,15,Standard,1,419,38.8,28,7,1,67,4,Credit Card,0,0,1,No,8.0,6.5,2,0
NET15390,24,Standard,16,399,10.0,5,7,2,68,4,Debit Card,0,2,2,No,7.7,8.0,21,0
NET15391,32,Standard,2,449,11.7,5,2,2,36,6,Net Banking,0,0,0,No,7.8,7.3,6,0
NET15392,31,Basic,34,219,6.9,3,31,2,21,8,UPI,2,0,0,No,5.1,8.6,37,0
NET15393,32,Premium,25,699,41.8,25,7,6,31,3,Credit Card,0,0,0,No,10.0,9.0,26,0
NET15394,18,Premium,5,699,39.3,30,13,3,56,5,UPI,0,0,2,No,8.6,6.2,5,0
NET15395,38,Premium+,30,879,45.9,29,0,4,46,5,UPI,0,0,0,Yes,6.0,5.8,35,0
NET15396,33,Standard,1,399,34.8,20,5,4,47,6,UPI,1,0,0,Yes,3.9,9.5,1,0
NET15397,37,Premium,11,629,10.2,6,8,2,45,2,Credit Card,0,0,1,No,7.1,9.4,16,0
NET15398,15,Basic,38,249,12.1,7,9,2,51,5,UPI,0,0,0,No,4.4,7.2,38,0
NET15399,33,Premium,27,649,28.6,21,6,2,50,2,UPI,0,0,0,No,9.2,7.2,32,1
NET15400,20,Premium,6,649,65.1,36,1,1,28,6,Credit Card,1,1,2,No,7.4,7.4,8,0
NET15401,27,Premium+,2,879,12.2,7,8,5,69,3,Debit Card,0,1,1,No,8.1,9.3,3,0
NET15402,35,Premium,3,649,68.1,41,0,2,78,7,UPI,0,1,1,No,5.1,7.5,5,0
NET15403,31,Premium+,10,949,25.8,12,8,2,42,6,UPI,0,1,1,No,8.6,8.6,11,0
NET15404,23,Premium,12,669,40.6,19,2,4,59,7,UPI,0,0,0,Yes,7.9,7.0,16,0
NET15405,31,Premium,1,699,42.2,25,8,6,36,5,Credit Card,0,1,1,No,6.6,9.7,3,0
NET15406,17,Basic,7,219,36.1,26,9,3,81,2,Debit Card,0,1,1,No,7.5,6.5,8,0
NET15407,41,Premium,24,649,12.1,5,1,3,42,5,Net Banking,0,0,1,No,8.5,6.6,28,0
NET15408,29,Premium,8,649,20.4,12,7,2,54,6,UPI,0,2,3,Yes,4.9,9.7,9,1
NET15409,41,Standard,2,399,21.2,12,2,1,44,5,Net Banking,0,0,0,No,6.3,8.7,5,0
NET15410,26,Basic,43,249,17.8,12,7,4,9,5,Credit Card,0,0,0,No,9.4,9.9,48,0
NET15411,26,Premium,4,699,13.8,7,1,1,16,0,Net Banking,0,0,1,No,8.7,7.9,6,0
NET15412,24,Standard,22,399,29.0,14,0,2,29,2,Credit Card,0,0,0,No,5.2,6.3,22,0
NET15413,38,Standard,3,399,21.1,12,5,3,50,3,UPI,0,0,0,No,5.3,7.3,7,0
NET15414,24,Premium,7,649,85.3,40,0,1,43,6,UPI,0,0,0,Yes,8.8,9.9,11,0
NET15415,36,Premium+,9,949,29.6,22,13,1,45,5,Debit Card,0,0,0,No,9.5,6.2,9,0
NET15416,27,Premium,9,649,30.7,19,1,1,46,7,UPI,1,1,1,Yes,6.2,9.1,13,0
NET15417,15,Standard,10,449,45.1,30,5,4,59,0,UPI,0,1,1,No,4.4,7.6,10,1
NET15418,25,Standard,3,379,32.7,16,7,3,26,5,Credit Card,0,0,0,No,4.9,8.6,3,0
NET15419,20,Basic,10,199,15.3,10,0,2,29,7,UPI,0,0,0,No,7.8,7.5,11,0
NET15420,31,Standard,9,419,18.1,9,12,3,37,4,UPI,0,0,0,No,6.4,6.8,11,0
NET15421,20,Basic,3,199,15.8,7,7,3,48,1,UPI,0,0,0,Yes,7.9,8.5,6,0
NET15422,39,Premium+,62,949,56.2,28,8,3,45,4,UPI,0,0,0,Yes,6.8,5.7,66,0
NET15423,30,Standard,28,399,19.2,14,0,1,59,3,UPI,0,0,0,No,7.2,9.4,29,0
NET15424,29,Basic,30,199,22.8,10,2,5,35,3,Debit Card,0,0,0,No,7.9,5.7,33,0
NET15425,36,Standard,16,449,14.5,7,6,3,48,4,UPI,1,0,0,Yes,8.6,9.6,19,0
NET15426,39,Standard,2,419,33.6,16,1,3,49,3,UPI,0,0,1,Yes,6.8,7.3,6,0
NET15427,30,Standard,11,399,12.3,6,10,2,21,4,UPI,1,0,0,Yes,10.0,5.7,15,0
NET15428,24,Basic,24,179,20.3,11,3,2,72,2,UPI,0,0,2,Yes,4.1,8.4,25,0
NET15429,15,Premium+,1,899,16.6,8,9,3,44,2,UPI,1,0,0,Yes,7.0,5.1,5,1
NET15430,24,Standard,9,449,17.1,10,12,2,69,3,UPI,1,1,1,No,7.3,7.2,12,0
NET15431,25,Basic,7,199,22.8,13,3,5,60,2,UPI,0,3,4,No,8.7,7.0,11,1
NET15432,31,Basic,3,199,32.8,16,1,4,46,1,UPI,0,0,0,No,7.3,5.7,8,0
NET15433,27,Standard,6,449,20.7,10,2,6,15,4,Debit Card,0,0,1,No,5.5,6.0,11,0
NET15434,37,Basic,57,249,4.8,2,4,2,44,2,UPI,1,0,0,No,10.0,6.2,58,0
NET15435,25,Basic,17,249,24.0,17,3,4,60,3,Credit Card,0,0,1,No,5.9,8.3,18,0
NET15436,30,Standard,4,419,31.8,20,0,1,52,4,Credit Card,1,1,1,No,4.9,6.9,5,0
NET15437,41,Premium,13,629,28.7,15,0,3,20,4,UPI,0,2,2,No,7.4,10.0,17,0
NET15438,34,Basic,3,249,4.1,2,3,3,52,0,Debit Card,0,0,0,No,10.0,5.4,5,0
NET15439,30,Standard,13,419,11.7,7,3,4,28,4,UPI,1,1,2,No,7.8,6.2,14,0
NET15440,25,Standard,31,449,14.1,7,13,5,9,5,Net Banking,0,0,0,No,5.5,8.5,33,0
NET15441,25,Basic,11,249,22.8,13,1,3,36,2,UPI,0,0,0,Yes,9.5,8.1,11,1
NET15442,23,Standard,18,419,55.5,26,22,1,56,7,UPI,0,0,0,No,8.8,10.0,19,0
NET15443,26,Basic,8,179,25.1,14,21,4,21,5,UPI,1,0,1,Yes,6.0,4.9,10,0
NET15444,37,Basic,10,199,9.8,5,1,3,65,5,UPI,0,0,0,No,8.9,8.2,12,0
NET15445,29,Standard,16,399,39.6,24,0,3,39,4,Credit Card,0,0,0,Yes,9.0,7.5,19,0
NET15446,18,Basic,23,249,15.2,10,1,2,42,4,Credit Card,0,2,2,Yes,5.2,7.0,25,1
NET15447,46,Basic,15,179,37.3,28,3,4,34,4,UPI,1,0,1,Yes,3.6,6.0,18,1
NET15448,33,Standard,53,399,20.5,10,2,6,60,10,Credit Card,0,1,1,No,10.0,6.7,58,0
NET15449,18,Premium+,23,949,53.4,39,3,3,13,11,Credit Card,0,0,0,No,8.1,6.9,28,0
NET15450,27,Premium,21,649,31.6,19,7,4,66,6,Wallet,0,1,1,No,7.7,8.4,26,0
NET15451,31,Premium,26,669,26.5,12,4,1,52,3,Wallet,0,0,0,No,7.8,4.9,28,0
NET15452,46,Premium,4,629,10.9,6,2,2,83,1,Net Banking,0,1,1,Yes,5.8,6.8,6,0
NET15453,21,Premium+,7,879,41.1,19,6,2,9,5,Wallet,0,1,1,Yes,7.5,8.8,7,0
NET15454,39,Premium,11,649,44.5,32,2,3,34,4,Debit Card,0,1,1,Yes,4.4,6.5,13,0
NET15455,43,Premium,8,649,42.9,20,2,1,36,2,Credit Card,1,0,0,No,8.8,8.4,12,0
NET15456,25,Standard,26,399,32.9,15,2,3,59,3,UPI,0,0,0,No,6.5,8.2,30,0
NET15457,28,Basic,1,219,17.5,8,2,3,62,6,Net Banking,0,1,1,Yes,8.5,7.7,6,0
NET15458,21,Premium,3,649,5.9,3,7,4,44,2,UPI,0,1,1,Yes,4.4,8.8,7,1
NET15459,29,Premium+,29,949,29.3,21,1,2,36,7,Credit Card,0,0,0,No,8.8,3.7,29,0
NET15460,30,Standard,1,379,25.0,11,8,2,38,4,Debit Card,1,2,2,No,8.0,3.7,3,1
NET15461,36,Premium,3,649,35.1,24,15,2,37,4,Net Banking,1,1,1,No,7.6,3.4,3,0
NET15462,40,Standard,6,399,38.5,21,1,5,49,6,UPI,0,1,1,No,7.7,5.8,8,0
NET15463,24,Standard,19,379,24.0,14,7,3,56,5,Net Banking,1,0,0,No,6.3,4.7,22,0
NET15464,15,Standard,11,379,43.8,20,5,5,52,5,Net Banking,0,0,0,No,10.0,8.5,11,0
NET15465,30,Standard,43,399,8.5,5,2,3,42,2,Debit Card,1,2,2,No,4.2,7.9,48,0
NET15466,33,Standard,3,399,8.5,5,1,3,42,2,Net Banking,0,0,0,No,7.7,9.0,7,0
NET15467,33,Premium,28,629,45.7,24,17,2,57,3,UPI,0,1,1,Yes,7.9,8.6,32,1
NET15468,28,Premium,4,649,35.1,19,7,3,39,4,Credit Card,0,1,1,No,5.8,7.0,8,0
NET15469,32,Premium,3,699,51.5,30,6,5,65,4,Wallet,0,1,1,No,4.6,9.1,5,0
NET15470,44,Basic,9,199,27.1,15,34,2,69,1,Net Banking,1,0,0,No,7.1,7.7,11,1
NET15471,34,Premium,1,699,51.5,37,2,3,21,5,UPI,0,0,0,No,7.2,7.2,1,0
NET15472,27,Standard,6,379,54.3,25,1,4,13,6,Wallet,0,0,0,Yes,5.5,2.8,11,0
NET15473,26,Standard,6,449,18.6,12,2,4,61,4,Wallet,0,0,1,No,9.7,9.6,7,0
NET15474,29,Premium,2,649,22.4,12,1,3,63,4,Net Banking,0,2,2,No,7.8,4.9,4,0
NET15475,45,Standard,27,379,30.0,22,15,2,12,6,Wallet,0,1,1,No,5.7,4.7,28,0
NET15476,29,Basic,6,219,16.5,10,7,4,47,3,Debit Card,0,0,1,No,5.2,7.4,7,0
NET15477,30,Standard,56,449,23.0,11,5,2,55,5,UPI,0,1,1,Yes,3.9,9.1,58,0
NET15478,26,Premium,32,699,57.9,33,9,1,82,2,UPI,0,0,0,Yes,7.2,7.0,32,0
NET15479,40,Standard,3,419,30.4,15,4,1,45,4,Credit Card,0,1,1,Yes,6.7,5.6,8,0
NET15480,48,Premium,9,669,37.2,25,1,4,53,4,UPI,1,2,2,No,10.0,6.0,10,0
NET15481,35,Premium,12,629,67.7,30,0,1,20,8,UPI,0,0,0,No,7.6,7.0,12,0
NET15482,31,Premium,23,649,47.0,27,4,3,45,4,Credit Card,0,0,0,Yes,9.8,8.0,23,0
NET15483,31,Premium,30,669,17.8,9,9,2,18,5,UPI,0,0,0,Yes,7.1,10.0,35,0
NET15484,15,Standard,13,449,25.7,16,1,2,21,2,Debit Card,1,0,0,Yes,7.6,7.0,15,0
NET15485,37,Basic,1,219,11.8,7,7,4,78,3,Credit Card,0,1,1,Yes,7.3,8.0,6,0
NET15486,32,Standard,9,379,43.0,22,1,4,60,3,Debit Card,0,1,1,No,7.5,6.0,10,0
NET15487,34,Standard,30,379,48.8,30,3,6,50,7,Debit Card,1,0,0,Yes,8.5,2.9,30,0
NET15488,24,Premium,17,699,21.0,10,0,5,76,4,UPI,0,1,3,No,4.8,5.0,18,0
NET15489,27,Basic,28,249,3.1,1,4,4,54,3,UPI,0,1,2,No,9.2,8.1,28,0
NET15490,27,Standard,15,449,30.2,15,1,2,36,2,UPI,0,0,0,No,6.7,8.8,17,0
NET15491,40,Premium,1,649,11.4,5,11,2,52,7,Credit Card,2,0,0,No,8.1,7.4,1,1
NET15492,27,Premium,48,699,23.5,15,18,4,45,5,Wallet,1,1,1,No,8.9,4.8,50,0
NET15493,49,Premium,35,629,23.8,17,0,4,33,6,Debit Card,1,0,0,Yes,5.9,8.7,37,0
NET15494,34,Premium,1,629,50.3,23,4,1,76,3,UPI,2,1,2,No,5.2,5.5,2,0
NET15495,19,Premium,1,669,18.7,12,7,3,10,5,UPI,1,1,1,Yes,4.6,6.5,2,1
NET15496,29,Premium,10,699,49.1,26,0,5,37,4,UPI,2,0,0,No,8.9,7.9,15,0
NET15497,25,Standard,19,399,19.1,12,4,1,68,6,UPI,0,1,2,No,5.9,8.6,20,0
NET15498,15,Premium+,6,899,54.2,28,16,2,31,2,Credit Card,0,0,0,Yes,4.3,9.4,9,1
NET15499,45,Standard,2,419,9.3,4,4,4,76,1,UPI,0,0,0,Yes,6.6,6.0,3,1
NET15500,37,Basic,10,199,9.2,6,5,3,5,3,UPI,0,0,0,No,8.7,6.1,11,0
NET15501,35,Standard,5,449,21.3,15,2,2,31,4,Credit Card,0,0,0,No,8.4,7.6,10,0
NET15502,32,Premium,6,649,16.9,7,5,3,58,3,Debit Card,0,0,1,No,3.2,8.0,6,0
NET15503,18,Premium+,14,899,22.1,11,13,3,25,5,Debit Card,0,0,0,Yes,9.9,9.0,19,0
NET15504,26,Basic,30,199,26.6,17,2,5,47,2,Debit Card,0,0,0,No,7.2,7.3,33,0
NET15505,38,Basic,11,199,15.7,9,8,3,34,2,UPI,0,2,2,No,5.9,8.2,14,0
NET15506,21,Premium,16,649,66.5,30,1,2,75,2,Wallet,0,1,2,Yes,7.0,10.0,16,0
NET15507,15,Premium+,15,899,71.5,39,0,2,80,2,Debit Card,0,0,0,Yes,6.8,8.3,16,0
NET15508,28,Standard,11,399,20.1,11,2,1,58,2,UPI,1,1,1,No,9.4,8.5,16,0
NET15509,29,Standard,5,449,12.9,9,2,1,59,1,Debit Card,0,0,0,Yes,8.4,6.4,9,0
NET15510,32,Premium,6,629,26.7,14,3,2,66,5,Wallet,1,0,0,Yes,9.9,6.4,8,0
NET15511,37,Standard,5,379,21.2,10,0,2,49,4,Net Banking,0,0,0,No,5.4,6.0,8,0
NET15512,36,Premium,34,649,7.4,4,0,2,42,3,Credit Card,0,1,1,No,7.5,10.0,34,0
NET15513,33,Basic,24,249,26.2,13,2,3,42,3,UPI,1,0,1,No,7.6,6.6,28,0
NET15514,41,Basic,12,179,14.8,7,4,2,27,2,Credit Card,0,0,0,No,5.5,9.7,14,0
NET15515,17,Basic,34,199,4.3,2,5,3,11,3,Net Banking,0,0,2,Yes,7.4,5.6,38,0
NET15516,35,Standard,30,399,17.6,10,14,4,31,3,Debit Card,0,0,0,No,6.8,9.1,31,0
NET15517,36,Basic,36,199,10.5,4,5,5,69,7,Debit Card,0,1,1,Yes,5.7,6.2,36,0
NET15518,19,Basic,3,219,16.6,10,7,2,43,4,UPI,1,1,1,No,5.7,7.1,5,0
NET15519,17,Premium,17,669,10.2,5,3,4,68,3,Credit Card,0,1,2,No,10.0,7.8,19,0
NET15520,24,Basic,13,219,3.5,1,4,5,64,2,Credit Card,0,1,2,No,8.5,5.4,14,0
NET15521,25,Premium+,18,949,38.3,22,5,2,35,3,UPI,0,0,0,Yes,6.3,6.5,19,0
NET15522,37,Standard,4,399,22.2,11,4,3,50,4,UPI,0,0,0,No,4.5,5.8,5,0
NET15523,25,Premium,16,669,41.2,21,2,3,25,2,Debit Card,1,1,1,No,6.9,5.8,16,0
NET15524,23,Basic,7,199,35.0,16,22,2,66,4,UPI,0,0,1,No,5.1,4.4,10,1
NET15525,25,Basic,25,199,10.1,4,5,4,52,3,UPI,0,0,2,No,7.4,8.2,29,0
NET15526,41,Standard,22,419,56.9,35,2,6,60,4,Debit Card,1,0,2,No,5.1,8.7,22,0
NET15527,31,Standard,3,399,16.4,9,9,5,32,1,UPI,0,0,1,Yes,6.6,7.4,3,0
NET15528,29,Premium,2,699,13.9,6,1,3,27,3,Credit Card,1,0,0,Yes,6.8,4.5,6,0
NET15529,30,Premium,17,699,23.5,15,29,1,20,6,UPI,0,0,0,No,10.0,6.3,19,0
NET15530,42,Premium,11,699,22.7,14,9,4,43,6,Net Banking,0,2,2,No,7.5,7.6,15,0
NET15531,24,Standard,11,419,6.6,3,0,2,57,3,Net Banking,0,2,2,No,6.6,5.5,12,1
NET15532,42,Premium,19,699,55.1,39,11,3,58,3,Credit Card,0,0,1,Yes,8.2,7.3,21,0
NET15533,32,Premium,27,629,19.0,9,1,4,45,4,Credit Card,1,0,0,No,6.8,8.6,27,0
NET15534,29,Premium+,3,899,14.1,6,6,6,42,3,UPI,0,0,0,Yes,9.1,7.4,7,0
NET15535,53,Premium,11,649,18.7,9,1,3,52,5,Wallet,0,2,2,No,5.9,6.2,11,0
NET15536,21,Basic,24,179,16.4,12,7,1,78,2,Debit Card,1,0,0,Yes,5.0,8.5,29,0
NET15537,27,Standard,28,419,40.3,26,8,4,5,1,Net Banking,0,0,0,Yes,4.9,8.0,28,0
NET15538,19,Standard,4,399,37.9,27,11,4,64,3,Credit Card,0,0,0,No,6.0,8.1,8,0
NET15539,39,Premium,1,649,28.5,18,4,3,23,2,Credit Card,2,3,3,Yes,5.4,8.4,6,1
NET15540,46,Standard,3,449,6.9,3,4,2,32,4,UPI,1,1,1,Yes,10.0,8.4,8,0
NET15541,46,Premium,40,649,30.7,18,1,1,36,3,Net Banking,1,0,0,No,8.8,5.9,45,0
NET15542,42,Standard,8,399,14.5,9,4,3,72,8,UPI,0,0,1,Yes,5.2,7.8,8,0
NET15543,29,Basic,7,199,3.8,2,4,2,61,2,Debit Card,0,0,1,Yes,8.9,7.0,10,0
NET15544,27,Basic,1,219,17.7,8,9,2,46,6,UPI,0,0,0,No,9.1,10.0,4,0
NET15545,15,Standard,1,379,14.7,11,7,2,75,6,Credit Card,1,0,1,Yes,8.5,6.0,1,0
NET15546,49,Premium,15,699,58.4,30,7,1,58,6,UPI,0,0,0,No,8.4,6.7,17,0
NET15547,35,Standard,12,399,37.9,24,0,5,33,10,Debit Card,0,1,1,Yes,4.6,6.6,14,1
NET15548,26,Premium,11,629,10.6,6,4,6,36,4,Debit Card,0,1,1,No,9.0,7.0,13,1
NET15549,42,Basic,1,179,21.2,14,29,3,41,7,UPI,0,1,1,No,6.8,5.0,3,0
NET15550,22,Basic,6,199,27.3,12,8,2,72,4,UPI,0,0,1,Yes,6.5,7.4,9,0
NET15551,34,Premium,23,699,34.3,16,10,2,72,4,Debit Card,2,2,2,No,7.4,5.6,25,0
NET15552,29,Standard,2,419,28.2,15,4,2,44,2,Credit Card,0,0,0,No,8.4,8.4,6,1
NET15553,36,Premium,30,649,50.2,38,10,3,68,1,Credit Card,0,1,1,Yes,9.8,7.0,32,0
NET15554,30,Premium,1,649,44.8,20,10,2,33,2,Credit Card,0,0,0,No,7.5,2.8,5,0
NET15555,17,Premium,2,649,24.3,14,4,2,36,2,UPI,0,1,2,No,6.5,6.0,5,0
NET15556,31,Basic,9,249,24.8,14,5,2,50,4,UPI,1,1,2,Yes,9.8,7.6,13,0
NET15557,40,Standard,40,399,18.9,9,0,5,38,3,UPI,0,0,1,No,6.2,4.7,45,0
NET15558,30,Premium,5,649,28.3,15,11,4,23,5,UPI,0,0,0,No,5.1,8.3,9,0
NET15559,37,Premium,15,649,13.4,9,0,1,39,4,Debit Card,1,0,0,No,7.7,8.8,15,0
NET15560,21,Premium,12,649,21.8,15,2,1,45,4,Wallet,0,0,0,No,8.2,7.3,16,0
NET15561,30,Basic,2,199,27.6,18,8,1,71,6,UPI,0,0,0,Yes,8.8,8.9,7,0
NET15562,25,Basic,3,199,7.8,5,2,3,43,5,Net Banking,0,1,3,No,7.3,8.0,3,0
NET15563,37,Standard,37,399,24.8,12,4,3,44,6,UPI,1,0,0,Yes,8.6,9.9,42,0
NET15564,31,Premium,2,649,31.7,23,1,3,50,9,Net Banking,1,0,0,No,8.3,7.5,4,0
NET15565,37,Standard,16,379,37.4,17,2,3,49,3,Credit Card,0,1,1,No,7.6,5.9,20,0
NET15566,40,Basic,46,219,4.1,2,7,3,55,3,Debit Card,0,0,0,No,5.5,5.8,50,0
NET15567,37,Premium,1,649,52.6,25,3,6,46,2,Debit Card,0,0,2,Yes,6.0,4.7,2,0
NET15568,33,Standard,7,449,18.0,11,4,2,39,6,Credit Card,0,0,0,No,6.9,9.5,9,0
NET15569,22,Basic,3,219,10.2,5,2,4,29,6,Wallet,0,1,1,No,9.1,6.3,7,0
NET15570,30,Basic,3,179,12.4,7,16,2,67,8,UPI,2,1,2,No,5.7,8.2,7,0
NET15571,26,Standard,1,419,28.3,20,11,3,17,4,UPI,0,1,2,No,8.5,3.9,2,1
NET15572,27,Standard,14,419,19.4,9,0,6,31,2,Net Banking,1,0,0,No,4.9,6.9,14,0
NET15573,27,Standard,19,379,26.0,12,22,3,45,1,UPI,1,0,1,No,7.7,8.7,21,0
NET15574,22,Basic,15,199,8.4,5,9,1,50,7,Net Banking,0,0,0,No,6.1,5.3,16,0
NET15575,15,Basic,36,179,8.3,4,1,3,36,4,Net Banking,0,1,1,No,8.2,7.7,38,0
NET15576,24,Standard,2,449,27.4,16,0,4,12,6,UPI,0,2,2,No,6.8,3.2,4,1
NET15577,32,Premium,5,629,20.2,10,13,1,53,9,UPI,0,1,1,No,5.8,9.6,5,0
NET15578,18,Basic,5,199,28.1,14,8,3,46,4,Debit Card,0,0,0,No,5.5,8.2,5,0
NET15579,31,Standard,3,399,28.8,13,1,3,9,4,Credit Card,0,1,2,No,8.9,6.9,6,0
NET15580,48,Basic,2,219,16.1,10,18,4,30,6,UPI,0,0,0,Yes,9.1,6.2,3,0
NET15581,40,Basic,9,199,10.2,7,14,2,42,9,UPI,0,2,2,No,5.0,5.9,14,0
NET15582,45,Basic,25,199,14.3,7,1,2,62,5,Credit Card,1,0,0,Yes,6.4,7.1,26,0
NET15583,34,Basic,43,199,22.9,11,3,5,10,3,Wallet,0,1,1,Yes,10.0,7.8,45,0
NET15584,41,Premium,1,699,45.3,34,0,2,36,2,UPI,0,1,1,Yes,9.0,10.0,4,0
NET15585,24,Standard,24,379,53.7,37,2,3,60,8,UPI,0,0,0,Yes,5.9,5.6,27,0
NET15586,25,Premium,24,629,18.5,9,4,2,31,3,UPI,0,1,1,No,5.6,7.3,26,0
NET15587,15,Basic,6,179,12.9,7,0,5,25,4,Debit Card,0,1,2,Yes,4.3,8.7,6,1
NET15588,41,Basic,1,249,11.1,6,2,3,77,6,UPI,0,0,0,No,7.4,7.9,4,0
NET15589,44,Standard,64,449,8.6,4,0,1,16,3,Credit Card,0,0,0,No,4.0,8.2,65,1
NET15590,26,Premium,14,629,78.1,51,4,3,41,3,Wallet,0,0,0,Yes,7.1,6.0,14,0
NET15591,28,Standard,56,379,36.6,22,10,4,48,5,UPI,0,0,0,No,9.1,8.5,60,0
NET15592,24,Standard,9,449,26.8,13,8,3,61,4,Debit Card,0,1,2,No,8.7,8.2,12,0
NET15593,34,Standard,7,379,11.4,6,8,3,58,3,UPI,0,0,0,No,7.9,6.9,9,0
NET15594,41,Basic,3,249,10.5,7,0,5,57,5,UPI,0,0,0,No,7.1,4.3,4,0
NET15595,15,Premium+,57,919,17.1,8,5,4,50,3,Debit Card,0,1,3,No,8.1,7.7,60,0
NET15596,34,Standard,4,399,21.3,9,5,2,50,2,UPI,0,1,1,No,4.6,9.7,6,0
NET15597,28,Premium,1,649,18.4,12,29,1,63,1,UPI,0,0,0,No,3.3,5.5,2,1
NET15598,32,Premium,10,699,42.6,27,6,3,77,2,UPI,0,0,0,No,7.8,9.0,13,0
NET15599,35,Standard,6,379,23.6,11,6,4,36,5,Debit Card,0,0,0,No,8.3,6.4,7,0
NET15600,29,Basic,4,199,9.2,6,2,2,14,4,Credit Card,0,0,0,Yes,7.5,7.8,8,0
NET15601,30,Premium,14,649,58.8,34,4,3,56,6,UPI,0,1,2,No,10.0,6.1,15,0
NET15602,29,Basic,6,179,20.8,13,3,2,39,2,Credit Card,0,0,1,No,7.2,7.8,8,0
NET15603,39,Standard,7,449,22.4,11,14,1,53,2,UPI,0,1,3,Yes,7.9,9.4,10,0
NET15604,34,Premium,1,649,16.2,9,1,2,80,1,UPI,0,0,0,Yes,8.3,8.8,3,0
NET15605,32,Premium,12,699,12.9,6,0,2,12,2,UPI,0,1,1,No,3.7,7.1,16,0
NET15606,19,Premium,1,629,29.6,17,34,1,42,6,UPI,0,0,0,No,5.7,6.3,6,0
NET15607,27,Premium,3,669,29.7,16,16,1,54,3,Debit Card,1,0,2,No,8.2,7.6,3,1
NET15608,39,Basic,17,219,9.9,4,5,2,34,4,UPI,0,0,0,No,9.0,4.8,18,1
NET15609,31,Standard,5,419,14.1,7,8,1,42,4,Credit Card,0,1,2,No,8.1,8.4,7,0
NET15610,36,Basic,2,179,3.9,1,0,5,78,9,UPI,0,0,0,Yes,4.5,6.1,7,1
NET15611,46,Premium,12,629,44.6,34,8,2,77,6,Credit Card,0,1,1,No,5.9,5.2,15,0
NET15612,40,Premium+,3,899,49.9,26,3,4,28,1,Credit Card,0,0,0,No,5.9,8.3,6,0
NET15613,31,Standard,4,379,12.5,7,10,3,51,1,Net Banking,0,0,0,No,10.0,3.6,4,0
NET15614,26,Basic,13,179,5.7,2,4,5,39,4,Net Banking,0,1,1,No,7.4,6.6,16,0
NET15615,15,Standard,18,399,26.1,19,7,4,45,5,UPI,0,0,0,No,5.4,5.3,22,0
NET15616,29,Premium,18,649,10.8,5,2,3,84,5,UPI,0,0,0,No,7.8,7.9,18,0
NET15617,28,Standard,9,449,26.4,18,7,1,33,5,Wallet,0,0,0,No,4.7,5.0,13,0
NET15618,34,Basic,8,199,16.7,9,1,6,65,7,Wallet,0,0,0,Yes,6.3,8.4,9,0
NET15619,29,Premium+,21,899,100.5,51,5,3,35,2,Credit Card,1,0,0,No,5.6,6.1,25,0
NET15620,28,Premium,3,699,50.3,34,6,2,53,7,Credit Card,1,2,2,Yes,10.0,10.0,4,0
NET15621,15,Basic,2,219,13.5,9,3,4,32,6,UPI,3,0,0,No,4.8,8.7,6,1
NET15622,22,Premium+,15,879,78.9,41,1,4,31,6,UPI,0,0,0,No,8.0,6.9,15,1
NET15623,35,Standard,7,399,12.3,8,5,2,50,2,Credit Card,0,0,0,Yes,10.0,7.6,8,0
NET15624,46,Standard,17,399,8.5,4,11,3,55,4,Debit Card,0,0,0,No,7.9,8.3,22,1
NET15625,30,Standard,4,419,11.7,7,4,4,37,3,Wallet,0,1,2,Yes,8.5,8.3,8,0
NET15626,33,Premium,5,649,33.5,25,4,4,41,2,Net Banking,0,1,2,No,4.8,7.4,9,1
NET15627,39,Premium,31,669,15.7,11,5,5,32,1,Credit Card,0,0,0,No,6.6,7.7,34,0
NET15628,23,Basic,7,249,17.3,12,8,3,47,3,UPI,0,0,0,No,7.4,4.2,11,0
NET15629,34,Premium+,12,919,29.9,16,4,2,30,8,UPI,1,0,0,Yes,7.0,6.5,15,0
NET15630,24,Basic,1,199,19.4,13,1,3,48,3,Wallet,0,0,1,Yes,7.7,8.0,5,0
NET15631,38,Premium,2,669,36.2,17,3,2,38,7,Debit Card,0,1,2,Yes,5.9,9.1,4,0
NET15632,32,Premium,1,699,26.5,20,2,2,39,5,Credit Card,0,0,0,No,6.5,8.5,4,0
NET15633,33,Basic,7,219,9.3,4,0,2,58,6,UPI,0,1,1,No,9.1,3.5,7,0
NET15634,23,Basic,63,249,16.0,11,9,3,60,5,UPI,0,0,0,No,9.9,6.7,63,0
NET15635,37,Premium,28,649,45.3,21,10,3,28,1,Net Banking,0,2,3,No,7.2,7.7,29,0
NET15636,49,Standard,14,379,17.8,13,1,2,55,7,UPI,0,0,1,Yes,8.0,6.5,19,0
NET15637,21,Premium,27,699,12.1,8,2,3,51,4,Net Banking,0,1,2,No,10.0,7.0,32,0
NET15638,27,Standard,12,379,8.1,5,2,6,36,2,UPI,0,0,0,No,6.0,9.2,12,0
NET15639,33,Premium,6,699,31.4,22,4,6,29,3,UPI,0,1,1,No,4.1,8.4,7,0
NET15640,38,Standard,2,419,40.3,19,3,1,59,5,Wallet,0,2,2,No,6.3,5.4,2,1
NET15641,25,Standard,14,379,9.6,6,13,3,27,1,Debit Card,3,0,0,No,5.5,7.1,17,1
NET15642,15,Standard,3,449,15.6,11,4,2,52,2,Credit Card,1,2,3,No,8.1,6.7,5,0
NET15643,43,Premium,7,699,25.4,18,1,4,62,2,Debit Card,1,0,0,Yes,10.0,10.0,8,0
NET15644,37,Standard,24,379,20.2,9,8,4,49,6,Debit Card,0,0,1,Yes,10.0,6.5,26,0
NET15645,15,Basic,1,249,16.0,8,12,4,42,4,Debit Card,0,0,0,No,5.4,8.3,5,1
NET15646,25,Premium+,1,879,30.7,15,5,1,43,4,UPI,1,0,0,No,7.2,9.3,5,0
NET15647,45,Premium,3,649,10.2,5,8,2,54,5,Credit Card,1,0,1,Yes,5.2,5.0,5,0
NET15648,44,Basic,11,199,30.0,13,1,1,63,6,Credit Card,1,0,0,No,7.9,8.3,14,0
NET15649,39,Premium+,4,899,2.2,1,13,2,56,3,Credit Card,0,1,1,Yes,6.4,7.0,6,0
NET15650,29,Premium,9,629,56.2,34,0,2,39,6,UPI,0,0,1,No,7.1,8.1,11,0
NET15651,31,Basic,5,219,8.6,5,13,2,60,7,UPI,0,1,1,No,6.6,7.3,7,0
NET15652,29,Basic,9,219,9.5,6,2,1,56,6,UPI,1,1,1,No,5.5,8.4,10,0
NET15653,41,Premium,4,649,52.0,32,0,2,49,3,Wallet,0,1,2,No,8.6,8.1,5,0
NET15654,23,Premium,54,629,45.0,30,1,4,58,5,Net Banking,0,0,0,No,8.1,10.0,56,0
NET15655,23,Basic,9,249,27.0,16,27,2,69,0,Credit Card,0,0,0,No,7.3,7.0,14,0
NET15656,40,Standard,19,399,17.7,12,2,3,30,4,Credit Card,0,0,0,Yes,6.3,7.4,22,0
NET15657,30,Standard,16,399,30.5,19,8,2,66,4,Credit Card,0,1,1,No,7.5,5.6,20,0
NET15658,43,Standard,9,399,16.4,11,3,6,39,5,UPI,1,1,1,Yes,7.5,7.0,13,0
NET15659,24,Basic,3,199,17.2,8,5,2,47,1,Net Banking,1,0,0,Yes,7.3,6.3,7,0
NET15660,30,Basic,10,199,6.7,3,6,3,24,3,UPI,0,0,0,Yes,7.7,10.0,10,0
NET15661,22,Premium,15,649,36.7,17,5,4,77,4,Credit Card,0,1,2,Yes,5.8,9.1,18,1
NET15662,31,Premium,8,649,13.9,7,38,6,40,4,UPI,0,0,1,Yes,8.2,9.1,9,1
NET15663,17,Standard,1,399,16.4,8,4,2,34,6,UPI,0,0,1,Yes,7.4,6.4,5,0
NET15664,26,Standard,1,449,81.1,62,1,5,38,7,Net Banking,1,0,1,No,7.5,5.6,2,0
NET15665,18,Standard,5,449,15.5,11,2,5,64,8,Credit Card,1,1,1,No,6.8,7.3,6,0
NET15666,37,Standard,2,399,22.1,14,1,4,45,1,UPI,1,0,0,No,6.4,2.4,3,0
NET15667,37,Premium+,33,899,17.2,12,3,6,55,5,Credit Card,0,0,0,No,6.0,6.2,38,0
NET15668,15,Premium,2,649,17.9,11,5,3,30,5,UPI,1,1,2,Yes,6.2,6.9,3,0
NET15669,43,Basic,7,199,22.0,11,2,1,26,6,UPI,0,0,0,Yes,9.2,7.3,9,0
NET15670,53,Standard,17,399,13.8,7,4,5,36,3,Credit Card,0,0,0,Yes,8.1,9.8,18,0
NET15671,31,Standard,23,449,77.6,41,3,3,37,3,Credit Card,0,0,2,No,3.1,7.2,23,0
NET15672,25,Premium,9,669,21.4,11,3,3,57,4,Credit Card,0,0,0,No,5.1,7.8,10,0
NET15673,56,Standard,2,449,35.3,25,5,2,33,7,Net Banking,0,0,1,No,8.4,5.9,6,0
NET15674,19,Premium,4,629,20.3,14,15,2,48,3,UPI,0,0,0,Yes,7.3,6.9,5,0
NET15675,31,Premium,7,699,9.0,6,5,2,38,5,UPI,0,1,1,No,6.9,5.0,11,0
NET15676,32,Standard,6,379,12.2,6,2,2,45,3,Credit Card,0,0,1,Yes,8.0,8.5,7,0
NET15677,43,Premium,6,649,58.9,37,5,2,15,7,Debit Card,0,0,0,Yes,6.0,6.0,9,0
NET15678,34,Premium,1,699,28.3,17,11,4,51,3,UPI,1,1,2,No,7.2,9.9,3,1
NET15679,26,Premium,34,669,33.8,18,0,2,37,4,Credit Card,0,1,1,No,10.0,9.7,38,0
NET15680,22,Premium+,1,949,16.9,7,10,4,49,6,Wallet,0,0,0,Yes,4.6,10.0,1,0
NET15681,27,Standard,8,449,39.2,21,0,1,53,5,Net Banking,1,1,1,No,9.6,5.1,9,0
NET15682,21,Standard,54,449,27.8,19,18,2,41,2,Credit Card,0,1,1,Yes,6.8,6.5,58,0
NET15683,31,Premium,15,649,12.6,5,1,6,40,3,Net Banking,0,0,0,Yes,6.7,6.3,20,0
NET15684,25,Premium,6,699,62.7,41,0,4,23,8,Credit Card,1,1,1,No,6.8,5.2,8,0
NET15685,17,Premium+,2,949,41.2,20,18,2,68,3,Debit Card,0,0,1,No,7.1,9.6,7,0
NET15686,42,Basic,46,219,17.9,9,1,3,60,3,Debit Card,0,1,1,No,4.3,5.2,47,0
NET15687,26,Premium,1,629,44.9,26,6,6,75,4,Debit Card,2,0,1,No,6.0,7.5,3,1
NET15688,19,Basic,16,179,13.6,7,8,2,56,1,Wallet,0,0,0,Yes,6.3,7.7,16,0
NET15689,29,Standard,29,419,29.4,19,0,6,38,8,Credit Card,0,0,0,Yes,6.4,7.3,33,0
NET15690,31,Basic,1,199,26.5,13,5,3,39,2,Credit Card,0,0,0,No,5.2,5.2,1,0
NET15691,15,Basic,18,249,48.8,22,8,1,34,5,UPI,0,1,2,No,8.4,3.7,20,0
NET15692,33,Basic,94,199,17.5,10,20,5,27,2,UPI,0,1,1,No,9.5,7.9,97,0
NET15693,21,Premium,14,669,13.9,6,0,1,42,5,Net Banking,1,1,1,No,5.2,6.2,17,0
NET15694,46,Standard,7,399,33.6,22,11,2,47,2,UPI,0,0,1,No,5.9,8.6,12,0
NET15695,35,Basic,29,179,19.1,13,5,3,20,4,Debit Card,0,0,0,No,10.0,8.2,33,0
NET15696,27,Standard,11,399,29.3,13,7,2,40,0,Credit Card,0,0,1,Yes,6.3,7.8,12,0
NET15697,24,Basic,19,199,11.6,7,8,4,30,2,Debit Card,0,1,1,Yes,9.1,7.5,24,0
NET15698,30,Premium+,12,899,41.0,19,7,3,44,4,Debit Card,0,1,3,Yes,5.9,7.6,12,0
NET15699,36,Standard,1,399,26.4,19,15,3,60,5,Debit Card,0,0,0,Yes,7.7,8.8,4,0
NET15700,30,Standard,3,419,14.0,7,0,1,21,2,UPI,0,0,0,Yes,8.9,7.4,6,0
NET15701,29,Premium,1,649,39.4,30,1,1,52,2,Debit Card,0,1,1,No,6.8,10.0,2,0
NET15702,31,Premium,1,649,22.7,12,14,1,51,4,UPI,1,0,0,No,4.1,5.3,1,0
NET15703,25,Premium,1,669,30.2,15,3,3,64,3,Net Banking,1,0,0,Yes,10.0,5.4,3,0
NET15704,27,Premium,7,629,19.2,10,3,3,72,6,Credit Card,0,0,0,Yes,5.3,4.6,12,0
NET15705,15,Premium+,2,949,45.4,24,4,4,76,1,UPI,0,0,0,No,6.5,7.1,5,0
NET15706,39,Basic,27,219,3.5,2,2,3,50,1,UPI,0,0,0,No,8.1,4.8,31,0
NET15707,33,Premium+,19,919,62.0,33,1,2,54,2,Net Banking,0,0,0,No,7.2,8.6,23,0
NET15708,24,Premium,11,629,30.6,14,12,3,49,2,Debit Card,1,0,1,No,3.9,4.8,13,0
NET15709,48,Standard,9,399,16.1,9,3,3,40,7,Credit Card,1,0,0,No,6.8,7.0,10,0
NET15710,31,Premium,4,649,24.1,13,1,4,46,4,UPI,0,1,1,Yes,5.5,7.1,5,0
NET15711,21,Premium,9,649,13.4,6,1,1,64,3,Credit Card,0,1,1,No,6.8,7.7,14,1
NET15712,38,Basic,14,219,11.7,8,7,1,96,4,Debit Card,0,0,0,No,7.7,6.8,17,0
NET15713,34,Basic,21,199,23.6,12,0,4,35,4,UPI,0,0,0,Yes,3.9,5.1,26,0
NET15714,34,Premium+,1,949,50.1,29,0,5,47,4,UPI,0,0,0,No,4.8,5.8,4,0
NET15715,27,Standard,17,449,4.5,2,19,3,36,3,UPI,0,0,0,Yes,3.6,5.3,20,1
NET15716,35,Standard,19,399,33.6,20,6,3,49,5,UPI,0,0,0,Yes,7.5,7.3,21,0
NET15717,28,Premium,11,669,37.5,20,1,1,33,5,UPI,0,0,0,No,9.3,10.0,13,0
NET15718,36,Standard,3,379,14.5,6,6,2,48,1,Debit Card,0,1,2,No,6.1,8.5,6,0
NET15719,15,Basic,10,199,11.8,6,5,1,52,1,UPI,1,0,0,No,6.3,4.2,11,1
NET15720,27,Premium,9,649,12.7,8,9,2,80,7,UPI,0,1,1,Yes,5.9,5.2,9,0
NET15721,46,Premium,9,629,13.1,9,3,6,39,6,Net Banking,0,0,0,No,9.0,6.4,12,0
NET15722,24,Basic,8,179,22.5,10,0,2,50,4,Credit Card,0,1,1,Yes,4.1,6.0,9,1
NET15723,25,Premium+,1,949,14.3,9,3,6,82,7,UPI,0,0,0,No,10.0,5.2,2,0
NET15724,26,Basic,2,179,28.3,16,7,3,24,3,UPI,0,1,1,No,5.9,5.6,6,0
NET15725,20,Standard,1,399,15.1,11,18,4,37,8,UPI,1,1,1,Yes,5.8,6.3,6,0
NET15726,15,Basic,3,249,17.1,8,11,5,34,2,UPI,0,0,0,No,6.8,6.8,3,0
NET15727,28,Premium,4,669,33.8,16,0,3,47,3,UPI,0,1,1,Yes,9.8,5.8,7,0
NET15728,32,Standard,3,449,9.4,4,1,1,23,6,Debit Card,0,2,2,Yes,7.8,9.5,3,1
NET15729,30,Standard,3,449,19.9,12,4,6,38,1,Debit Card,0,0,0,No,6.8,7.4,6,0
NET15730,29,Premium,18,649,53.7,32,0,2,52,2,UPI,0,0,0,Yes,8.3,6.0,23,0
NET15731,31,Basic,23,179,27.1,15,5,2,50,4,Debit Card,0,1,1,Yes,6.7,10.0,23,0
NET15732,40,Premium,5,649,31.9,19,3,3,26,3,UPI,0,1,1,No,6.8,8.4,5,0
NET15733,29,Standard,5,379,11.9,8,6,4,62,8,Net Banking,0,0,0,No,7.8,8.1,6,0
NET15734,25,Premium+,26,899,29.6,19,1,2,61,2,Net Banking,0,0,0,Yes,6.9,8.0,26,0
NET15735,28,Standard,13,379,8.7,5,1,1,46,5,UPI,0,1,1,No,7.6,8.8,13,0
NET15736,36,Basic,4,199,14.8,11,14,2,38,4,UPI,0,0,0,No,8.8,7.6,9,0
NET15737,43,Basic,17,179,14.2,8,2,2,45,3,UPI,2,1,1,Yes,7.1,7.3,20,0
NET15738,25,Premium,5,649,11.2,5,21,4,40,9,UPI,0,0,0,No,7.3,9.4,6,0
NET15739,31,Premium,12,649,100.8,58,0,2,51,3,Net Banking,1,0,0,No,4.8,1.7,12,1
NET15740,34,Standard,68,379,25.1,17,8,3,57,9,UPI,1,0,0,No,8.5,9.8,69,0
NET15741,22,Premium,5,649,25.2,13,1,2,20,4,UPI,0,1,2,Yes,7.6,5.1,6,0
NET15742,31,Standard,37,399,35.8,27,7,5,35,2,Credit Card,0,0,0,Yes,7.6,6.0,39,0
NET15743,17,Premium+,5,949,20.2,14,1,3,12,2,UPI,0,0,0,No,8.7,6.7,8,0
NET15744,15,Premium+,10,899,19.1,10,2,2,26,3,Wallet,0,1,2,No,4.4,3.2,12,0
NET15745,34,Premium+,8,899,55.3,29,6,1,50,4,UPI,1,0,0,No,5.6,7.7,9,1
NET15746,27,Premium,21,629,67.7,43,0,4,29,1,Wallet,0,0,1,Yes,8.9,9.0,26,0
NET15747,32,Premium+,1,949,25.3,16,1,2,31,8,UPI,0,1,1,No,4.0,6.5,6,0
NET15748,30,Basic,13,199,23.3,17,11,4,62,5,Credit Card,0,0,0,Yes,2.9,8.1,13,0
NET15749,22,Premium,20,649,24.5,15,2,6,62,4,Credit Card,0,0,0,Yes,3.3,9.5,23,0
NET15750,30,Premium,8,649,28.5,13,18,3,43,4,Debit Card,1,0,1,No,6.5,7.4,12,0
NET15751,19,Premium+,1,949,21.6,13,0,1,49,5,Credit Card,1,1,2,No,3.7,5.6,4,0
NET15752,43,Standard,3,419,38.3,24,7,3,18,6,Net Banking,1,0,0,No,7.2,4.4,5,0
NET15753,18,Basic,15,199,8.2,4,1,1,38,2,Credit Card,1,0,1,Yes,7.8,9.9,18,0
NET15754,29,Standard,31,399,21.5,9,8,5,31,5,Credit Card,0,0,1,No,4.0,6.4,31,0
NET15755,21,Premium,7,649,35.9,21,1,2,38,4,UPI,0,2,2,Yes,7.5,4.6,10,0
NET15756,36,Basic,11,179,10.9,7,12,2,52,2,UPI,0,1,1,No,6.9,4.2,15,0
NET15757,28,Standard,3,399,46.9,24,5,2,46,1,UPI,0,1,1,No,8.5,6.4,8,0
NET15758,26,Standard,7,399,31.1,14,12,4,43,1,UPI,0,0,0,No,6.1,8.3,9,0
NET15759,38,Standard,5,379,17.0,8,5,5,62,10,Net Banking,0,0,0,No,8.1,6.8,7,0
NET15760,31,Standard,14,379,34.8,19,9,2,76,8,Credit Card,0,0,0,No,4.8,7.5,15,1
NET15761,35,Basic,58,179,16.6,10,12,1,9,1,Net Banking,0,0,0,Yes,6.9,7.4,60,0
NET15762,22,Premium+,23,919,49.6,29,3,5,73,6,Net Banking,0,1,1,Yes,8.4,5.4,27,0
NET15763,18,Premium,2,669,22.3,13,6,3,55,4,UPI,0,0,0,No,6.5,8.6,6,0
NET15764,31,Basic,12,179,10.7,4,0,6,40,6,Credit Card,0,0,0,No,4.7,7.6,17,0
NET15765,28,Premium,1,649,39.7,29,4,3,44,3,Credit Card,0,1,1,No,6.1,8.3,3,0
NET15766,36,Premium,3,629,52.1,31,1,3,37,2,Credit Card,2,0,0,No,8.4,10.0,8,0
NET15767,30,Basic,2,179,25.5,16,0,2,53,8,Credit Card,1,0,0,No,5.4,7.0,5,0
NET15768,32,Standard,5,399,11.0,5,33,1,35,6,Wallet,0,0,0,No,4.6,7.7,9,0
NET15769,16,Premium,15,649,23.7,18,34,2,32,2,UPI,1,1,2,No,9.4,5.5,17,1
NET15770,47,Standard,9,399,32.0,20,1,1,60,4,Net Banking,0,0,0,No,7.5,6.8,11,0
NET15771,29,Premium,37,699,42.1,19,13,5,98,4,Debit Card,0,1,1,Yes,9.2,5.2,40,0
NET15772,37,Standard,3,399,6.3,4,13,4,66,6,Debit Card,0,1,1,No,6.3,7.9,8,0
NET15773,23,Basic,6,199,15.0,7,22,5,52,2,UPI,0,0,1,Yes,6.4,7.0,8,0
NET15774,33,Premium+,5,899,55.1,30,2,6,46,5,Debit Card,1,0,0,No,9.5,4.3,5,0
NET15775,19,Basic,3,219,27.6,13,16,1,24,5,UPI,0,0,1,Yes,7.6,7.8,4,0
NET15776,35,Premium,69,669,35.0,16,9,2,50,4,UPI,0,2,3,Yes,6.8,7.2,73,0
NET15777,27,Basic,6,219,35.7,19,7,2,48,4,Debit Card,1,0,0,No,8.3,5.0,9,0
NET15778,31,Standard,39,449,20.3,11,1,2,42,2,UPI,0,1,1,No,8.9,10.0,42,0
NET15779,37,Standard,6,379,24.1,16,4,1,37,4,UPI,0,0,0,No,7.8,5.9,7,0
NET15780,19,Basic,3,199,8.2,6,9,2,33,2,UPI,0,1,1,No,6.0,4.9,3,1
NET15781,24,Standard,1,399,25.1,12,11,1,40,3,UPI,2,1,1,No,4.8,8.5,2,1
NET15782,35,Basic,27,249,7.7,4,1,3,49,4,Net Banking,0,0,1,No,3.3,9.3,29,0
NET15783,49,Standard,1,419,37.4,18,2,3,34,2,Wallet,2,2,2,No,5.5,8.3,6,1
NET15784,29,Premium,46,699,23.5,17,1,2,40,3,UPI,0,0,2,No,8.0,6.4,49,0
NET15785,36,Basic,7,199,25.1,11,0,3,38,3,Credit Card,1,0,0,No,4.9,10.0,12,0
NET15786,30,Premium,3,699,22.4,16,1,2,33,5,Wallet,0,0,0,No,7.1,5.2,8,0
NET15787,48,Basic,13,219,25.7,12,14,4,71,5,Credit Card,0,0,1,Yes,8.1,5.4,18,0
NET15788,15,Basic,1,179,17.3,11,2,3,33,2,Debit Card,0,0,0,Yes,6.6,10.0,6,0
NET15789,31,Premium,1,669,13.5,8,4,2,19,1,Credit Card,0,0,0,Yes,9.5,6.1,3,0
NET15790,16,Standard,24,419,25.8,12,0,3,22,5,Credit Card,0,1,1,No,6.3,6.9,27,0
NET15791,15,Standard,7,419,22.3,13,8,5,33,3,Credit Card,1,2,2,No,6.7,7.2,12,0
NET15792,33,Basic,10,249,8.6,4,2,2,46,2,Net Banking,0,1,1,Yes,9.2,6.8,13,0
NET15793,32,Premium,2,649,18.9,8,7,2,42,6,Net Banking,0,0,1,No,5.7,6.9,7,0
NET15794,28,Premium,1,669,9.3,5,1,4,22,3,Debit Card,1,0,0,Yes,8.9,7.8,3,1
NET15795,30,Basic,6,249,11.7,8,2,4,60,5,UPI,0,0,1,No,7.9,5.7,7,0
NET15796,58,Standard,9,399,10.5,5,4,4,47,5,UPI,0,2,2,No,7.7,5.5,14,0
NET15797,28,Premium,20,629,24.3,14,5,2,38,4,Wallet,0,0,0,No,6.8,10.0,24,0
NET15798,35,Standard,9,419,8.9,4,1,2,55,4,UPI,0,1,1,No,8.5,4.8,13,1
NET15799,25,Basic,21,199,17.3,13,3,3,24,4,Net Banking,0,0,0,No,8.9,10.0,22,0
NET15800,33,Standard,1,449,15.0,8,0,2,13,1,Credit Card,0,1,1,No,5.5,8.9,1,0
NET15801,28,Basic,1,179,28.6,16,0,3,33,6,Credit Card,0,0,0,No,5.1,6.7,2,0
NET15802,27,Standard,2,379,10.3,4,2,2,31,9,UPI,0,0,0,No,8.2,9.6,3,0
NET15803,47,Premium,20,629,9.2,5,16,1,31,2,Net Banking,0,0,0,Yes,7.5,9.7,21,0
NET15804,41,Standard,19,449,40.6,18,12,3,33,4,Credit Card,1,2,2,No,8.4,10.0,23,0
NET15805,32,Standard,2,399,61.7,46,1,4,44,4,UPI,1,1,1,No,7.9,7.5,5,0
NET15806,15,Premium+,1,899,58.0,33,5,4,63,1,UPI,0,1,1,No,9.8,9.2,1,0
NET15807,27,Standard,16,399,11.3,5,2,1,37,4,UPI,0,0,0,No,8.7,3.5,16,0
NET15808,55,Standard,27,419,2.8,1,6,2,45,2,Net Banking,0,0,1,No,6.0,4.9,27,0
NET15809,28,Standard,19,399,38.7,25,1,4,20,4,Credit Card,0,1,1,Yes,6.7,5.2,21,0
NET15810,40,Premium,3,649,38.5,18,0,1,71,4,Credit Card,1,0,0,Yes,7.0,9.6,8,0
NET15811,43,Standard,12,419,28.7,14,19,2,43,1,Wallet,0,1,1,No,5.5,6.6,13,1
NET15812,32,Standard,19,399,12.7,5,2,3,35,5,UPI,0,0,0,No,9.3,5.2,22,0
NET15813,23,Premium+,4,949,26.1,14,4,5,37,7,UPI,0,0,1,Yes,6.9,8.7,7,0
NET15814,15,Premium,10,669,83.1,46,0,6,16,2,UPI,0,0,0,No,8.2,7.5,12,0
NET15815,37,Premium,5,649,24.2,12,4,5,31,3,Credit Card,2,0,0,Yes,5.2,4.9,9,1
NET15816,23,Standard,3,399,14.9,6,13,1,56,6,Credit Card,1,0,0,No,6.1,7.0,5,0
NET15817,32,Standard,48,419,23.3,14,12,2,36,5,Net Banking,0,1,2,No,7.8,7.6,50,0
NET15818,19,Basic,34,219,6.0,3,5,4,44,5,UPI,1,0,0,Yes,1.0,10.0,35,1
NET15819,28,Standard,8,449,18.8,9,11,3,24,5,UPI,0,1,1,No,5.5,3.6,12,0
NET15820,31,Premium,2,669,37.7,18,2,5,56,5,Credit Card,0,0,0,No,6.0,6.1,7,0
NET15821,33,Standard,18,399,13.1,6,1,3,43,2,Net Banking,0,1,1,Yes,5.1,5.8,23,1
NET15822,20,Premium,4,629,40.7,23,3,1,19,2,UPI,1,1,2,No,6.4,4.7,6,0
NET15823,41,Basic,2,199,45.8,28,9,3,37,2,UPI,0,0,0,No,8.7,10.0,7,0
NET15824,25,Standard,6,399,3.0,1,7,4,47,2,UPI,1,0,0,Yes,9.1,9.0,9,0
NET15825,15,Premium,10,699,18.1,11,2,2,69,3,Wallet,0,0,0,Yes,4.8,6.9,11,0
NET15826,30,Standard,1,449,35.9,23,2,1,87,7,Credit Card,2,0,0,No,4.1,5.5,6,1
NET15827,31,Premium,11,669,68.8,34,5,6,60,4,Credit Card,0,0,0,Yes,6.5,8.0,15,0
NET15828,32,Premium+,1,949,51.8,29,1,4,44,7,UPI,0,0,1,No,8.0,7.8,4,0
NET15829,43,Basic,31,219,15.7,10,2,4,37,4,UPI,0,0,0,No,6.1,7.1,31,0
NET15830,28,Basic,35,179,24.4,15,2,4,53,2,Net Banking,1,0,0,No,6.0,9.7,36,0
NET15831,29,Basic,18,199,16.8,11,9,6,43,4,Debit Card,1,1,2,No,7.7,5.8,21,0
NET15832,21,Premium,8,699,12.8,8,11,3,62,3,UPI,0,0,0,Yes,6.0,8.0,10,0
NET15833,38,Standard,4,449,31.5,23,1,3,60,2,Credit Card,0,1,1,Yes,5.2,9.9,6,0
NET15834,32,Premium,19,629,34.2,18,3,4,61,5,Credit Card,0,0,0,Yes,9.4,7.5,20,0
NET15835,27,Standard,37,449,24.7,15,12,2,20,7,Debit Card,0,0,1,No,8.2,6.7,41,0
NET15836,15,Premium,2,629,25.4,18,2,3,43,5,Credit Card,0,1,1,No,6.2,5.5,4,0
NET15837,43,Premium,8,669,15.6,8,3,1,25,4,UPI,0,1,2,Yes,4.7,6.2,11,1
NET15838,19,Standard,5,449,31.1,19,4,4,59,3,Credit Card,0,1,1,No,6.7,9.3,5,0
NET15839,25,Standard,6,449,12.3,8,6,3,54,1,Wallet,0,1,1,Yes,8.5,7.4,10,1
NET15840,34,Basic,7,219,4.6,2,2,1,38,7,Debit Card,0,1,1,No,4.6,5.0,8,1
NET15841,20,Standard,42,449,28.5,20,5,4,50,1,Wallet,0,0,0,No,10.0,10.0,44,0
NET15842,17,Standard,4,399,24.6,14,7,4,17,3,UPI,1,0,2,No,7.2,7.5,8,0
NET15843,15,Standard,9,379,20.3,10,0,3,24,3,UPI,0,0,0,Yes,7.1,7.7,9,0
NET15844,37,Premium+,42,899,66.8,30,12,3,8,3,Debit Card,0,0,0,Yes,8.0,7.8,46,0
NET15845,26,Premium+,9,899,29.9,21,16,2,53,4,Debit Card,0,0,0,Yes,8.6,6.4,13,0
NET15846,57,Premium,27,649,19.6,9,0,1,10,5,Wallet,0,1,1,No,8.5,10.0,28,0
NET15847,22,Standard,1,399,14.8,7,2,3,39,2,Net Banking,0,2,2,Yes,6.8,8.3,1,0
NET15848,22,Premium,42,649,22.5,11,1,4,31,4,Debit Card,0,0,0,No,8.2,10.0,42,0
NET15849,25,Standard,2,399,24.0,17,0,4,35,4,Net Banking,0,0,0,Yes,6.6,5.8,6,0
NET15850,33,Basic,54,179,16.0,10,4,6,21,4,Credit Card,0,0,1,Yes,6.5,10.0,56,0
NET15851,26,Standard,2,399,16.7,10,1,3,31,5,Net Banking,1,0,0,No,7.8,5.2,6,0
NET15852,36,Basic,8,219,11.4,6,0,2,26,2,UPI,1,0,1,No,7.5,6.5,11,0
NET15853,22,Standard,5,419,28.7,20,1,2,22,4,UPI,0,0,0,No,4.4,8.3,7,1
NET15854,18,Standard,7,449,35.0,17,8,1,50,3,Net Banking,0,0,0,Yes,7.9,7.2,8,0
NET15855,15,Premium+,4,879,32.3,16,0,4,20,2,UPI,0,0,0,Yes,8.2,8.1,4,0
NET15856,15,Standard,47,379,70.3,33,1,1,39,6,Credit Card,0,0,0,No,9.1,7.5,52,0
NET15857,26,Premium+,5,879,107.9,71,0,4,44,2,Debit Card,0,0,1,No,8.8,7.2,7,0
NET15858,28,Basic,14,199,33.5,18,0,1,43,2,Debit Card,1,0,1,No,7.5,8.3,15,0
NET15859,25,Basic,2,179,13.0,6,22,3,50,7,UPI,3,2,2,Yes,7.0,8.2,6,1
NET15860,42,Standard,24,419,16.6,12,6,4,17,4,Net Banking,0,1,1,Yes,6.4,7.5,25,0
NET15861,42,Premium,10,629,38.4,21,1,1,40,2,Debit Card,1,0,0,Yes,9.8,8.6,13,0
NET15862,27,Basic,54,199,8.1,4,4,3,19,5,UPI,1,0,1,Yes,8.5,9.5,59,0
NET15863,15,Basic,7,199,14.6,8,2,1,14,3,UPI,1,0,1,No,6.7,9.3,8,1
NET15864,25,Standard,3,379,19.7,12,1,3,32,0,Wallet,1,0,0,No,9.7,7.2,8,0
NET15865,25,Standard,5,399,12.5,9,19,2,42,5,UPI,0,1,1,Yes,3.6,7.9,10,1
NET15866,25,Premium,18,699,33.5,19,11,3,26,5,Debit Card,0,0,0,Yes,9.3,4.4,20,0
NET15867,24,Standard,15,399,9.9,5,2,2,54,2,UPI,0,1,1,Yes,4.5,7.3,15,1
NET15868,25,Basic,21,179,6.1,3,9,2,53,8,Debit Card,0,0,0,No,4.3,7.1,23,1
NET15869,27,Premium,1,699,30.3,21,1,2,9,5,Credit Card,0,0,0,Yes,3.4,4.8,3,1
NET15870,25,Standard,12,449,7.0,4,0,5,68,5,UPI,0,0,1,No,9.8,9.4,12,0
NET15871,32,Premium,37,649,28.7,18,4,2,85,8,UPI,0,0,1,Yes,5.4,7.0,40,0
NET15872,34,Premium,1,669,44.0,29,2,2,38,3,Credit Card,0,1,1,No,8.4,8.4,3,0
NET15873,22,Premium+,1,919,60.0,39,0,2,24,4,UPI,1,0,0,No,5.9,6.3,1,0
NET15874,42,Standard,17,419,21.5,13,5,4,43,5,Credit Card,0,1,1,Yes,9.2,8.6,17,0
NET15875,22,Premium,5,669,47.4,24,10,3,44,7,Credit Card,0,0,1,No,7.3,8.7,7,0
NET15876,16,Standard,15,399,18.7,11,4,3,56,2,Net Banking,2,1,1,No,8.1,9.0,20,0
NET15877,34,Premium,11,629,27.0,19,0,1,20,5,UPI,0,0,0,No,3.6,8.8,11,0
NET15878,23,Standard,59,379,8.8,5,2,4,59,7,UPI,0,0,0,No,4.7,9.4,64,1
NET15879,33,Standard,30,399,40.2,28,1,1,40,7,Debit Card,0,2,2,No,4.7,5.9,34,0
NET15880,15,Premium,15,649,14.8,9,0,3,18,6,Wallet,0,0,1,No,7.3,8.1,17,0
NET15881,43,Basic,4,179,8.4,5,4,3,69,2,Net Banking,0,0,2,No,6.6,4.7,9,1
NET15882,37,Premium,4,699,25.3,11,0,3,70,5,UPI,1,1,1,No,5.0,6.7,7,0
NET15883,17,Premium,29,629,25.4,12,0,2,38,1,UPI,0,0,0,Yes,8.0,8.3,33,0
NET15884,17,Standard,12,399,41.4,22,8,3,40,2,UPI,0,0,0,No,8.5,5.8,15,0
NET15885,46,Standard,21,399,20.2,13,3,1,81,5,UPI,0,0,0,No,8.2,5.9,26,0
NET15886,24,Standard,8,379,12.1,8,8,6,68,5,Credit Card,0,1,1,No,7.5,8.0,10,0
NET15887,23,Premium+,1,899,18.6,9,2,2,80,2,Net Banking,1,0,1,Yes,6.0,3.5,2,1
NET15888,15,Basic,5,249,5.4,3,2,2,32,2,Credit Card,0,0,0,No,6.1,5.4,5,1
NET15889,27,Standard,2,419,23.3,12,3,3,33,2,Debit Card,1,0,0,No,7.7,6.7,6,0
NET15890,28,Premium,21,699,24.0,15,2,4,21,2,UPI,0,1,1,No,7.3,9.8,23,0
NET15891,37,Premium+,16,949,19.2,11,4,6,69,2,UPI,0,0,0,No,8.7,6.1,16,0
NET15892,18,Premium,1,649,20.8,10,0,6,57,7,UPI,0,1,1,Yes,9.7,7.7,6,0
NET15893,17,Premium,13,629,14.0,10,4,2,37,1,Credit Card,0,0,0,No,5.1,6.1,14,0
NET15894,35,Basic,29,219,26.0,17,7,2,46,2,Wallet,1,0,0,Yes,6.6,8.6,32,0
NET15895,40,Standard,16,399,14.7,7,29,3,32,3,UPI,1,0,0,Yes,7.9,8.3,18,0
NET15896,16,Basic,10,219,17.3,8,6,1,39,8,UPI,0,0,0,No,9.4,6.0,12,0
NET15897,40,Premium,5,629,31.9,20,7,4,21,5,UPI,0,1,1,Yes,8.5,8.2,10,0
NET15898,31,Premium,30,649,11.3,7,5,4,33,4,Wallet,0,0,2,No,5.8,8.1,31,0
NET15899,40,Premium,7,629,51.1,23,18,5,5,3,Credit Card,0,1,1,Yes,7.8,3.2,10,0
NET15900,30,Premium,27,649,25.2,12,9,2,27,0,Debit Card,1,0,0,No,6.4,6.5,29,0
NET15901,15,Standard,21,419,46.9,22,5,4,86,1,Wallet,0,1,2,No,7.8,6.4,26,0
NET15902,29,Basic,23,249,22.4,15,2,5,24,4,UPI,1,0,0,No,5.4,10.0,23,0
NET15903,40,Standard,64,379,23.3,10,2,4,56,3,UPI,1,0,0,Yes,6.2,8.1,69,0
NET15904,22,Basic,19,199,18.3,10,8,3,32,3,Debit Card,0,0,1,Yes,7.4,7.6,20,0
NET15905,27,Premium,1,649,54.9,28,15,1,43,6,UPI,0,0,1,Yes,7.0,9.1,3,0
NET15906,29,Basic,3,219,14.7,8,25,5,5,3,UPI,0,0,0,No,10.0,8.5,8,0
NET15907,15,Premium,1,699,76.2,47,0,3,59,5,Debit Card,0,0,0,No,8.2,7.9,4,0
NET15908,46,Premium,2,649,16.3,11,5,3,25,1,Debit Card,0,0,0,No,6.9,4.1,6,0
NET15909,22,Standard,1,449,34.4,22,7,2,54,1,Credit Card,0,0,0,Yes,6.4,3.5,3,0
NET15910,35,Basic,9,219,17.0,9,3,2,61,6,Credit Card,0,0,0,No,5.1,4.6,12,1
NET15911,30,Standard,1,449,23.0,14,0,2,24,3,UPI,0,1,1,No,4.3,10.0,2,1
NET15912,42,Standard,8,419,38.2,27,2,5,58,4,Debit Card,0,0,2,No,8.9,8.6,11,0
NET15913,34,Premium,32,699,33.3,17,4,4,39,4,UPI,0,0,0,Yes,7.7,9.8,35,0
NET15914,28,Basic,19,179,18.6,10,0,4,53,2,UPI,1,0,0,No,5.1,8.5,20,0
NET15915,22,Premium,40,649,30.3,22,2,3,30,2,Credit Card,1,0,0,Yes,5.5,7.2,44,0
NET15916,38,Premium,3,669,22.1,11,1,2,38,5,UPI,0,1,1,No,5.1,6.7,8,1
NET15917,15,Basic,10,219,11.9,5,2,1,28,7,Debit Card,0,1,2,Yes,6.1,8.5,10,0
NET15918,36,Premium,5,649,24.7,12,6,4,43,2,Debit Card,0,0,0,No,7.8,7.7,9,0
NET15919,21,Premium,9,649,38.3,17,3,2,25,2,Credit Card,1,0,0,No,7.5,10.0,9,1
NET15920,42,Premium,11,669,26.3,16,2,3,26,3,Credit Card,0,1,1,No,8.7,8.5,11,0
NET15921,32,Basic,1,179,8.5,6,1,2,57,4,UPI,0,0,0,No,4.6,5.7,1,1
NET15922,36,Basic,3,249,6.3,3,7,3,20,3,Credit Card,0,1,1,Yes,7.8,9.0,5,0
NET15923,31,Basic,17,179,10.4,4,6,1,65,4,UPI,0,0,0,No,6.4,9.7,21,0
NET15924,15,Standard,20,419,15.4,9,3,4,26,7,Credit Card,0,2,2,No,7.1,7.2,23,0
NET15925,23,Premium,11,649,22.7,14,1,3,29,3,UPI,0,0,2,No,6.7,6.1,13,0
NET15926,37,Premium,4,669,34.7,17,9,2,59,2,Debit Card,0,0,0,No,6.5,5.9,5,0
NET15927,32,Premium+,7,899,9.8,5,11,4,43,2,Net Banking,0,0,0,No,6.9,8.2,8,0
NET15928,41,Basic,1,199,6.4,3,11,2,74,1,Credit Card,0,2,2,Yes,9.3,7.1,1,0
NET15929,34,Basic,42,249,5.1,2,2,4,37,6,Credit Card,0,0,1,No,6.3,7.0,44,0
NET15930,22,Premium,28,629,8.0,4,1,2,77,4,UPI,0,0,2,Yes,6.3,9.0,33,0
NET15931,23,Standard,1,399,12.1,7,11,6,28,5,Credit Card,1,1,1,Yes,10.0,7.3,6,1
NET15932,31,Standard,2,379,40.3,19,23,2,52,3,Credit Card,0,2,2,No,5.4,8.3,4,0
NET15933,15,Standard,12,399,26.3,17,1,4,40,2,UPI,1,1,1,No,8.4,5.6,13,0
NET15934,46,Basic,3,219,26.9,19,6,2,45,3,UPI,0,1,1,No,7.8,7.0,6,0
NET15935,34,Premium,38,649,24.0,16,2,4,47,4,Net Banking,1,0,0,Yes,9.5,7.9,42,0
NET15936,42,Standard,19,449,10.7,6,3,2,38,4,Net Banking,0,1,1,No,5.6,5.5,23,0
NET15937,16,Premium,4,649,25.1,13,5,2,46,6,Net Banking,1,1,1,No,6.9,7.9,4,0
NET15938,42,Premium,1,669,33.2,24,4,4,48,6,UPI,0,0,0,Yes,6.2,7.3,1,1
NET15939,51,Basic,22,219,27.2,17,8,4,25,3,Wallet,0,0,0,No,7.8,6.8,22,0
NET15940,19,Premium+,7,949,26.5,13,21,5,36,4,Credit Card,0,0,1,No,7.8,6.4,8,0
NET15941,37,Standard,14,449,25.2,12,0,3,57,2,UPI,1,0,1,No,8.8,7.7,15,1
NET15942,31,Premium+,4,899,26.7,18,6,2,17,3,UPI,0,0,1,Yes,7.6,6.0,9,0
NET15943,17,Basic,2,179,26.5,14,4,4,63,5,Debit Card,0,0,0,No,7.4,7.7,6,1
NET15944,35,Premium,15,649,12.8,8,3,4,35,7,UPI,0,0,0,Yes,10.0,7.5,20,0
NET15945,38,Standard,8,399,30.7,15,6,4,44,3,Credit Card,1,0,1,No,9.0,5.4,13,0
NET15946,25,Premium,3,629,32.6,22,13,3,61,12,UPI,0,0,0,No,7.7,7.2,3,0
NET15947,41,Premium,2,649,34.5,24,5,3,36,2,UPI,0,0,0,No,4.8,7.5,7,0
NET15948,15,Standard,12,449,21.8,12,10,4,46,7,Credit Card,0,0,0,No,10.0,10.0,14,0
NET15949,17,Premium+,18,949,44.7,32,2,3,24,5,Debit Card,0,0,0,Yes,7.4,8.3,23,0
NET15950,32,Standard,4,419,18.9,9,3,4,81,2,Debit Card,1,0,0,No,9.5,9.1,7,1
NET15951,31,Basic,18,199,7.2,3,1,5,70,2,UPI,0,0,0,No,10.0,7.8,19,1
NET15952,24,Premium,2,649,36.3,20,5,4,51,2,UPI,1,0,0,No,10.0,9.3,7,0
NET15953,38,Premium,5,649,25.1,13,8,4,52,1,Credit Card,2,0,0,No,8.7,2.0,5,0
NET15954,35,Standard,19,399,6.3,4,5,2,43,1,Debit Card,0,0,1,No,3.3,8.4,19,0
NET15955,38,Standard,15,399,13.5,8,14,3,43,5,Debit Card,0,0,0,Yes,6.4,7.8,16,0
NET15956,29,Premium+,4,899,40.6,28,11,3,30,6,Debit Card,0,0,0,Yes,6.3,8.7,8,0
NET15957,36,Premium,1,669,4.5,3,3,3,54,7,UPI,0,1,2,Yes,10.0,5.0,5,0
NET15958,26,Basic,1,179,34.2,20,5,5,27,4,Net Banking,0,1,1,No,8.1,6.6,5,0
NET15959,49,Basic,25,199,0.5,0,6,2,50,4,Net Banking,0,0,0,No,5.1,7.3,29,0
NET15960,23,Premium+,1,899,39.5,20,9,2,56,8,UPI,1,0,1,No,6.8,4.7,3,0
NET15961,49,Premium,1,699,14.6,8,0,3,50,6,UPI,0,0,0,No,10.0,6.1,1,0
NET15962,31,Premium+,3,899,40.9,26,9,4,31,3,Debit Card,0,1,1,No,6.4,7.7,7,0
NET15963,18,Standard,8,379,32.4,15,0,4,62,6,Credit Card,1,0,0,No,7.1,5.2,12,0
NET15964,43,Premium,21,649,46.0,27,7,2,30,3,Debit Card,0,0,1,No,5.9,8.0,26,0
NET15965,32,Premium,3,629,14.9,8,3,2,51,4,Credit Card,2,0,0,No,9.4,8.3,6,1
NET15966,38,Standard,10,379,8.0,5,1,3,8,6,UPI,0,0,0,No,8.6,7.9,13,0
NET15967,42,Standard,1,399,27.6,20,7,3,71,2,UPI,0,0,0,Yes,8.7,5.6,1,0
NET15968,34,Premium,8,629,39.9,27,12,1,35,8,Credit Card,1,0,1,No,3.8,8.1,13,0
NET15969,25,Standard,2,399,25.9,13,10,3,36,4,UPI,0,0,1,Yes,6.6,10.0,3,0
NET15970,39,Premium,3,649,35.8,23,1,6,37,2,UPI,0,0,1,No,7.0,10.0,7,0
NET15971,31,Premium,6,669,11.5,8,5,3,52,6,Credit Card,0,1,1,No,7.7,8.8,8,0
NET15972,37,Premium,20,699,17.1,9,6,3,39,4,Credit Card,0,1,1,No,5.7,8.5,23,0
NET15973,15,Premium,19,629,25.5,14,0,1,5,2,Debit Card,1,0,0,Yes,7.1,3.0,23,0
NET15974,35,Standard,7,399,37.7,28,2,5,26,4,UPI,0,1,1,Yes,6.6,6.7,8,0
NET15975,25,Standard,1,379,26.9,12,0,6,62,7,Net Banking,0,1,2,No,6.1,10.0,3,0
NET15976,45,Premium,4,649,47.0,28,3,1,51,4,UPI,0,0,0,No,1.0,8.6,7,0
NET15977,36,Standard,9,399,27.3,14,7,5,27,6,UPI,0,0,1,Yes,7.3,4.1,14,1
NET15978,33,Basic,28,199,39.6,18,9,3,56,0,UPI,0,0,0,No,5.9,6.7,29,0
NET15979,35,Standard,48,449,22.0,11,8,1,98,4,Debit Card,0,0,1,No,7.3,8.2,49,0
NET15980,22,Basic,14,179,13.8,8,1,4,46,6,Credit Card,0,0,0,No,8.4,8.0,19,0
NET15981,45,Premium,6,699,36.8,21,0,3,32,4,Credit Card,0,0,0,No,3.7,6.6,8,0
NET15982,48,Standard,16,449,21.0,15,12,2,37,2,UPI,0,1,1,No,7.7,9.1,18,0
NET15983,34,Standard,5,449,15.3,10,8,4,19,3,Debit Card,0,0,0,No,6.5,7.5,8,0
NET15984,45,Premium+,13,949,15.3,9,8,4,60,4,UPI,0,0,0,No,6.6,7.6,15,0
NET15985,25,Premium,3,669,23.4,17,1,3,10,1,UPI,0,0,1,No,6.7,8.9,7,0
NET15986,23,Premium,4,629,34.3,24,5,4,48,2,UPI,1,1,1,Yes,9.0,6.8,6,0
NET15987,31,Premium,1,629,38.5,18,13,3,5,2,UPI,0,0,0,Yes,7.7,8.3,6,0
NET15988,34,Premium,7,649,46.3,30,10,2,50,3,Debit Card,1,0,0,No,10.0,8.6,8,0
NET15989,27,Premium,13,629,22.6,14,1,3,52,2,Wallet,0,0,0,No,8.0,7.1,15,0
NET15990,35,Standard,21,449,39.3,26,18,2,49,6,Net Banking,0,0,0,Yes,2.6,8.4,24,1
NET15991,33,Premium+,23,899,27.6,16,2,2,51,3,UPI,0,0,0,No,9.0,7.6,27,0
NET15992,22,Basic,68,179,12.6,6,5,3,75,6,Debit Card,1,1,1,No,5.5,10.0,70,0
NET15993,35,Premium+,1,899,47.2,21,7,5,16,2,UPI,0,1,2,Yes,6.0,6.3,5,0
NET15994,38,Standard,9,419,24.8,13,1,2,66,4,UPI,0,1,1,Yes,7.1,6.6,11,0
NET15995,32,Standard,10,399,10.9,6,2,3,74,4,UPI,0,0,1,No,9.0,8.6,14,0
NET15996,41,Basic,22,199,14.2,8,15,4,69,3,UPI,0,1,1,No,7.6,4.1,24,0
NET15997,20,Standard,4,399,11.2,7,0,4,70,5,UPI,0,1,1,Yes,9.8,9.5,6,0
NET15998,35,Premium,1,669,12.7,6,0,3,65,7,UPI,0,1,3,Yes,6.4,8.3,1,0
NET15999,20,Premium+,5,949,51.5,32,20,2,65,7,Wallet,1,0,0,No,5.5,3.6,6,0
NET16000,20,Premium+,57,899,23.7,11,12,2,17,3,UPI,0,0,1,No,7.6,6.5,60,0
NET16001,25,Premium+,32,879,13.9,7,9,3,55,6,Debit Card,0,0,1,No,6.8,6.9,35,0
NET16002,22,Standard,7,449,16.0,9,2,1,5,3,Credit Card,0,1,2,No,7.7,5.5,7,0
NET16003,26,Premium+,29,899,55.3,36,2,2,76,0,UPI,0,0,1,No,9.9,6.8,31,0
NET16004,29,Standard,1,399,13.4,9,13,3,57,8,Debit Card,0,0,0,No,5.9,10.0,2,0
NET16005,38,Premium,5,699,24.8,16,22,2,52,3,Credit Card,0,1,1,No,5.7,9.2,9,0
NET16006,28,Basic,18,199,7.9,4,0,2,38,5,Credit Card,0,0,0,No,9.7,6.6,18,0
NET16007,16,Standard,3,449,14.7,8,3,4,53,3,Wallet,0,0,0,No,9.5,9.0,6,0
NET16008,41,Premium+,3,919,12.4,9,3,2,64,5,Credit Card,0,0,1,No,5.3,7.5,6,0
NET16009,23,Premium+,27,899,9.8,4,8,6,43,5,Net Banking,2,0,0,No,4.5,6.9,32,1
NET16010,30,Premium,13,649,51.5,38,4,3,74,4,Credit Card,0,1,1,No,5.9,7.2,18,0
NET16011,35,Premium,63,629,41.9,30,0,4,58,3,Net Banking,0,0,0,Yes,4.2,9.2,66,0
NET16012,32,Basic,2,199,13.2,6,1,3,40,2,UPI,0,0,2,No,4.9,8.0,4,0
NET16013,40,Premium,6,699,30.3,16,2,3,47,2,Debit Card,0,2,2,No,8.0,3.9,11,0
NET16014,35,Premium,5,649,22.0,14,9,4,45,6,UPI,0,0,1,Yes,7.1,8.2,9,0
NET16015,23,Basic,29,199,10.8,5,8,1,5,1,Credit Card,1,0,0,Yes,6.3,7.8,33,0
NET16016,50,Basic,4,179,24.7,18,8,2,51,6,Net Banking,1,1,2,No,8.6,6.6,8,0
NET16017,32,Basic,6,179,28.3,18,9,4,44,3,UPI,0,0,0,No,6.1,5.7,8,0
NET16018,29,Premium,2,699,15.9,8,3,1,60,6,UPI,0,0,0,No,9.0,6.1,5,0
NET16019,39,Basic,20,219,11.0,6,5,1,84,3,Wallet,0,0,1,No,2.7,4.8,25,0
NET16020,33,Standard,3,449,63.6,30,0,2,45,8,Wallet,2,0,0,No,4.6,9.7,8,0
NET16021,34,Standard,1,399,27.2,19,1,3,48,6,UPI,1,0,0,No,10.0,4.5,4,0
NET16022,53,Standard,7,449,34.2,16,2,3,38,5,UPI,0,2,2,No,6.0,6.5,9,0
NET16023,28,Premium,6,649,35.4,20,4,4,21,1,Wallet,0,0,2,Yes,3.2,6.9,7,0
NET16024,28,Premium,2,669,16.6,11,1,3,67,8,Credit Card,0,0,0,No,10.0,6.1,4,0
NET16025,32,Standard,2,449,22.2,16,12,2,46,3,UPI,0,0,0,No,9.7,9.6,4,0
NET16026,40,Standard,31,379,34.4,26,5,2,85,3,Debit Card,0,0,0,No,9.1,8.1,34,0
NET16027,17,Standard,1,399,34.6,18,4,6,42,3,Credit Card,0,0,0,No,10.0,6.9,5,0
NET16028,15,Premium,1,649,22.6,15,0,3,5,10,Debit Card,0,0,0,Yes,3.3,7.7,4,0
NET16029,25,Standard,3,379,49.0,34,4,3,51,5,Credit Card,0,1,1,No,8.0,4.6,8,0
NET16030,16,Standard,42,449,29.7,16,14,3,24,0,Wallet,0,2,3,Yes,8.3,8.3,43,0
NET16031,27,Premium,1,669,16.5,9,1,2,55,4,Wallet,0,0,1,No,6.6,6.3,1,0
NET16032,35,Standard,23,399,10.6,6,1,4,38,4,UPI,1,2,2,No,5.5,3.4,28,0
NET16033,22,Premium,31,699,16.3,11,14,5,41,7,Credit Card,0,0,0,No,9.6,7.3,31,0
NET16034,18,Standard,6,449,19.5,12,10,1,41,1,UPI,0,0,0,Yes,8.2,6.2,8,0
NET16035,31,Premium,4,649,33.7,24,6,4,46,5,UPI,0,1,1,No,10.0,4.4,4,0
NET16036,38,Basic,15,199,9.4,5,7,2,45,2,UPI,0,0,0,Yes,9.0,5.5,20,1
NET16037,15,Standard,16,419,12.3,7,0,2,40,4,Credit Card,2,0,0,No,10.0,5.3,20,0
NET16038,38,Standard,21,419,14.2,7,8,2,27,11,Credit Card,0,1,1,Yes,6.9,5.0,24,0
NET16039,38,Premium,24,669,15.6,7,8,3,56,5,Debit Card,0,1,1,No,6.5,7.9,25,0
NET16040,39,Premium+,4,879,77.3,35,0,3,19,2,Credit Card,1,0,0,No,7.1,5.3,5,0
NET16041,41,Standard,16,399,20.5,12,9,6,80,6,UPI,0,0,0,No,9.6,7.3,17,1
NET16042,50,Premium,2,649,9.4,4,6,4,45,4,UPI,0,0,0,Yes,6.4,7.8,7,1
NET16043,27,Premium,10,669,13.5,8,5,2,65,6,UPI,0,1,1,Yes,8.5,7.8,15,0
NET16044,31,Premium+,13,899,33.3,23,4,2,50,3,Debit Card,0,1,1,No,10.0,7.3,16,0
NET16045,27,Premium,2,649,38.6,20,4,5,5,5,Credit Card,0,0,1,Yes,9.6,7.6,6,0
NET16046,31,Basic,1,249,17.2,9,1,4,34,8,Net Banking,0,1,2,No,6.9,9.0,2,0
NET16047,44,Premium,3,629,27.9,15,0,3,19,3,Net Banking,1,0,0,No,5.5,9.9,3,0
NET16048,18,Standard,7,399,27.7,16,19,6,77,2,Credit Card,0,0,1,Yes,7.9,6.4,11,0
NET16049,23,Basic,30,179,40.2,25,3,4,49,1,Net Banking,0,0,0,No,6.3,7.5,34,0
NET16050,43,Standard,10,449,36.0,16,0,3,54,2,UPI,0,0,0,No,3.2,7.5,15,1
NET16051,40,Premium+,19,899,38.2,18,2,3,33,3,UPI,0,0,0,No,7.0,6.0,24,0
NET16052,27,Premium+,2,879,34.5,24,2,4,42,6,UPI,0,0,0,No,6.3,6.2,6,0
NET16053,38,Premium,1,629,16.3,8,12,1,79,4,UPI,0,0,0,No,5.7,6.8,2,0
NET16054,34,Premium+,3,879,12.4,7,2,3,15,3,UPI,0,0,0,No,7.2,6.7,7,0
NET16055,44,Premium,5,699,42.5,23,12,5,91,3,Credit Card,1,0,1,Yes,5.3,6.9,10,0
NET16056,31,Basic,11,199,22.6,15,3,5,41,6,UPI,0,1,1,No,7.2,9.1,12,0
NET16057,40,Standard,29,399,13.9,7,1,3,5,2,Net Banking,0,2,2,No,8.5,8.7,29,0
NET16058,54,Basic,7,249,9.4,5,2,2,30,2,UPI,0,0,0,No,6.6,8.8,12,1
NET16059,36,Basic,10,179,35.3,18,11,3,34,5,Credit Card,2,0,0,No,7.0,7.4,10,0
NET16060,31,Basic,1,179,8.6,6,1,1,34,2,Credit Card,0,0,1,No,7.7,6.9,1,0
NET16061,37,Standard,1,419,29.6,20,5,3,43,6,Credit Card,3,0,0,Yes,7.4,5.2,6,0
NET16062,27,Premium,1,649,47.6,29,7,4,39,3,Wallet,0,0,0,No,6.0,8.0,6,0
NET16063,52,Premium,16,649,25.8,11,2,3,26,6,Credit Card,0,1,2,Yes,7.8,5.6,16,0
NET16064,32,Premium,9,649,31.6,15,9,4,53,5,Credit Card,0,0,0,No,7.3,8.6,13,0
NET16065,28,Premium+,3,949,28.0,15,2,1,78,3,Credit Card,1,0,0,No,7.4,8.1,7,0
NET16066,23,Standard,12,379,7.5,4,1,2,36,6,Credit Card,0,1,1,Yes,6.6,7.0,13,0
NET16067,40,Premium,11,649,38.4,26,0,4,41,4,Debit Card,0,0,0,Yes,7.9,5.5,11,0
NET16068,38,Standard,1,449,4.0,2,5,2,60,2,Debit Card,0,0,1,No,6.8,7.4,3,0
NET16069,26,Standard,14,449,29.8,20,4,2,41,6,Net Banking,0,0,0,Yes,9.1,9.9,14,1
NET16070,36,Premium+,20,879,47.8,28,6,1,48,6,UPI,0,1,1,Yes,8.7,6.5,23,0
NET16071,17,Standard,4,449,24.8,13,3,2,41,2,Debit Card,0,0,1,No,7.6,4.1,6,0
NET16072,32,Standard,16,399,24.6,17,1,2,51,3,Credit Card,1,1,1,No,5.0,4.8,19,0
NET16073,35,Standard,3,419,13.9,6,0,1,72,5,UPI,0,0,1,Yes,6.6,7.4,5,0
NET16074,46,Premium,19,649,16.3,7,4,2,81,2,UPI,0,0,0,No,5.8,6.7,24,0
NET16075,24,Premium+,33,919,40.8,28,4,3,34,4,Net Banking,0,0,0,No,10.0,6.6,34,0
NET16076,19,Basic,8,249,4.5,2,16,3,59,5,Wallet,0,0,0,No,5.1,7.8,12,0
NET16077,22,Premium,3,649,27.3,15,4,6,57,4,Credit Card,1,0,1,No,9.1,7.4,4,0
NET16078,18,Basic,7,179,10.9,7,16,1,27,1,Net Banking,0,0,0,No,7.0,8.2,9,0
NET16079,43,Standard,4,449,15.2,8,6,2,70,10,UPI,0,1,1,No,9.9,8.0,4,0
NET16080,44,Basic,1,179,12.9,6,0,2,44,5,Debit Card,2,1,2,Yes,10.0,4.2,2,0
NET16081,33,Premium,14,669,41.0,18,0,2,36,6,Debit Card,1,0,0,Yes,10.0,5.8,16,0
NET16082,41,Basic,1,199,8.9,4,19,3,42,2,UPI,0,0,1,Yes,6.3,8.5,1,0
NET16083,32,Standard,3,399,11.9,6,1,3,24,5,UPI,1,0,0,Yes,8.0,6.5,7,0
NET16084,30,Standard,17,419,17.7,12,2,5,58,4,Credit Card,0,0,0,Yes,6.9,5.5,19,0
NET16085,28,Basic,15,199,11.4,6,0,1,5,2,UPI,0,1,1,No,5.8,7.0,18,0
NET16086,28,Premium,1,699,40.1,21,1,3,48,3,Debit Card,0,0,0,No,5.0,8.7,4,0
NET16087,17,Basic,15,249,13.6,9,18,3,55,3,Wallet,1,1,2,No,10.0,9.2,18,0
NET16088,33,Basic,37,199,13.7,8,0,3,63,5,Debit Card,0,0,0,No,4.3,8.3,37,0
NET16089,30,Standard,1,449,4.8,3,13,4,57,3,UPI,0,0,0,Yes,6.8,7.2,1,0
NET16090,37,Standard,7,399,18.0,8,0,2,58,6,Credit Card,1,0,0,No,5.4,6.1,8,0
NET16091,31,Premium,18,629,53.3,29,6,5,40,5,UPI,0,0,0,No,7.1,7.0,18,0
NET16092,29,Basic,15,199,14.8,9,4,3,28,6,UPI,1,0,0,No,5.5,8.3,17,0
NET16093,23,Basic,3,179,16.1,10,7,1,53,5,UPI,1,0,0,No,5.0,6.1,6,0
NET16094,31,Standard,2,399,19.3,13,9,5,32,3,UPI,0,0,0,Yes,10.0,9.0,6,0
NET16095,37,Standard,21,379,32.2,24,6,2,76,6,UPI,0,1,2,Yes,7.3,5.7,26,0
NET16096,20,Premium,43,649,69.4,39,0,2,32,3,Wallet,0,0,0,Yes,6.1,9.1,46,0
NET16097,31,Premium,20,699,5.9,4,6,3,41,5,Debit Card,1,1,1,No,6.8,7.5,22,0
NET16098,33,Premium,46,649,7.4,3,5,5,23,10,Credit Card,0,0,0,No,9.2,9.1,51,0
NET16099,24,Standard,13,419,13.2,6,11,4,68,6,Net Banking,1,1,2,No,9.4,4.8,17,0
NET16100,25,Premium,37,649,36.1,18,0,2,62,5,Debit Card,0,1,1,Yes,7.5,10.0,38,0
NET16101,33,Premium,16,699,23.1,11,5,4,47,3,Debit Card,1,0,0,No,2.0,7.7,16,0
NET16102,20,Standard,33,379,27.7,14,1,2,23,3,Wallet,1,1,1,No,9.6,10.0,35,0
NET16103,34,Premium,2,699,25.6,18,6,2,35,7,Credit Card,0,0,0,Yes,8.1,4.0,7,0
NET16104,22,Premium,23,629,27.4,16,4,1,47,6,Debit Card,0,0,0,No,8.0,7.7,23,0
NET16105,40,Standard,3,379,17.8,11,1,3,45,2,Credit Card,0,0,0,No,9.9,6.3,4,0
NET16106,52,Standard,1,379,15.8,10,0,2,22,4,Net Banking,1,0,1,Yes,6.2,8.2,5,0
NET16107,23,Premium,10,629,49.7,30,7,1,5,2,Wallet,0,2,2,Yes,6.2,8.5,15,0
NET16108,35,Basic,5,199,7.6,4,10,2,44,5,Credit Card,0,0,0,No,8.6,6.4,7,0
NET16109,24,Premium,1,629,38.6,20,2,2,44,3,UPI,0,2,2,No,7.1,3.3,5,1
NET16110,40,Premium,54,649,54.1,41,5,4,44,4,Wallet,1,1,2,No,7.2,8.0,59,0
NET16111,19,Premium,15,669,33.4,20,9,2,51,3,Net Banking,0,0,1,No,6.8,7.1,20,0
NET16112,35,Standard,32,399,48.7,22,7,1,52,0,Credit Card,1,0,0,Yes,3.3,10.0,34,0
NET16113,23,Basic,96,179,5.5,3,7,4,57,6,Credit Card,0,0,0,Yes,7.1,8.2,97,0
NET16114,29,Basic,6,219,6.9,3,4,2,26,2,UPI,1,0,0,Yes,8.9,4.9,7,0
NET16115,21,Premium,4,699,46.7,25,0,2,24,3,Debit Card,0,0,0,No,2.6,6.4,5,0
NET16116,38,Premium,2,649,24.4,14,17,3,70,5,Debit Card,0,0,0,Yes,7.2,4.1,2,1
NET16117,23,Premium,10,699,41.0,29,2,2,60,6,Debit Card,0,0,0,No,9.0,7.8,13,0
NET16118,35,Basic,13,219,11.5,5,0,3,54,2,Debit Card,1,0,0,No,5.6,9.1,17,0
NET16119,27,Premium+,8,899,45.9,25,11,3,51,6,Wallet,0,1,2,No,7.4,8.2,10,0
NET16120,29,Premium+,6,879,30.8,17,12,2,63,3,Debit Card,0,1,1,No,5.5,5.0,10,1
NET16121,32,Standard,2,399,8.0,3,12,1,78,6,Credit Card,0,1,1,No,8.3,5.9,5,1
NET16122,24,Standard,8,379,31.0,22,4,1,63,7,UPI,1,0,1,No,7.7,5.2,8,0
NET16123,32,Premium,1,649,15.8,9,2,2,42,3,UPI,0,0,0,No,7.8,5.7,1,0
NET16124,44,Premium,28,649,8.7,4,10,4,19,3,Wallet,0,0,0,Yes,7.6,7.7,31,1
NET16125,23,Premium+,1,899,14.7,7,15,5,28,4,Debit Card,0,0,0,No,8.0,8.3,6,0
NET16126,41,Basic,6,249,20.2,15,0,3,38,2,Wallet,0,1,1,No,7.8,9.3,8,0
NET16127,44,Standard,1,449,14.4,7,14,2,64,4,UPI,0,0,2,Yes,6.6,4.6,4,0
NET16128,23,Premium,20,669,24.9,11,1,3,50,5,Net Banking,1,0,1,Yes,5.3,10.0,20,0
NET16129,17,Premium,5,629,40.6,20,9,2,57,4,Credit Card,2,0,1,Yes,6.8,9.7,10,1
NET16130,33,Premium,1,699,63.2,37,2,3,50,2,Debit Card,0,0,1,No,10.0,6.6,1,0
NET16131,26,Premium+,10,919,28.3,13,4,6,69,3,UPI,0,1,1,Yes,7.1,8.0,15,0
NET16132,47,Standard,34,379,41.3,19,3,2,53,6,UPI,0,1,2,No,7.8,5.5,38,0
NET16133,31,Premium,33,629,14.6,7,1,3,58,3,Net Banking,1,0,0,No,4.8,4.1,35,0
NET16134,23,Standard,4,379,21.1,11,1,3,78,4,UPI,0,0,0,No,9.9,5.0,6,0
NET16135,20,Standard,17,399,45.1,28,4,5,42,6,Net Banking,0,0,1,No,8.9,6.0,17,0
NET16136,40,Standard,1,379,8.5,5,0,5,54,7,UPI,0,0,0,Yes,9.2,8.3,4,0
NET16137,25,Premium,1,669,38.3,20,6,1,43,3,UPI,1,0,1,No,9.8,7.7,1,0
NET16138,31,Premium+,9,879,19.9,15,0,4,25,4,Debit Card,0,0,0,No,3.8,6.1,13,0
NET16139,39,Standard,3,379,24.7,11,0,4,44,10,Credit Card,0,0,0,No,8.5,8.4,6,0
NET16140,26,Basic,22,219,14.1,6,4,4,68,4,UPI,0,1,1,No,5.2,9.8,22,0
NET16141,30,Premium,37,649,43.8,30,1,3,16,1,UPI,0,0,2,Yes,5.4,8.8,42,0
NET16142,30,Premium,1,629,44.4,24,3,6,54,4,UPI,0,0,0,No,7.9,5.1,6,1
NET16143,37,Premium+,3,919,22.8,15,4,2,43,3,Wallet,1,0,0,No,7.5,7.1,5,0
NET16144,36,Standard,8,449,27.1,15,2,4,47,9,Net Banking,1,0,1,No,5.7,6.5,12,0
NET16145,29,Basic,11,219,11.0,5,12,3,53,2,UPI,0,0,0,No,8.1,4.7,11,0
NET16146,31,Standard,34,399,3.9,2,4,2,44,5,UPI,0,0,0,Yes,7.1,5.6,34,0
NET16147,27,Basic,31,249,19.4,9,10,4,41,4,UPI,0,0,1,No,7.0,6.9,36,0
NET16148,17,Standard,14,399,10.7,5,13,2,58,3,Credit Card,1,1,2,No,8.0,6.6,19,0
NET16149,33,Basic,4,199,13.2,7,13,1,49,2,UPI,0,0,0,No,6.1,6.0,9,0
NET16150,48,Basic,21,219,29.0,15,0,3,26,4,Net Banking,0,0,0,Yes,7.7,7.6,26,0
NET16151,23,Basic,3,219,19.1,14,0,3,59,2,UPI,0,0,0,No,6.2,5.0,4,0
NET16152,24,Premium+,47,879,23.8,14,5,2,33,5,UPI,1,0,1,No,4.7,9.9,50,0
NET16153,23,Standard,1,379,11.9,5,3,3,96,3,UPI,0,0,0,Yes,5.0,8.1,2,1
NET16154,37,Standard,11,399,23.3,10,8,4,35,4,UPI,1,0,0,No,6.7,7.0,13,0
NET16155,35,Premium,1,629,74.1,34,5,3,19,1,Net Banking,0,0,0,No,8.1,5.4,4,0
NET16156,29,Premium,7,669,20.4,14,0,3,20,6,Credit Card,0,0,0,Yes,9.0,4.3,11,0
NET16157,22,Premium,14,669,57.3,34,5,1,76,1,Credit Card,0,0,0,No,5.0,4.4,17,0
NET16158,31,Premium,16,629,49.4,36,5,5,31,2,Net Banking,0,0,0,No,7.6,8.4,21,0
NET16159,16,Premium,21,649,16.7,8,12,2,58,7,Credit Card,1,0,0,No,7.6,7.5,21,0
NET16160,32,Premium,12,669,36.9,18,2,2,64,4,Wallet,0,0,0,No,7.6,8.8,12,0
NET16161,38,Premium,4,649,36.0,16,4,2,56,8,UPI,1,1,1,No,8.8,6.6,4,0
NET16162,19,Premium,30,669,29.0,16,16,4,53,9,Credit Card,0,1,2,Yes,7.5,6.0,33,0
NET16163,17,Standard,23,399,8.6,6,32,2,65,3,Wallet,0,1,2,No,8.6,9.0,23,1
NET16164,45,Standard,2,399,13.2,7,5,3,60,7,UPI,0,0,1,No,9.0,6.4,2,1
NET16165,25,Premium,24,649,19.0,9,1,6,61,4,Debit Card,0,0,0,No,7.0,4.5,29,0
NET16166,41,Standard,50,379,9.9,7,9,3,45,2,Debit Card,0,0,0,Yes,8.8,8.0,51,1
NET16167,29,Premium+,14,899,38.3,18,2,4,41,4,Net Banking,0,0,0,Yes,7.7,6.7,14,0
NET16168,29,Basic,4,199,11.0,5,14,4,40,4,Net Banking,0,1,1,No,8.0,8.4,5,0
NET16169,34,Standard,13,399,54.2,38,9,2,10,7,Credit Card,0,0,1,No,7.6,6.1,15,0
NET16170,23,Premium+,5,919,14.9,7,16,4,56,2,UPI,0,0,0,No,3.6,7.2,8,0
NET16171,32,Basic,15,199,15.5,11,1,3,48,3,UPI,0,1,1,Yes,9.4,5.0,16,0
NET16172,27,Premium+,11,919,5.6,3,3,3,27,3,Debit Card,0,1,2,No,7.1,6.8,16,0
NET16173,19,Premium+,37,919,13.1,9,1,2,76,2,UPI,0,0,0,Yes,9.9,8.6,40,0
NET16174,34,Premium,13,649,36.0,19,16,4,16,3,Wallet,1,1,1,No,8.0,5.3,16,0
NET16175,28,Standard,3,449,9.0,5,7,2,29,3,UPI,0,0,0,No,8.4,6.6,7,1
NET16176,29,Premium,18,649,15.8,10,0,6,72,1,Debit Card,0,4,4,No,5.5,8.3,19,0
NET16177,20,Premium,5,669,21.6,11,1,1,64,5,Debit Card,0,0,0,No,5.1,8.6,5,0
NET16178,45,Premium,4,699,30.1,21,8,4,45,3,UPI,1,0,0,No,5.2,6.4,9,1
NET16179,38,Premium,6,699,25.0,13,6,1,57,4,Wallet,0,0,0,Yes,7.5,10.0,11,0
NET16180,39,Premium+,1,919,17.8,9,0,2,66,1,Debit Card,0,0,2,No,9.2,9.3,5,0
NET16181,28,Premium,48,649,9.3,4,2,5,65,5,Debit Card,1,1,1,Yes,10.0,5.6,49,0
NET16182,15,Premium+,10,879,63.3,33,2,2,53,1,Credit Card,1,0,0,No,7.5,7.3,15,0
NET16183,48,Basic,20,219,8.3,4,2,4,29,3,UPI,0,0,0,Yes,8.1,5.2,21,0
NET16184,30,Basic,4,199,9.6,5,1,3,33,4,Credit Card,0,2,2,No,7.1,6.9,6,0
NET16185,24,Standard,19,399,17.9,13,7,2,24,3,Credit Card,0,1,1,Yes,7.9,8.5,19,0
NET16186,34,Standard,11,399,40.3,23,6,3,29,6,UPI,0,0,0,No,7.6,8.5,13,0
NET16187,41,Premium,7,699,15.9,8,0,3,53,6,Credit Card,0,0,0,No,9.5,7.3,10,0
NET16188,30,Basic,49,199,8.2,4,14,4,56,5,Debit Card,0,0,0,No,7.3,6.9,49,0
NET16189,42,Premium+,9,899,33.1,21,3,2,26,3,Net Banking,0,1,1,Yes,7.7,5.8,11,0
NET16190,40,Standard,14,379,8.9,4,11,1,27,4,Debit Card,0,0,0,No,8.2,5.6,16,0
NET16191,21,Standard,1,379,23.0,13,2,3,26,4,Debit Card,0,1,1,No,6.3,5.8,1,0
NET16192,24,Standard,5,419,27.3,14,2,1,38,4,Debit Card,1,0,0,No,7.7,4.8,6,0
NET16193,39,Standard,30,399,31.4,21,0,1,23,4,UPI,0,1,1,No,8.5,5.1,33,0
NET16194,15,Basic,19,219,14.3,9,9,1,51,2,Wallet,0,0,1,Yes,2.3,7.6,23,0
NET16195,29,Basic,10,179,34.4,15,0,3,32,4,UPI,0,0,1,Yes,8.0,4.1,15,0
NET16196,18,Premium,32,699,24.2,12,2,6,37,6,Debit Card,2,0,0,No,7.4,5.0,36,0
NET16197,26,Basic,9,179,7.6,3,0,4,50,7,UPI,1,1,3,No,3.2,9.9,13,1
NET16198,28,Basic,11,199,20.0,13,7,4,44,6,Credit Card,2,0,0,Yes,5.0,8.8,14,1
NET16199,27,Premium,6,699,22.3,10,7,5,22,2,Credit Card,0,0,0,Yes,5.7,7.6,6,0
NET16200,26,Basic,13,219,35.1,17,2,3,34,2,Wallet,0,0,0,No,5.9,6.2,13,0
NET16201,21,Standard,5,419,18.5,10,7,4,5,1,Credit Card,1,2,2,No,7.1,5.9,5,0
NET16202,51,Basic,6,179,1.1,0,1,4,45,2,UPI,0,0,0,Yes,7.7,6.4,10,0
NET16203,47,Standard,47,379,23.3,17,2,2,45,4,Net Banking,0,1,1,No,6.6,5.6,48,0
NET16204,20,Premium,1,669,19.9,9,9,2,39,5,UPI,1,0,1,No,5.2,8.0,3,0
NET16205,45,Basic,1,219,26.9,14,8,2,39,4,Net Banking,0,0,1,No,7.2,8.0,5,0
NET16206,27,Premium,1,649,9.6,6,8,4,32,4,UPI,0,0,0,Yes,6.7,8.4,4,0
NET16207,32,Premium+,5,899,20.1,11,0,3,64,6,Credit Card,0,0,0,No,10.0,6.2,5,0
NET16208,30,Basic,7,199,7.7,4,0,2,20,3,Credit Card,0,1,1,Yes,6.1,6.4,9,0
NET16209,25,Premium+,1,899,18.6,14,2,2,76,5,UPI,0,0,0,Yes,7.5,6.2,1,0
NET16210,39,Standard,11,419,6.9,3,0,2,25,2,Credit Card,0,0,0,Yes,4.1,7.3,11,1
NET16211,32,Basic,12,199,13.2,7,4,4,40,5,UPI,0,1,1,Yes,10.0,8.0,12,0
NET16212,26,Basic,19,219,35.4,25,4,3,43,6,Debit Card,0,0,0,No,10.0,6.1,24,0
NET16213,19,Standard,52,399,42.9,29,2,6,68,4,UPI,0,0,0,No,2.3,6.0,53,0
NET16214,22,Premium,13,649,55.2,32,3,5,48,3,Credit Card,0,0,0,No,10.0,8.8,15,0
NET16215,16,Standard,1,419,13.3,7,0,6,26,7,Wallet,0,0,0,No,6.5,8.2,5,0
NET16216,31,Premium,1,629,19.9,12,6,5,30,4,Credit Card,1,0,0,Yes,3.9,5.8,2,0
NET16217,20,Premium,21,629,26.3,18,1,5,66,5,Credit Card,0,2,3,Yes,6.0,6.3,26,0
NET16218,28,Standard,14,419,47.8,23,9,1,63,5,Wallet,1,1,1,Yes,5.3,6.9,17,0
NET16219,43,Premium,2,699,34.7,19,8,2,45,6,UPI,0,0,0,Yes,5.9,9.4,7,0
NET16220,41,Premium+,4,949,36.7,23,5,3,56,5,Credit Card,0,1,1,No,3.9,7.0,7,0
NET16221,30,Basic,19,179,10.6,5,3,4,41,4,UPI,0,0,0,Yes,5.2,5.2,24,1
NET16222,30,Standard,11,399,53.4,33,1,3,42,2,UPI,0,1,1,No,6.7,6.4,15,0
NET16223,47,Standard,12,399,8.6,5,16,2,14,2,Debit Card,0,0,0,Yes,7.3,6.8,14,0
NET16224,35,Standard,3,399,26.9,17,13,5,31,5,Credit Card,0,1,1,No,8.6,10.0,7,0
NET16225,28,Standard,13,379,23.6,14,8,4,64,6,Wallet,0,1,1,No,9.7,6.3,14,0
NET16226,18,Standard,20,419,12.3,8,15,4,67,2,UPI,0,0,0,No,6.6,7.3,22,0
NET16227,34,Premium,30,699,22.3,10,13,4,22,4,UPI,0,0,0,Yes,5.7,8.0,33,0
NET16228,38,Premium,18,629,20.5,13,4,3,8,2,Debit Card,0,1,1,No,8.3,7.8,20,0
NET16229,25,Standard,12,399,51.3,27,1,1,43,5,Credit Card,1,1,1,Yes,6.1,9.2,14,0
NET16230,33,Basic,15,199,22.3,15,1,3,13,7,Debit Card,1,1,1,No,9.7,8.3,17,0
NET16231,27,Standard,9,379,29.1,16,4,2,41,6,Credit Card,1,0,0,No,8.1,7.6,13,1
NET16232,29,Standard,3,399,18.4,10,7,3,64,4,Wallet,0,0,0,No,5.2,8.2,3,0
NET16233,15,Standard,29,399,40.1,22,3,1,36,2,Net Banking,0,0,0,No,6.8,5.7,30,0
NET16234,29,Premium+,10,899,33.3,20,3,1,5,2,Credit Card,0,0,0,No,3.7,4.1,12,1
NET16235,39,Standard,12,399,26.7,12,0,3,70,4,Wallet,0,0,0,Yes,8.0,7.4,14,0
NET16236,25,Basic,64,219,8.8,5,9,6,63,4,Credit Card,1,0,0,No,7.5,7.6,68,0
NET16237,31,Standard,58,379,30.3,14,1,2,30,2,UPI,0,1,1,No,4.2,4.1,59,1
NET16238,24,Premium,12,629,45.9,27,13,2,36,7,Credit Card,0,0,0,No,3.9,7.3,13,0
NET16239,34,Premium,1,649,34.8,18,1,2,57,8,Debit Card,1,0,0,No,5.8,8.5,4,0
NET16240,29,Standard,7,419,23.2,17,8,1,43,3,UPI,0,1,1,Yes,3.1,7.7,8,1
NET16241,22,Basic,38,199,15.3,9,8,4,63,6,Net Banking,0,1,1,Yes,6.6,8.4,39,0
NET16242,42,Standard,4,399,29.1,15,11,3,29,4,UPI,0,1,1,No,10.0,6.4,6,0
NET16243,39,Standard,96,379,45.6,29,4,4,60,2,Credit Card,1,2,3,Yes,8.0,9.0,96,0
NET16244,25,Premium+,1,899,70.3,44,0,2,28,2,Net Banking,0,2,2,No,7.0,5.8,3,0
NET16245,35,Premium,11,669,31.3,18,0,3,65,4,UPI,0,0,0,Yes,7.9,7.2,16,0
NET16246,35,Premium,10,669,36.0,23,10,2,53,1,Debit Card,0,2,4,No,7.9,10.0,14,1
NET16247,36,Standard,4,399,34.1,18,3,2,81,8,UPI,0,1,1,No,8.9,5.7,5,0
NET16248,15,Standard,41,399,41.2,30,27,2,28,3,UPI,0,0,0,No,5.8,10.0,41,1
NET16249,40,Premium,13,699,33.2,16,2,3,61,1,Credit Card,0,1,1,No,10.0,10.0,15,0
NET16250,25,Standard,3,449,18.7,8,3,6,13,4,Credit Card,0,2,2,No,8.6,4.6,8,0
NET16251,27,Premium+,6,899,9.2,6,3,2,52,3,Net Banking,0,0,0,No,6.1,8.5,9,0
NET16252,54,Standard,17,449,27.9,18,3,3,60,1,Credit Card,0,0,0,No,6.3,7.3,21,0
NET16253,33,Basic,4,219,6.6,3,1,3,56,2,UPI,1,0,0,No,5.1,6.6,9,0
NET16254,27,Premium,29,699,36.7,25,1,2,63,4,Credit Card,2,0,0,No,9.5,4.9,33,1
NET16255,15,Basic,2,179,6.9,4,3,1,47,4,Credit Card,1,0,0,No,2.9,8.0,7,1
NET16256,43,Standard,4,379,33.9,16,8,3,31,4,UPI,0,1,1,No,6.0,5.9,8,0
NET16257,18,Standard,2,399,14.6,7,8,3,33,7,Debit Card,0,1,2,No,9.8,7.2,4,0
NET16258,21,Premium,1,649,43.1,22,1,1,50,2,UPI,0,1,1,Yes,7.2,8.7,1,0
NET16259,28,Standard,4,399,12.0,7,4,1,20,3,Debit Card,0,0,1,No,8.8,7.8,4,0
NET16260,43,Basic,96,179,32.3,19,4,5,28,1,UPI,0,0,1,No,6.6,7.4,97,0
NET16261,37,Premium,1,649,52.6,36,5,3,68,11,UPI,1,0,0,Yes,8.4,4.8,1,0
NET16262,29,Standard,3,399,29.6,20,2,3,44,8,UPI,1,0,0,No,6.1,8.2,6,0
NET16263,33,Premium+,4,949,46.3,26,7,3,5,3,UPI,0,0,0,Yes,3.0,5.4,9,0
NET16264,25,Standard,13,399,14.7,7,1,2,47,5,UPI,1,0,0,Yes,10.0,6.2,17,0
NET16265,32,Premium,19,649,15.1,9,2,1,32,1,Net Banking,0,0,0,Yes,6.2,8.5,21,0
NET16266,31,Basic,19,199,9.3,5,1,6,71,4,Credit Card,2,0,1,No,10.0,7.1,23,1
NET16267,39,Premium,1,649,6.2,3,1,3,31,4,UPI,0,0,0,Yes,8.1,10.0,5,0
NET16268,39,Premium,14,649,16.0,7,12,2,58,6,Credit Card,0,0,0,No,9.4,6.6,17,0
NET16269,35,Premium+,13,879,39.5,20,3,4,32,3,UPI,0,1,1,No,4.9,8.1,18,0
NET16270,27,Basic,10,199,15.3,8,8,3,40,6,Credit Card,2,1,1,Yes,6.1,8.6,14,0
NET16271,37,Standard,6,449,18.7,9,8,1,35,7,UPI,0,0,1,No,7.9,5.0,10,0
NET16272,30,Premium,22,629,23.7,15,5,4,24,6,Credit Card,0,0,0,No,4.6,8.4,25,0
NET16273,21,Basic,5,199,18.5,8,10,3,48,5,UPI,0,0,1,No,5.5,6.4,8,0
NET16274,27,Standard,3,449,43.0,29,0,4,35,5,UPI,0,0,0,No,7.2,7.4,3,0
NET16275,31,Premium+,5,949,24.9,17,1,5,36,3,Wallet,0,1,2,No,6.2,6.4,10,0
NET16276,39,Standard,8,379,30.8,14,11,4,41,5,Credit Card,1,0,0,Yes,10.0,9.3,12,0
NET16277,29,Premium+,3,899,32.3,21,16,2,63,4,Credit Card,0,0,0,No,8.1,7.5,8,0
NET16278,20,Basic,13,179,24.5,11,4,4,56,2,Credit Card,0,0,0,No,6.4,8.0,14,0
NET16279,31,Premium,30,669,32.2,20,7,6,73,0,UPI,0,0,0,Yes,7.0,9.7,31,0
NET16280,32,Standard,12,419,24.7,15,1,2,56,7,Wallet,0,1,1,No,6.8,6.1,13,0
NET16281,32,Standard,8,379,21.8,10,6,2,47,5,Net Banking,0,0,0,No,9.6,7.2,13,0
NET16282,39,Premium+,22,899,42.9,19,6,4,22,3,Credit Card,1,0,0,Yes,7.3,8.5,25,0
NET16283,40,Basic,19,199,10.5,4,0,5,29,6,Credit Card,0,0,0,No,7.4,8.6,23,0
NET16284,25,Premium,6,649,49.0,34,9,5,13,1,UPI,0,1,1,No,6.1,7.8,6,0
NET16285,25,Premium,12,699,48.6,26,0,1,8,5,Debit Card,1,0,1,No,3.1,5.8,16,0
NET16286,21,Standard,18,379,28.5,21,23,2,70,6,Net Banking,0,0,0,Yes,7.7,7.0,19,1
NET16287,37,Premium+,3,949,67.8,35,6,5,37,3,UPI,2,0,1,No,4.5,6.2,8,0
NET16288,44,Standard,6,449,28.7,15,9,5,65,3,Debit Card,1,0,0,No,5.8,9.7,8,0
NET16289,28,Premium,1,669,46.1,21,4,2,44,4,Debit Card,0,1,2,No,6.2,6.4,6,1
NET16290,28,Standard,61,419,31.4,15,2,4,29,2,Credit Card,0,1,1,Yes,9.6,6.6,62,0
NET16291,44,Premium,1,629,33.3,22,2,2,26,0,Credit Card,0,1,1,No,4.8,5.6,6,0
NET16292,35,Premium,2,629,28.5,16,0,3,53,4,Credit Card,1,0,1,No,6.9,2.8,7,0
NET16293,34,Basic,9,199,10.7,6,7,2,69,3,Credit Card,0,1,1,No,5.6,3.5,14,0
NET16294,20,Premium,28,629,8.8,6,19,3,111,4,UPI,1,1,1,No,10.0,10.0,31,1
NET16295,37,Basic,6,199,10.9,6,1,2,36,2,UPI,1,0,1,No,7.9,8.4,10,0
NET16296,22,Standard,20,399,25.2,18,22,2,64,4,Debit Card,0,0,0,No,8.5,8.3,23,0
NET16297,20,Basic,15,179,21.0,10,3,2,41,4,UPI,1,0,0,No,7.1,5.2,20,0
NET16298,27,Basic,14,199,12.5,7,0,3,50,9,Credit Card,1,0,0,No,6.2,10.0,14,0
NET16299,25,Basic,26,249,17.7,13,8,2,49,6,Debit Card,1,3,4,No,9.7,10.0,30,0
NET16300,29,Standard,1,399,18.1,11,10,4,32,4,Credit Card,0,0,0,No,6.4,5.3,5,0
NET16301,18,Standard,37,449,14.7,9,2,3,46,5,Credit Card,0,0,1,Yes,4.6,10.0,41,0
NET16302,39,Standard,24,449,24.5,14,20,2,63,5,Net Banking,1,0,0,No,7.5,6.1,26,0
NET16303,41,Basic,38,249,9.7,5,4,5,50,7,UPI,0,0,1,No,4.3,7.6,42,0
NET16304,15,Premium,22,649,9.6,4,0,3,27,3,Credit Card,0,0,0,Yes,7.8,6.8,24,0
NET16305,39,Premium,29,649,10.5,4,2,5,39,8,Debit Card,0,0,2,No,7.2,8.3,33,0
NET16306,23,Standard,3,399,32.0,15,8,4,83,5,Net Banking,0,0,0,No,8.2,5.0,8,0
NET16307,38,Premium,5,629,65.4,38,0,6,23,7,Credit Card,1,0,0,No,8.5,8.5,6,0
NET16308,30,Premium,5,649,34.3,24,0,2,35,7,Net Banking,2,0,0,Yes,6.9,5.5,5,0
NET16309,31,Premium,1,649,5.6,2,5,2,47,5,Debit Card,0,1,1,No,7.5,4.9,5,1
NET16310,29,Standard,18,419,39.4,23,2,4,49,5,UPI,0,1,1,Yes,5.1,4.4,21,0
NET16311,41,Basic,2,219,23.3,13,5,3,61,6,UPI,0,0,0,Yes,9.5,5.4,3,0
NET16312,19,Premium,1,649,19.4,12,2,1,24,4,UPI,0,0,0,No,7.7,6.1,4,0
NET16313,36,Premium,20,649,27.1,18,8,4,36,1,Net Banking,0,1,1,No,7.3,8.5,23,0
NET16314,40,Basic,32,249,14.1,10,3,3,48,1,UPI,0,0,1,No,5.1,7.9,34,0
NET16315,37,Standard,20,399,26.5,13,25,3,5,1,Credit Card,0,0,1,No,4.8,6.5,20,1
NET16316,51,Premium,24,649,27.7,18,2,2,22,3,UPI,0,1,1,Yes,6.7,5.1,27,0
NET16317,26,Premium,12,649,31.0,16,0,3,66,1,UPI,0,0,0,No,4.9,8.0,13,0
NET16318,39,Premium,30,669,15.9,8,6,3,27,4,UPI,1,0,0,No,8.8,6.5,30,0
NET16319,30,Basic,9,249,40.8,25,7,3,76,6,UPI,1,0,2,No,8.7,6.7,10,0
NET16320,42,Standard,62,399,41.1,22,2,6,66,8,Debit Card,0,0,0,No,6.9,7.0,65,0
NET16321,30,Basic,1,199,14.3,7,8,3,47,1,Credit Card,0,0,1,No,5.2,5.1,1,0
NET16322,27,Standard,23,379,49.9,35,2,4,54,8,UPI,1,0,1,No,4.8,9.0,27,0
NET16323,42,Basic,14,249,18.9,13,0,6,45,5,UPI,0,1,1,Yes,7.5,4.3,17,0
NET16324,26,Premium,12,649,31.9,16,0,2,54,4,Wallet,0,0,0,No,10.0,3.1,15,0
NET16325,18,Standard,18,399,17.2,11,3,1,45,4,Debit Card,0,1,1,Yes,6.6,7.3,23,0
NET16326,26,Premium,25,649,9.0,6,24,5,56,4,Debit Card,0,0,0,No,6.7,7.9,30,0
NET16327,36,Basic,27,199,29.9,16,4,2,18,2,Credit Card,0,0,1,No,7.0,8.9,29,0
NET16328,43,Basic,2,199,19.1,9,4,4,42,4,Credit Card,1,0,1,Yes,7.8,7.7,3,0
NET16329,32,Standard,3,399,25.4,16,11,2,36,6,UPI,0,0,0,No,5.3,5.0,7,1
NET16330,42,Standard,1,419,17.1,11,17,4,64,5,Net Banking,1,2,2,Yes,7.2,6.5,1,0
NET16331,18,Premium,1,699,64.0,43,0,3,35,3,UPI,0,0,0,Yes,3.2,8.9,4,0
NET16332,27,Standard,4,399,34.3,19,0,2,48,3,UPI,1,0,2,No,6.5,4.7,7,1
NET16333,28,Basic,17,199,14.7,8,6,3,27,4,UPI,0,0,1,No,8.4,6.1,21,0
NET16334,29,Basic,9,199,14.9,10,5,4,40,4,UPI,0,0,0,Yes,5.7,7.5,12,0
NET16335,31,Basic,19,199,12.7,6,2,3,43,5,Credit Card,0,1,3,No,5.4,8.3,20,0
NET16336,37,Premium,9,629,29.0,16,13,2,46,5,Credit Card,1,0,0,No,5.6,8.3,9,0
NET16337,26,Standard,11,399,33.7,18,4,2,96,9,Net Banking,0,0,0,Yes,5.2,4.9,15,0
NET16338,32,Premium,1,699,64.0,45,0,4,35,1,UPI,0,0,1,Yes,5.4,5.7,5,1
NET16339,30,Premium,20,699,39.1,21,2,3,61,3,Credit Card,1,0,1,Yes,7.1,8.0,25,1
NET16340,22,Basic,19,179,16.5,8,12,2,42,4,UPI,0,1,1,Yes,5.7,10.0,21,0
NET16341,29,Basic,5,199,9.8,5,0,4,37,7,Debit Card,1,1,1,No,6.6,3.7,5,1
NET16342,29,Premium,5,629,9.0,4,10,2,60,3,Debit Card,0,0,0,Yes,7.3,8.1,9,0
NET16343,29,Premium,3,649,23.3,15,18,3,28,4,Debit Card,0,0,0,Yes,7.4,5.9,6,0
NET16344,31,Standard,23,399,29.9,15,2,2,46,5,Net Banking,0,1,1,No,7.9,4.9,28,0
NET16345,31,Basic,19,179,2.8,1,2,2,60,2,Credit Card,1,0,0,No,7.7,4.0,19,1
NET16346,27,Basic,13,219,11.8,6,1,4,47,4,UPI,0,0,0,Yes,6.6,7.3,14,0
NET16347,42,Standard,3,399,21.8,14,0,4,25,5,Debit Card,0,1,2,No,9.7,10.0,7,0
NET16348,20,Basic,2,199,10.8,5,6,4,22,10,Credit Card,0,0,0,No,7.3,4.8,3,0
NET16349,24,Basic,1,199,20.6,10,1,3,44,5,Credit Card,1,0,0,No,8.9,6.8,5,0
NET16350,56,Standard,1,379,4.8,3,13,2,44,5,Credit Card,1,0,0,No,9.7,6.3,4,0
NET16351,21,Basic,2,199,6.2,2,3,1,42,3,Debit Card,0,0,0,No,7.0,6.3,4,0
NET16352,18,Basic,1,199,13.7,6,21,3,44,0,Credit Card,1,1,2,Yes,5.4,6.2,4,0
NET16353,37,Premium,11,699,39.4,21,23,4,64,5,Net Banking,1,0,1,No,1.8,5.8,12,1
NET16354,15,Standard,6,399,27.8,20,9,2,41,3,UPI,0,0,0,No,5.2,3.4,6,0
NET16355,28,Premium+,8,919,49.1,27,3,3,49,3,UPI,2,1,2,Yes,6.5,6.9,13,1
NET16356,50,Standard,12,399,8.2,4,3,2,16,5,Debit Card,0,0,0,Yes,8.4,9.8,13,0
NET16357,17,Premium,15,669,24.9,16,18,6,36,6,Credit Card,1,0,0,No,8.3,10.0,17,0
NET16358,15,Basic,14,199,4.4,2,7,4,43,5,Debit Card,0,1,1,Yes,7.1,7.4,18,0
NET16359,17,Premium,4,629,10.3,6,3,2,32,3,UPI,0,0,0,Yes,6.2,5.1,9,0
NET16360,39,Basic,23,219,4.8,2,11,2,75,4,UPI,0,0,0,No,6.2,5.8,27,0
NET16361,41,Basic,34,199,29.0,17,1,2,42,4,UPI,1,0,1,Yes,6.4,7.8,35,0
NET16362,26,Premium+,5,899,42.6,20,16,4,67,2,UPI,0,0,0,No,9.4,6.9,5,0
NET16363,37,Standard,1,449,19.8,11,1,5,71,6,Credit Card,0,1,2,No,6.4,9.2,5,0
NET16364,43,Premium+,32,919,20.6,13,7,4,53,5,UPI,0,0,0,No,5.9,6.9,36,0
NET16365,47,Standard,35,379,28.1,14,6,1,56,2,Debit Card,0,2,2,Yes,7.6,9.7,40,0
NET16366,28,Standard,1,449,25.2,12,5,5,18,5,Net Banking,0,1,1,Yes,6.3,4.6,3,0
NET16367,15,Standard,1,379,9.8,4,3,2,43,4,UPI,0,0,1,No,6.9,7.0,6,1
NET16368,23,Premium,23,649,22.8,11,4,2,37,6,Credit Card,0,1,2,Yes,6.6,7.9,25,0
NET16369,27,Standard,5,419,22.7,16,7,2,39,3,UPI,0,0,1,Yes,6.9,7.1,5,0
NET16370,28,Premium+,34,879,38.0,18,6,2,75,3,UPI,0,0,2,Yes,4.9,3.1,38,0
NET16371,29,Basic,3,249,7.4,4,1,3,41,2,UPI,0,0,0,Yes,9.2,7.4,6,0
NET16372,41,Premium,27,699,37.4,26,1,2,49,3,Wallet,1,0,0,Yes,10.0,7.0,28,0
NET16373,42,Standard,1,399,29.9,13,6,5,58,8,UPI,0,0,0,No,1.0,10.0,6,1
NET16374,29,Basic,4,179,29.1,15,0,4,16,5,UPI,0,1,1,Yes,7.3,9.0,8,0
NET16375,40,Standard,50,419,9.8,4,22,2,40,3,Credit Card,0,0,1,No,9.8,8.1,51,1
NET16376,34,Standard,3,419,17.1,11,11,2,38,1,Credit Card,1,1,1,No,5.4,6.1,8,0
NET16377,31,Basic,1,199,16.6,8,3,4,22,4,Debit Card,0,1,1,No,7.3,8.5,5,0
NET16378,39,Basic,27,249,20.6,11,4,3,35,2,Debit Card,0,0,0,No,5.7,7.4,29,0
NET16379,31,Standard,1,379,59.3,35,2,2,18,4,Net Banking,1,1,1,Yes,7.1,5.1,1,0
NET16380,49,Standard,1,449,13.9,9,0,3,41,4,UPI,0,0,2,Yes,6.8,6.7,4,0
NET16381,18,Standard,5,379,14.3,8,5,3,50,1,Credit Card,0,0,1,No,7.5,8.6,10,0
NET16382,26,Basic,14,179,14.4,8,26,3,43,3,UPI,0,1,1,No,6.4,10.0,16,0
NET16383,29,Basic,17,179,29.0,14,1,1,35,5,UPI,0,0,0,No,10.0,9.4,17,0
NET16384,34,Premium+,29,949,26.7,15,4,4,23,4,UPI,0,0,1,No,7.6,6.7,31,0
NET16385,42,Premium+,10,949,17.5,10,19,1,33,6,Credit Card,1,0,1,No,5.3,6.8,15,0
NET16386,30,Standard,6,449,23.8,18,24,1,43,3,UPI,0,1,2,Yes,5.5,7.4,7,1
NET16387,18,Premium+,6,899,31.9,14,3,2,68,5,UPI,0,0,0,No,6.8,7.8,10,0
NET16388,38,Premium,26,699,21.9,10,0,6,52,3,Net Banking,0,1,1,No,3.1,6.4,28,1
NET16389,37,Basic,18,199,5.5,2,1,4,65,6,Debit Card,0,0,2,Yes,8.5,10.0,23,0
NET16390,15,Basic,33,199,9.1,4,7,2,5,2,Net Banking,0,0,0,No,9.3,7.9,33,0
NET16391,30,Premium+,46,879,63.2,30,0,2,53,6,Net Banking,0,0,0,No,6.9,7.3,50,0
NET16392,16,Premium,4,669,22.6,16,6,4,21,4,Debit Card,0,0,0,Yes,9.5,8.4,9,0
NET16393,25,Premium,10,649,25.6,13,3,5,32,4,Net Banking,0,0,0,Yes,5.0,4.2,11,0
NET16394,22,Premium,13,649,32.8,21,1,2,26,1,Net Banking,1,1,1,No,3.4,8.2,14,0
NET16395,38,Standard,2,379,33.5,16,0,3,37,7,Wallet,1,0,1,No,5.5,9.4,5,0
NET16396,32,Basic,1,249,9.1,4,6,3,23,6,Credit Card,1,0,0,Yes,6.5,5.7,5,1
NET16397,19,Basic,28,249,14.7,10,1,5,55,2,Debit Card,0,0,0,Yes,4.9,6.5,29,0
NET16398,38,Basic,10,199,7.6,3,4,1,42,2,Debit Card,1,0,0,No,7.6,8.0,12,0
NET16399,18,Basic,11,249,8.7,3,4,3,60,5,UPI,1,0,0,No,5.9,8.7,12,0
NET16400,33,Standard,11,399,28.9,17,6,5,60,4,UPI,1,0,1,No,6.5,6.8,12,0
NET16401,23,Basic,19,219,19.9,12,3,5,59,10,UPI,1,0,1,No,6.9,7.4,20,0
NET16402,27,Basic,2,219,10.7,8,14,5,56,5,UPI,1,1,2,No,6.7,8.0,5,1
NET16403,35,Standard,13,379,12.9,6,11,3,23,3,UPI,1,0,0,No,7.7,4.4,18,0
NET16404,35,Standard,8,399,25.1,12,10,3,66,10,UPI,0,0,0,No,9.5,4.8,8,0
NET16405,43,Standard,31,399,3.9,2,1,2,53,4,Debit Card,4,1,1,No,4.8,7.4,36,1
NET16406,30,Standard,10,449,23.6,10,25,3,64,5,UPI,0,0,0,Yes,6.1,7.8,11,1
NET16407,33,Premium,40,649,21.8,15,4,1,66,1,Debit Card,0,0,0,No,6.6,7.0,40,0
NET16408,27,Premium+,6,919,31.5,17,22,3,47,3,Net Banking,1,0,0,No,10.0,6.0,10,0
NET16409,32,Basic,47,179,27.8,13,11,3,55,4,UPI,2,0,0,No,8.7,9.9,47,0
NET16410,34,Basic,29,219,8.7,4,12,4,22,4,Wallet,0,0,1,No,8.1,9.9,33,0
NET16411,30,Premium,12,649,27.3,19,7,2,50,4,UPI,1,0,0,Yes,6.3,5.8,15,0
NET16412,15,Standard,6,449,33.7,15,1,2,53,6,Net Banking,0,0,0,No,4.4,4.6,10,1
NET16413,33,Premium,6,699,19.8,12,19,4,30,4,UPI,0,0,1,No,5.0,7.0,10,0
NET16414,34,Basic,20,199,15.2,9,3,3,52,4,Credit Card,1,0,0,No,9.6,7.4,22,0
NET16415,24,Premium,12,649,33.4,17,17,2,53,6,Net Banking,0,0,0,Yes,7.9,5.2,15,0
NET16416,19,Premium+,7,899,30.4,21,12,4,47,2,Net Banking,0,0,0,No,8.0,7.9,8,0
NET16417,44,Premium,14,649,15.2,8,10,3,64,7,UPI,0,1,1,Yes,7.1,6.0,17,0
NET16418,35,Basic,18,199,18.5,9,0,2,27,4,UPI,0,0,1,Yes,7.1,7.6,20,0
NET16419,28,Premium,1,649,47.2,27,5,6,64,5,Credit Card,0,0,0,No,8.6,5.6,5,0
NET16420,20,Premium,1,649,11.8,8,1,2,33,6,Wallet,0,0,1,No,4.6,8.0,6,0
NET16421,23,Premium,1,699,13.9,6,12,1,29,2,Net Banking,0,0,1,No,7.9,4.6,4,0
NET16422,42,Basic,3,199,38.2,25,7,3,64,5,Debit Card,0,0,0,Yes,7.3,4.7,5,0
NET16423,32,Premium,7,649,17.7,8,6,2,49,6,UPI,1,0,0,Yes,4.8,8.8,12,0
NET16424,26,Basic,22,199,8.1,3,14,1,62,6,UPI,0,1,1,Yes,6.5,7.5,23,0
NET16425,35,Basic,6,219,16.0,8,2,3,36,3,Net Banking,0,1,2,No,8.8,7.7,10,0
NET16426,23,Standard,1,399,25.4,19,0,2,37,6,Credit Card,0,0,0,No,5.1,7.0,4,0
NET16427,44,Standard,9,399,11.5,6,2,3,18,6,UPI,0,0,0,No,8.9,9.3,12,0
NET16428,43,Premium,79,649,49.0,31,1,3,42,2,Net Banking,1,0,0,No,5.4,9.1,84,0
NET16429,26,Premium,6,629,13.3,8,1,5,29,6,UPI,0,1,1,Yes,9.8,5.8,10,0
NET16430,25,Basic,45,249,22.1,11,5,3,61,4,UPI,0,0,0,No,6.8,4.9,48,0
NET16431,15,Premium,1,699,12.0,7,3,2,54,3,Wallet,0,1,1,Yes,1.9,5.6,5,0
NET16432,17,Premium+,2,899,24.2,16,23,2,16,5,Credit Card,0,0,0,No,8.7,7.7,4,0
NET16433,18,Basic,18,249,18.6,12,3,2,39,5,UPI,0,0,1,Yes,6.6,8.5,22,0
NET16434,32,Standard,9,449,41.3,21,0,2,64,2,Net Banking,0,0,1,Yes,6.4,9.3,10,0
NET16435,28,Standard,20,379,45.3,26,12,3,23,4,Credit Card,0,0,0,No,6.6,7.5,24,0
NET16436,18,Standard,27,449,10.5,7,1,2,27,4,UPI,0,2,2,Yes,7.7,4.9,32,0
NET16437,28,Standard,4,449,25.9,18,0,1,52,3,Credit Card,0,0,0,Yes,7.2,10.0,7,0
NET16438,35,Standard,16,399,27.7,12,6,6,37,9,Credit Card,1,0,0,Yes,5.9,10.0,21,0
NET16439,35,Basic,13,249,9.0,4,1,1,55,13,UPI,0,0,0,No,8.2,5.1,17,0
NET16440,15,Premium+,27,899,23.8,14,0,2,58,3,UPI,1,0,0,No,7.5,5.0,31,0
NET16441,29,Premium,7,699,30.8,20,6,5,82,2,Net Banking,0,0,1,Yes,8.0,7.1,11,0
NET16442,18,Standard,1,399,13.1,9,0,2,23,5,Credit Card,0,0,1,No,8.1,4.0,2,1
NET16443,39,Standard,11,449,29.2,18,0,4,85,5,Credit Card,0,1,2,No,8.6,9.2,16,0
NET16444,38,Standard,44,399,26.2,14,6,3,73,6,UPI,0,0,0,No,6.1,5.3,45,0
NET16445,22,Standard,1,449,7.9,4,3,2,48,5,UPI,0,1,2,No,8.1,10.0,4,1
NET16446,24,Standard,3,399,18.3,10,9,3,69,2,UPI,0,0,0,No,7.8,5.0,8,1
NET16447,26,Standard,5,449,17.4,10,1,1,32,3,Net Banking,0,0,1,Yes,7.4,6.7,8,0
NET16448,15,Standard,20,379,30.1,13,4,4,48,6,UPI,1,0,0,No,7.3,6.7,24,0
NET16449,34,Basic,5,199,13.2,7,0,2,28,1,Net Banking,0,0,0,No,7.7,5.6,5,0
NET16450,28,Standard,3,399,31.4,24,3,1,78,3,Credit Card,1,0,0,No,7.9,9.9,8,0
NET16451,39,Premium,14,649,73.2,37,0,2,44,0,UPI,0,0,0,Yes,6.4,8.8,16,0
NET16452,21,Basic,1,199,23.5,12,6,2,78,3,UPI,0,1,1,Yes,7.2,8.9,5,0
NET16453,25,Basic,2,179,13.6,9,5,6,35,6,UPI,0,0,1,No,5.5,5.1,4,1
NET16454,17,Basic,7,179,10.6,5,1,3,35,4,Debit Card,0,1,1,No,10.0,6.7,8,0
NET16455,21,Premium+,6,949,20.6,15,0,5,59,3,UPI,0,0,1,Yes,4.8,6.2,9,0
NET16456,20,Premium,5,629,19.9,10,0,2,16,5,Wallet,0,0,0,Yes,4.6,8.3,5,0
NET16457,39,Standard,1,399,20.2,14,14,3,30,4,Credit Card,0,1,2,Yes,4.8,5.5,4,1
NET16458,24,Premium+,6,919,57.2,26,7,1,51,2,Debit Card,0,0,1,Yes,7.0,4.9,7,0
NET16459,32,Standard,22,449,26.0,14,17,1,19,2,Net Banking,2,5,5,No,8.9,8.5,26,1
NET16460,27,Premium+,7,899,19.1,14,5,3,39,2,Debit Card,0,0,1,No,9.4,8.9,8,0
NET16461,19,Standard,12,399,30.5,14,12,2,45,2,UPI,0,0,0,Yes,4.4,7.5,12,1
NET16462,29,Basic,2,199,18.3,8,8,5,30,5,UPI,1,0,1,No,6.0,6.9,6,0
NET16463,36,Premium,1,649,25.7,12,1,5,66,5,UPI,0,2,2,No,7.7,7.0,6,0
NET16464,20,Standard,29,379,43.1,24,8,3,38,10,UPI,0,1,1,No,8.5,10.0,33,0
NET16465,38,Premium,5,649,17.4,11,5,3,61,2,Credit Card,0,1,1,Yes,5.8,4.9,5,0
NET16466,23,Standard,6,449,37.4,19,1,2,55,2,Debit Card,0,1,1,Yes,7.9,9.4,9,0
NET16467,26,Premium,29,649,17.8,8,0,2,68,4,Debit Card,1,0,0,No,4.9,5.9,33,0
NET16468,35,Standard,17,399,21.9,12,2,4,48,5,Credit Card,0,0,1,Yes,8.8,7.9,20,0
NET16469,25,Basic,19,219,8.2,6,5,3,6,4,UPI,0,0,0,Yes,4.8,8.1,21,1
NET16470,31,Premium+,16,879,12.5,5,4,1,81,2,UPI,1,1,1,No,5.9,8.5,16,0
NET16471,28,Premium,1,649,28.9,15,3,6,52,2,UPI,2,0,0,Yes,8.4,7.4,3,0
NET16472,32,Premium+,44,899,48.9,22,3,2,51,5,UPI,0,0,0,Yes,6.6,7.2,48,0
NET16473,15,Premium,33,649,19.4,13,0,1,50,5,Credit Card,0,0,1,No,6.3,6.4,33,0
NET16474,15,Premium,3,649,6.3,4,0,2,23,4,Credit Card,0,0,1,Yes,7.2,6.2,7,0
NET16475,36,Standard,22,399,18.9,13,3,4,74,9,UPI,0,0,0,No,10.0,6.7,22,0
NET16476,40,Basic,7,199,31.0,20,4,3,50,6,UPI,0,1,2,No,10.0,9.5,10,0
NET16477,22,Basic,16,249,22.5,16,6,3,58,1,Credit Card,0,0,0,No,7.0,10.0,17,0
NET16478,28,Standard,2,379,26.3,17,6,2,50,5,UPI,0,0,0,No,6.2,6.0,7,0
NET16479,33,Premium,10,699,2.6,1,25,4,37,3,Credit Card,0,1,1,No,4.1,6.1,11,1
NET16480,37,Basic,1,179,38.2,18,2,4,48,4,Net Banking,0,0,0,No,8.1,5.0,1,0
NET16481,15,Premium+,10,879,30.0,21,0,3,35,2,UPI,0,2,2,Yes,9.4,5.9,12,0
NET16482,23,Standard,3,449,15.7,10,2,4,42,4,UPI,0,1,2,Yes,7.2,5.0,3,0
NET16483,28,Premium,8,649,16.9,10,8,1,25,6,Net Banking,0,2,2,Yes,6.7,6.6,11,0
NET16484,37,Basic,15,199,13.0,8,1,6,53,4,UPI,0,0,0,No,6.2,5.6,20,0
NET16485,53,Standard,29,419,16.7,7,10,3,25,6,Net Banking,0,0,1,No,7.5,8.0,31,0
NET16486,28,Premium+,2,949,71.4,47,2,4,57,3,UPI,1,2,2,No,6.6,8.5,2,0
NET16487,18,Standard,31,449,64.5,45,0,2,49,5,Credit Card,0,2,2,Yes,6.8,8.3,36,0
NET16488,34,Standard,6,399,25.0,11,7,1,39,3,UPI,0,2,2,Yes,6.4,8.8,11,0
NET16489,42,Basic,25,199,18.9,9,9,1,49,4,Credit Card,1,1,2,No,7.4,5.6,25,0
NET16490,31,Basic,10,249,19.2,9,7,3,62,2,Credit Card,1,0,0,No,7.3,6.2,14,0
NET16491,22,Basic,27,219,40.7,24,2,5,37,4,UPI,0,1,1,Yes,10.0,8.7,30,0
NET16492,39,Premium,15,649,8.3,3,1,2,42,3,Debit Card,0,0,0,No,4.8,5.7,18,1
NET16493,36,Standard,9,449,6.5,3,0,5,42,2,Net Banking,0,0,0,No,6.9,6.6,10,1
NET16494,21,Standard,5,449,5.4,2,19,1,45,1,UPI,0,0,1,Yes,8.2,9.4,9,0
NET16495,34,Basic,48,179,28.0,16,0,6,72,6,Credit Card,1,0,0,Yes,4.9,9.6,50,0
NET16496,39,Premium,22,629,19.0,10,3,3,63,1,Credit Card,2,0,0,No,2.8,10.0,27,0
NET16497,41,Premium,6,699,17.1,8,0,5,69,5,UPI,0,0,1,No,3.5,6.0,7,0
NET16498,30,Basic,2,199,19.9,15,9,3,35,3,Debit Card,0,0,0,No,6.7,6.4,5,0
NET16499,27,Standard,21,379,29.8,19,4,2,57,6,UPI,0,1,1,No,9.5,7.8,21,0
NET16500,42,Basic,64,249,21.8,11,1,2,88,5,UPI,0,2,2,No,10.0,7.5,68,0
NET16501,20,Premium,4,649,6.5,3,19,2,43,5,Credit Card,0,0,0,No,6.6,3.6,7,1
NET16502,34,Premium,34,669,26.6,20,11,2,45,1,UPI,0,0,1,No,6.1,6.2,37,0
NET16503,18,Premium+,1,879,32.3,18,0,3,23,4,UPI,1,0,0,No,7.2,8.1,5,1
NET16504,40,Basic,42,249,14.4,8,10,1,71,4,Debit Card,0,0,1,No,5.9,5.7,45,0
NET16505,28,Standard,19,379,34.0,15,11,3,65,2,Credit Card,0,0,1,Yes,8.0,7.5,20,0
NET16506,42,Basic,5,199,18.6,9,8,2,42,7,UPI,0,0,1,No,10.0,5.7,9,0
NET16507,35,Standard,5,399,11.0,7,2,2,67,4,Wallet,0,0,0,No,7.8,6.8,8,0
NET16508,19,Standard,14,449,33.9,18,1,4,42,3,Net Banking,0,1,1,Yes,9.9,8.4,17,0
NET16509,43,Basic,12,199,22.7,15,4,2,88,8,UPI,2,0,1,No,6.7,10.0,16,1
NET16510,44,Premium,35,669,30.4,15,3,3,12,2,UPI,1,0,0,No,3.6,7.3,35,0
NET16511,38,Standard,20,449,19.3,11,5,6,14,1,Net Banking,0,1,2,Yes,4.5,6.5,22,0
NET16512,24,Premium,10,669,5.7,3,3,2,88,5,UPI,0,0,2,No,10.0,7.5,14,0
NET16513,28,Standard,36,399,26.7,12,1,2,47,3,Debit Card,1,0,0,Yes,8.1,8.8,36,0
NET16514,32,Premium+,12,949,56.9,28,5,1,43,5,Credit Card,0,0,1,No,7.6,5.7,17,0
NET16515,24,Premium+,26,949,19.0,9,4,4,7,9,Debit Card,0,1,1,No,10.0,8.3,29,0
NET16516,46,Premium+,25,899,24.0,15,14,4,24,10,Net Banking,1,1,1,No,8.6,4.6,26,0
NET16517,32,Premium,35,629,28.0,15,6,4,22,8,Net Banking,1,0,0,No,8.4,7.2,40,0
NET16518,15,Premium,1,699,22.8,15,8,2,8,4,UPI,1,0,0,Yes,6.7,7.0,4,0
NET16519,34,Standard,12,399,28.4,18,3,2,31,6,UPI,0,0,0,No,4.6,4.5,15,1
NET16520,27,Basic,8,249,15.4,7,10,2,39,5,UPI,1,0,0,No,7.2,5.1,13,0
NET16521,30,Premium,9,699,28.7,17,2,3,79,8,UPI,0,0,0,No,6.4,8.7,9,0
NET16522,27,Premium,8,699,29.2,13,22,4,64,1,UPI,0,0,0,Yes,2.5,6.4,12,1
NET16523,38,Premium+,25,949,47.1,27,10,2,60,7,Net Banking,1,1,1,No,10.0,4.9,27,1
NET16524,41,Standard,5,399,56.1,41,0,1,44,8,Credit Card,1,1,1,No,8.5,9.2,7,0
NET16525,33,Standard,8,399,6.1,3,10,5,25,7,UPI,0,1,1,No,4.7,7.5,12,0
NET16526,27,Premium,3,629,8.2,5,4,4,23,2,UPI,0,0,0,No,4.6,9.2,7,0
NET16527,30,Premium+,4,899,22.6,10,5,5,39,5,UPI,0,1,2,No,7.4,8.2,5,0
NET16528,31,Basic,15,199,17.6,13,38,5,38,4,Credit Card,0,0,1,Yes,7.0,8.0,19,0
NET16529,23,Standard,1,419,26.7,14,7,2,14,3,Credit Card,0,0,0,No,5.0,5.8,2,0
NET16530,36,Standard,2,379,30.4,18,0,6,33,1,UPI,0,0,0,Yes,6.7,8.5,6,0
NET16531,35,Basic,10,199,15.0,8,8,1,33,7,UPI,0,0,0,Yes,5.4,9.4,11,0
NET16532,44,Basic,1,199,14.2,7,1,4,28,5,UPI,1,2,2,No,5.5,6.7,5,0
NET16533,42,Standard,1,419,33.9,15,16,3,37,1,Credit Card,0,1,3,No,6.3,6.9,5,0
NET16534,24,Premium,27,669,49.6,33,1,2,54,7,UPI,1,2,2,Yes,8.8,7.8,29,0
NET16535,38,Basic,26,199,7.1,5,3,1,37,2,Debit Card,1,1,1,Yes,5.5,7.0,29,1
NET16536,22,Standard,5,399,41.1,19,10,3,35,5,UPI,0,1,1,No,10.0,8.3,8,0
NET16537,37,Premium,5,649,16.2,7,19,3,40,0,Credit Card,0,0,0,Yes,8.2,10.0,6,0
NET16538,26,Premium+,38,899,28.3,17,1,4,19,7,Net Banking,0,0,0,Yes,8.2,7.8,38,0
NET16539,21,Premium+,1,899,33.1,15,0,5,40,1,Wallet,0,0,0,No,8.9,7.9,6,0
NET16540,33,Standard,12,399,44.8,27,9,1,24,3,Credit Card,0,1,1,Yes,6.8,6.0,14,0
NET16541,15,Premium+,12,949,31.1,17,11,3,57,9,UPI,0,1,1,Yes,7.7,9.2,16,0
NET16542,15,Basic,21,219,2.6,1,5,2,22,2,Debit Card,0,0,0,No,4.3,7.1,23,0
NET16543,29,Premium,42,669,3.6,1,1,5,71,3,Net Banking,0,0,0,No,7.4,8.4,42,1
NET16544,31,Premium,6,669,14.9,10,1,3,5,2,UPI,0,0,0,Yes,5.5,6.6,8,0
NET16545,27,Basic,8,219,8.2,5,3,3,54,2,UPI,0,0,0,No,6.4,6.6,8,0
NET16546,16,Standard,15,449,26.8,14,1,3,38,5,UPI,0,0,1,No,5.1,9.1,20,0
NET16547,23,Basic,47,179,6.0,4,2,2,61,8,Credit Card,1,0,0,No,8.3,6.9,47,0
NET16548,34,Premium,31,649,35.9,19,9,3,36,2,UPI,0,0,0,No,9.2,6.8,31,0
NET16549,36,Standard,15,419,29.8,14,0,3,7,5,Debit Card,0,0,0,Yes,8.5,7.2,15,0
NET16550,30,Premium,27,649,23.1,11,2,2,22,8,Net Banking,0,0,1,No,6.5,7.2,27,0
NET16551,41,Basic,1,199,23.7,14,3,2,37,3,UPI,0,0,0,No,7.5,5.8,5,0
NET16552,34,Basic,6,249,30.5,20,1,3,20,4,Net Banking,0,1,1,No,7.8,6.5,8,0
NET16553,24,Premium+,1,899,28.6,14,7,2,48,2,Credit Card,1,0,0,No,7.9,6.2,4,1
NET16554,28,Premium,2,669,26.8,13,3,2,62,3,Credit Card,0,0,0,No,4.9,5.9,5,0
NET16555,18,Premium+,13,899,41.5,24,17,3,31,3,Debit Card,0,1,3,Yes,8.2,7.1,17,0
NET16556,30,Standard,30,449,31.5,17,2,4,53,3,Credit Card,0,0,0,No,9.2,5.8,31,0
NET16557,41,Basic,14,219,22.7,11,15,3,49,1,Credit Card,1,0,0,No,7.0,9.7,19,0
NET16558,37,Standard,15,449,32.8,16,5,2,56,2,UPI,1,0,1,Yes,4.4,7.3,15,0
NET16559,43,Standard,1,399,19.7,10,4,1,33,2,UPI,1,0,0,No,7.7,7.7,3,0
NET16560,28,Basic,15,179,16.3,8,1,2,53,4,Wallet,1,1,2,Yes,7.7,8.9,15,0
NET16561,43,Premium,8,649,35.3,18,17,4,56,5,Debit Card,0,1,2,No,5.2,5.4,8,0
NET16562,29,Standard,14,399,20.1,10,2,4,53,7,UPI,0,0,0,No,8.4,10.0,17,0
NET16563,44,Basic,5,199,31.6,22,4,2,60,3,Debit Card,0,0,0,No,9.5,5.7,5,0
NET16564,30,Standard,12,399,24.9,13,16,3,43,2,Debit Card,0,1,2,Yes,8.7,7.9,14,0
NET16565,37,Standard,7,379,19.6,9,11,4,34,2,Debit Card,0,1,1,No,4.6,5.2,9,1
NET16566,44,Premium,11,699,29.1,21,2,1,51,5,Credit Card,0,1,2,No,5.5,7.7,14,0
NET16567,29,Standard,2,399,14.6,8,9,4,22,6,UPI,0,0,0,No,7.4,6.4,6,0
NET16568,32,Standard,7,399,7.2,4,6,3,37,3,UPI,0,0,0,Yes,10.0,8.7,10,0
NET16569,42,Basic,6,219,14.4,9,0,3,81,7,UPI,0,0,0,No,7.9,7.3,9,0
NET16570,29,Premium+,18,899,48.3,26,4,6,32,2,UPI,0,0,1,No,8.6,10.0,18,0
NET16571,19,Premium+,17,899,16.8,11,3,1,29,4,UPI,1,0,0,No,8.6,6.7,18,0
NET16572,50,Premium,33,649,28.7,13,6,6,33,7,Credit Card,0,0,1,No,4.5,6.8,38,0
NET16573,26,Basic,13,219,13.1,9,7,3,19,6,UPI,0,1,1,No,5.1,4.6,17,0
NET16574,32,Standard,5,449,22.0,10,7,3,32,4,Net Banking,0,0,0,No,4.9,5.5,9,0
NET16575,41,Premium,21,629,43.9,33,3,5,37,6,UPI,0,1,1,No,8.1,7.2,25,0
NET16576,25,Premium+,9,949,38.1,21,17,3,46,2,UPI,0,2,2,No,7.8,8.9,9,0
NET16577,21,Premium+,3,919,20.2,15,0,4,48,5,UPI,0,0,1,No,7.2,5.0,6,0
NET16578,33,Premium,19,649,30.9,14,6,2,57,3,Credit Card,1,1,2,Yes,7.8,9.7,24,0
NET16579,15,Basic,1,179,6.5,3,3,6,31,9,Wallet,1,0,0,No,6.5,5.7,1,0
NET16580,28,Premium+,2,949,17.4,11,1,2,84,4,Debit Card,0,2,2,Yes,6.8,7.6,4,0
NET16581,33,Premium,19,629,58.7,41,0,5,24,6,Credit Card,1,0,0,No,6.5,9.3,20,0
NET16582,28,Premium,20,629,10.7,7,3,3,38,1,UPI,0,0,0,No,8.5,6.8,21,0
NET16583,17,Standard,21,379,34.9,25,2,3,52,2,UPI,0,1,2,Yes,8.2,6.0,26,0
NET16584,45,Standard,4,399,34.7,22,1,5,35,5,Debit Card,0,1,2,No,6.3,8.4,4,0
NET16585,31,Standard,28,419,6.7,4,0,2,43,4,Credit Card,0,0,0,No,4.4,5.8,31,0
NET16586,43,Basic,17,219,5.1,2,2,1,34,3,Wallet,0,0,0,No,6.4,7.2,21,0
NET16587,28,Standard,25,399,29.2,14,16,5,50,3,Credit Card,0,1,1,No,7.2,9.7,30,0
NET16588,23,Premium,17,699,13.3,7,4,2,49,3,Wallet,0,0,0,Yes,7.0,8.4,22,0
NET16589,33,Basic,12,199,28.3,13,1,3,71,1,UPI,1,1,1,No,6.1,7.2,14,0
NET16590,29,Basic,1,249,28.0,17,22,2,29,3,Net Banking,2,2,2,No,5.3,4.9,3,1
NET16591,20,Basic,17,179,36.2,24,6,6,37,3,Credit Card,0,0,0,No,6.1,10.0,22,0
NET16592,44,Standard,16,449,21.0,13,4,6,46,1,Credit Card,1,2,2,Yes,8.2,3.1,17,0
NET16593,25,Premium+,5,949,86.4,61,4,3,14,5,Wallet,0,1,1,No,7.7,4.8,10,0
NET16594,15,Basic,18,179,32.9,16,9,6,69,5,Credit Card,0,0,0,No,7.4,7.1,21,0
NET16595,42,Basic,11,199,16.0,8,4,2,76,6,UPI,0,0,0,Yes,10.0,7.3,15,0
NET16596,26,Premium+,11,949,22.1,15,0,1,41,4,UPI,0,1,1,Yes,8.9,5.6,12,0
NET16597,25,Premium,6,649,25.1,14,3,3,44,3,Net Banking,0,0,0,Yes,7.1,7.5,9,0
NET16598,15,Basic,1,199,21.7,13,9,4,61,4,Credit Card,0,1,1,No,9.0,8.7,5,0
NET16599,46,Premium,3,669,38.2,26,2,3,46,4,Net Banking,0,0,0,No,4.8,7.9,3,0
NET16600,19,Premium,20,629,35.4,23,0,2,42,6,Wallet,0,0,1,No,7.5,7.7,23,0
NET16601,31,Premium,4,629,18.1,9,5,3,44,4,UPI,1,0,0,No,5.2,9.2,9,0
NET16602,39,Standard,1,399,11.4,6,13,2,71,5,UPI,0,1,1,No,9.8,7.1,6,1
NET16603,34,Premium+,81,899,24.7,16,26,1,68,2,Credit Card,0,0,0,Yes,10.0,7.2,83,0
NET16604,30,Basic,3,199,5.8,2,0,1,8,4,UPI,0,0,0,No,7.9,10.0,6,0
NET16605,15,Basic,14,179,7.2,3,19,1,89,3,Net Banking,2,1,1,No,7.9,7.5,17,0
NET16606,23,Standard,36,379,16.2,9,2,3,52,5,Debit Card,0,2,2,No,5.1,6.9,41,0
NET16607,32,Standard,12,399,6.7,3,8,2,55,3,UPI,2,1,1,Yes,6.5,9.1,17,0
NET16608,23,Premium+,22,879,6.8,4,1,4,39,4,Debit Card,2,0,0,No,6.0,7.9,25,1
NET16609,32,Standard,52,379,12.4,8,6,3,79,5,UPI,1,1,1,No,6.5,7.1,56,0
NET16610,37,Basic,27,219,18.6,8,6,2,29,2,Net Banking,0,0,0,No,6.6,7.6,31,0
NET16611,39,Standard,11,449,29.6,14,1,5,8,3,UPI,0,1,2,No,6.0,6.3,11,0
NET16612,19,Standard,6,419,13.4,7,3,2,51,2,UPI,0,0,0,No,5.8,6.6,6,0
NET16613,50,Premium+,9,949,49.9,27,3,4,14,3,UPI,1,1,3,Yes,4.9,9.0,13,0
NET16614,37,Standard,25,419,27.0,14,6,4,50,5,UPI,0,0,0,No,9.5,6.9,29,0
NET16615,30,Premium,26,669,15.0,7,22,3,62,7,UPI,1,0,0,No,10.0,7.2,27,1
NET16616,40,Premium,26,649,67.6,38,1,2,46,2,UPI,1,0,2,No,6.4,6.8,29,0
NET16617,52,Premium,12,649,66.7,42,1,2,41,2,Credit Card,0,0,1,No,7.7,6.1,15,0
NET16618,18,Premium,9,669,44.1,20,2,3,24,2,UPI,0,0,1,Yes,8.7,5.8,11,0
NET16619,28,Basic,5,199,9.3,5,6,2,36,3,Debit Card,0,0,1,Yes,4.3,8.0,9,0
NET16620,15,Premium,1,669,19.1,9,11,2,24,4,UPI,1,1,1,No,7.9,9.2,5,0
NET16621,32,Premium,20,649,20.4,9,0,2,83,6,Wallet,0,1,1,No,8.4,7.5,20,0
NET16622,34,Premium,4,649,48.9,25,1,3,51,2,Wallet,0,0,1,Yes,4.9,9.0,9,1
NET16623,30,Premium+,5,949,38.5,19,5,6,12,8,UPI,0,0,0,No,6.9,7.8,5,0
NET16624,25,Premium,25,649,47.8,22,0,2,78,2,Wallet,0,0,1,No,6.4,6.8,30,0
NET16625,15,Premium,1,629,43.2,23,2,2,52,5,Credit Card,1,0,0,No,7.4,6.3,4,0
NET16626,34,Premium+,36,899,24.0,13,3,2,44,3,Debit Card,1,2,2,Yes,6.1,7.5,39,1
NET16627,44,Basic,1,179,10.6,6,9,4,54,7,UPI,0,1,1,Yes,6.5,6.7,6,0
NET16628,25,Standard,39,399,44.6,20,4,3,50,4,Credit Card,0,0,1,No,7.2,6.1,43,0
NET16629,34,Standard,8,449,22.8,11,2,3,59,4,UPI,0,0,1,Yes,8.1,8.1,11,0
NET16630,16,Standard,1,399,32.7,17,0,5,69,3,Wallet,1,0,1,Yes,7.0,4.2,5,1
NET16631,35,Premium,15,669,48.7,35,1,2,45,10,Credit Card,0,0,0,No,8.4,7.5,17,0
NET16632,27,Premium,31,629,24.9,13,4,3,57,7,Net Banking,0,0,0,No,4.6,5.0,33,1
NET16633,24,Premium,8,629,20.8,14,9,3,28,1,UPI,0,0,0,No,7.0,6.9,9,0
NET16634,24,Premium+,16,899,7.5,4,3,4,45,5,Debit Card,0,0,0,No,8.2,7.8,16,0
NET16635,27,Standard,54,419,8.4,4,1,1,52,6,Debit Card,0,0,0,Yes,5.7,7.4,55,1
NET16636,34,Premium,3,669,8.0,6,2,3,46,6,UPI,0,2,2,Yes,9.3,6.5,5,0
NET16637,19,Standard,24,399,52.8,25,0,1,63,2,Credit Card,0,0,1,No,8.0,7.4,27,0
NET16638,27,Standard,4,399,35.9,21,4,3,19,2,Debit Card,1,0,1,Yes,8.3,2.2,4,1
NET16639,30,Basic,7,249,11.4,6,0,2,75,0,UPI,0,1,1,No,5.8,1.8,7,0
NET16640,21,Premium,4,649,21.0,14,11,4,58,9,Debit Card,0,1,1,No,5.3,7.7,5,0
NET16641,47,Standard,8,419,10.5,5,8,5,31,4,Wallet,1,0,1,Yes,7.2,8.4,8,0
NET16642,23,Premium,1,699,52.0,32,7,1,62,10,Wallet,0,0,0,Yes,7.9,8.7,3,0
NET16643,24,Standard,5,399,23.9,13,17,3,37,5,Credit Card,0,2,2,Yes,8.6,5.9,8,0
NET16644,22,Basic,8,249,15.7,9,13,6,38,4,Wallet,0,0,0,Yes,5.6,5.7,9,1
NET16645,47,Standard,14,399,9.3,4,0,5,62,5,Credit Card,1,0,0,No,10.0,5.7,17,1
NET16646,35,Standard,14,419,29.2,14,9,2,40,6,UPI,1,0,0,No,7.1,6.5,19,0
NET16647,22,Premium+,12,899,74.2,39,1,2,25,3,UPI,0,2,2,No,6.5,6.0,13,0
NET16648,40,Basic,4,199,7.0,4,3,4,54,4,UPI,0,1,2,No,4.8,6.0,9,1
NET16649,32,Premium+,41,919,20.0,13,2,2,29,5,UPI,0,0,1,No,3.8,7.7,45,0
NET16650,33,Premium+,6,899,29.3,16,1,6,70,5,UPI,1,0,1,No,9.6,6.9,6,0
NET16651,27,Premium+,3,899,37.3,24,12,3,33,3,UPI,0,1,2,No,8.9,4.8,7,0
NET16652,24,Standard,11,399,45.5,30,2,4,28,4,Net Banking,0,0,1,Yes,9.4,6.7,16,0
NET16653,34,Premium+,19,949,31.4,23,3,3,44,2,Wallet,0,1,1,No,3.8,9.8,19,1
NET16654,26,Standard,1,399,13.4,9,7,4,42,5,UPI,0,0,2,Yes,7.1,4.6,5,0
NET16655,47,Basic,4,199,20.8,11,9,2,5,2,UPI,0,2,2,No,6.7,5.9,7,0
NET16656,19,Basic,24,249,19.0,12,5,3,34,2,Debit Card,0,0,1,No,5.1,7.2,26,0
NET16657,44,Premium+,9,879,45.5,26,3,1,15,2,Wallet,0,1,2,No,9.1,8.5,10,0
NET16658,29,Basic,7,219,11.7,6,0,3,27,4,Credit Card,0,3,3,No,6.7,5.5,7,0
NET16659,33,Standard,37,399,14.5,9,5,4,38,2,UPI,0,1,1,Yes,6.3,7.2,38,0
NET16660,38,Basic,1,249,27.6,12,11,1,47,2,Net Banking,1,0,1,No,6.6,6.3,3,0
NET16661,25,Standard,13,399,11.8,7,0,5,48,4,UPI,0,1,1,No,8.4,6.8,17,0
NET16662,38,Basic,5,199,11.7,8,2,4,55,3,Net Banking,1,1,2,Yes,4.2,7.7,8,0
NET16663,15,Premium,1,649,43.9,25,1,2,47,3,Net Banking,0,0,1,No,8.7,8.3,6,0
NET16664,24,Standard,3,419,24.5,14,4,3,18,4,Credit Card,0,0,1,No,5.0,3.7,4,0
NET16665,22,Premium+,13,949,19.5,9,0,3,61,4,Wallet,0,1,2,No,10.0,7.7,18,0
NET16666,19,Premium,1,699,37.6,28,12,1,43,4,Debit Card,2,0,0,No,7.7,5.4,5,0
NET16667,29,Premium+,12,949,25.2,16,9,2,38,3,Wallet,0,0,0,Yes,4.5,6.5,17,0
NET16668,34,Standard,44,449,30.4,14,0,3,72,4,Net Banking,0,1,1,No,6.8,6.1,44,0
NET16669,37,Premium,22,699,16.0,8,13,3,32,4,UPI,0,1,1,No,5.4,8.0,23,0
NET16670,33,Standard,5,419,26.9,20,8,3,24,2,UPI,0,0,1,Yes,5.9,5.1,6,0
NET16671,25,Standard,2,449,52.9,29,18,3,20,4,Credit Card,0,1,1,No,6.9,7.6,2,0
NET16672,34,Premium,8,669,45.5,29,1,2,52,4,Debit Card,1,0,0,Yes,5.6,8.0,10,0
NET16673,32,Premium,6,669,54.8,25,11,4,5,7,UPI,0,1,1,Yes,6.3,9.5,10,0
NET16674,39,Premium,49,669,27.6,12,0,3,39,8,Debit Card,0,0,0,No,8.1,4.7,54,0
NET16675,37,Premium,64,649,28.8,13,7,1,53,3,UPI,0,1,1,No,6.1,6.4,69,0
NET16676,31,Basic,7,179,18.4,14,0,1,39,3,Credit Card,0,1,2,No,6.6,7.2,8,0
NET16677,22,Premium,2,649,9.8,4,7,6,69,1,UPI,0,1,2,No,9.5,7.4,6,0
NET16678,25,Basic,33,199,10.8,6,0,3,42,2,Net Banking,0,1,1,No,2.9,10.0,38,0
NET16679,26,Standard,22,379,19.9,10,7,3,26,3,Credit Card,0,0,0,No,10.0,7.2,25,0
NET16680,28,Premium,10,649,13.1,7,3,2,14,4,UPI,0,0,2,Yes,5.2,6.0,14,1
NET16681,33,Premium+,6,919,39.3,24,0,1,42,4,UPI,1,0,0,Yes,10.0,8.4,10,0
NET16682,37,Basic,8,219,31.3,20,5,3,38,5,Credit Card,0,0,0,Yes,9.8,6.1,13,0
NET16683,30,Basic,32,249,12.3,7,0,2,11,7,UPI,1,0,0,No,3.9,5.6,32,0
NET16684,31,Basic,2,219,20.9,13,1,3,22,6,Net Banking,0,1,1,No,7.5,7.4,7,0
NET16685,32,Standard,23,399,13.7,6,2,5,16,4,Credit Card,0,0,0,Yes,6.9,5.1,27,0
NET16686,26,Premium,1,649,48.3,28,29,2,31,4,UPI,0,0,1,No,6.0,8.2,6,1
NET16687,22,Premium,35,669,24.3,11,9,3,27,3,Wallet,0,0,0,No,6.2,6.1,40,0
NET16688,15,Premium,9,629,29.1,17,2,2,49,6,UPI,0,0,0,Yes,6.3,5.5,11,0
NET16689,24,Premium,3,649,9.2,5,2,3,29,2,Credit Card,0,0,0,Yes,9.0,3.7,7,0
NET16690,35,Standard,1,379,41.7,20,3,5,59,5,UPI,1,0,2,Yes,7.8,10.0,4,0
NET16691,24,Basic,11,249,14.1,7,9,5,44,5,UPI,1,2,2,No,8.3,8.4,16,0
NET16692,28,Basic,3,249,7.5,5,6,4,30,7,UPI,0,0,0,Yes,9.1,8.1,7,0
NET16693,35,Premium,13,649,22.9,10,4,2,21,5,UPI,0,0,0,No,2.0,5.0,18,0
NET16694,35,Premium,4,649,6.4,2,3,1,33,4,UPI,0,0,0,No,7.8,6.7,4,0
NET16695,21,Premium,1,649,19.0,9,1,3,52,5,Credit Card,0,0,0,Yes,8.7,6.7,4,0
NET16696,39,Standard,9,379,27.8,12,3,3,27,7,Credit Card,0,0,0,No,6.1,10.0,9,0
NET16697,41,Standard,11,399,40.6,21,8,4,54,4,Debit Card,1,0,1,No,8.9,3.9,16,0
NET16698,20,Premium+,8,879,38.7,20,3,3,53,3,Wallet,0,0,1,No,6.9,7.4,10,0
NET16699,23,Basic,8,199,11.8,5,4,2,80,4,UPI,0,1,1,No,6.5,7.1,10,0
NET16700,41,Premium,12,699,6.4,4,2,5,71,2,Net Banking,0,0,0,No,8.3,5.4,12,0
NET16701,29,Standard,10,399,38.8,22,3,5,30,7,UPI,1,0,1,Yes,8.1,7.8,12,0
NET16702,15,Basic,1,199,6.1,3,8,1,18,1,Debit Card,1,0,1,No,9.5,6.6,6,1
NET16703,18,Premium,3,629,25.1,13,15,5,46,1,UPI,0,1,2,No,6.5,8.1,3,0
NET16704,28,Standard,2,399,20.4,12,4,3,47,8,Credit Card,0,2,2,No,10.0,8.5,3,0
NET16705,20,Premium,16,699,17.3,10,0,3,52,6,Credit Card,0,1,1,No,4.9,6.2,20,0
NET16706,27,Premium,10,699,27.1,13,8,3,44,8,UPI,0,0,0,No,5.7,8.8,11,0
NET16707,31,Standard,7,419,16.3,7,8,2,37,3,Net Banking,1,1,2,Yes,7.6,7.4,9,0
NET16708,44,Premium,22,649,26.8,15,6,3,64,4,UPI,0,1,1,Yes,8.3,8.8,22,0
NET16709,28,Standard,5,399,7.0,3,5,1,58,3,Debit Card,1,0,0,Yes,5.7,9.2,5,0
NET16710,40,Standard,11,449,66.7,37,0,3,41,1,Wallet,0,0,0,No,8.3,6.4,16,0
NET16711,43,Premium,1,649,23.6,11,8,1,68,5,UPI,0,0,1,No,8.3,9.3,1,0
NET16712,43,Standard,19,399,22.7,14,24,6,36,5,Credit Card,1,1,2,No,8.0,8.9,19,0
NET16713,33,Basic,16,179,18.1,8,3,6,69,7,Credit Card,0,0,0,No,4.0,9.1,20,0
NET16714,15,Premium+,22,899,48.8,27,1,2,30,4,UPI,0,2,4,Yes,9.3,5.1,25,0
NET16715,35,Standard,30,419,12.3,7,1,5,28,3,UPI,1,1,2,No,10.0,5.4,31,0
NET16716,40,Premium,19,649,37.1,17,1,1,50,5,Credit Card,0,1,1,No,6.2,4.6,21,0
NET16717,30,Premium,26,649,62.1,39,1,5,61,7,UPI,0,2,2,No,3.7,7.6,26,0
NET16718,46,Standard,5,379,29.6,21,8,4,30,3,UPI,1,0,0,Yes,8.5,7.5,6,0
NET16719,38,Standard,5,419,31.8,16,2,3,14,3,UPI,0,0,1,Yes,6.1,7.7,8,0
NET16720,36,Standard,40,419,29.2,19,7,3,50,6,Net Banking,0,0,1,No,4.2,7.5,41,0
NET16721,40,Standard,34,399,18.8,10,0,3,16,3,UPI,0,0,0,No,7.9,7.0,36,0
NET16722,34,Premium,11,669,40.7,30,13,3,43,6,Net Banking,0,0,0,No,6.5,5.9,11,0
NET16723,15,Premium,6,699,6.0,3,0,5,5,3,UPI,2,0,1,No,5.4,8.6,8,0
NET16724,26,Basic,28,199,21.3,14,9,3,49,5,UPI,1,0,1,Yes,8.4,6.9,28,0
NET16725,41,Premium,5,649,18.7,13,7,4,51,2,UPI,0,0,0,Yes,6.9,8.3,8,0
NET16726,23,Premium+,2,899,31.1,23,6,4,79,1,Wallet,1,0,0,No,8.9,5.9,7,0
NET16727,28,Standard,14,399,18.4,8,0,6,49,4,UPI,0,0,0,No,8.2,5.0,16,1
NET16728,21,Premium,1,669,27.9,18,4,1,49,7,Wallet,0,1,1,No,6.0,8.1,2,0
NET16729,47,Premium,6,629,9.3,5,0,2,36,3,UPI,0,1,1,Yes,7.3,5.4,11,0
NET16730,46,Standard,23,399,12.5,7,3,3,60,7,UPI,0,0,0,Yes,8.5,7.4,26,0
NET16731,23,Standard,4,399,23.7,14,1,2,31,3,Credit Card,0,0,0,No,7.2,7.7,6,0
NET16732,32,Premium,37,649,16.0,8,1,2,22,3,Net Banking,0,0,0,No,5.1,6.9,42,0
NET16733,24,Standard,43,419,25.1,13,5,2,43,6,UPI,0,0,1,No,7.2,9.2,43,0
NET16734,36,Standard,23,449,41.1,20,2,2,23,2,Credit Card,0,0,1,No,6.9,7.9,28,0
NET16735,35,Premium,61,649,26.5,16,8,2,58,0,UPI,0,2,2,No,5.1,6.9,64,0
NET16736,38,Premium,10,699,29.0,17,1,2,24,5,Wallet,1,0,0,No,6.9,6.3,10,0
NET16737,33,Standard,11,419,7.8,4,2,3,43,2,Credit Card,0,0,0,Yes,6.4,7.0,16,0
NET16738,57,Basic,25,179,23.2,14,5,5,45,7,Credit Card,0,0,0,Yes,7.8,6.7,29,0
NET16739,21,Standard,9,399,4.7,2,0,4,61,4,UPI,1,2,3,No,7.4,6.5,10,1
NET16740,15,Standard,7,399,17.0,11,11,1,74,5,Debit Card,1,1,1,Yes,5.2,6.9,7,0
NET16741,27,Standard,13,399,19.6,12,0,2,92,3,Credit Card,1,1,1,No,9.6,8.9,15,0
NET16742,16,Standard,15,399,7.7,5,0,2,72,5,UPI,1,0,0,Yes,6.6,9.5,19,0
NET16743,17,Basic,19,219,6.3,3,8,3,9,2,UPI,0,0,0,Yes,3.5,6.8,22,0
NET16744,21,Standard,15,399,7.2,3,9,2,43,5,Debit Card,0,0,0,No,6.4,7.6,17,0
NET16745,22,Standard,19,419,12.4,7,6,1,76,5,Debit Card,1,0,0,Yes,6.1,6.0,22,0
NET16746,22,Standard,15,379,15.2,8,10,1,9,4,Wallet,0,0,1,No,6.2,9.0,19,0
NET16747,35,Standard,9,399,7.6,4,14,1,67,3,Credit Card,0,0,1,No,6.2,5.6,11,0
NET16748,26,Standard,2,399,13.0,8,1,3,27,4,Credit Card,0,0,0,No,7.6,7.7,2,1
NET16749,29,Premium+,21,899,17.9,8,3,3,45,5,UPI,2,0,0,No,9.0,6.8,26,0
NET16750,39,Basic,1,219,6.6,3,3,1,87,4,UPI,0,0,0,Yes,5.6,7.5,3,0
NET16751,24,Premium,68,669,59.7,32,1,2,14,4,UPI,0,0,2,No,6.8,9.1,69,0
NET16752,28,Premium+,24,919,43.0,21,1,3,66,4,Wallet,0,0,0,No,6.4,7.3,24,0
NET16753,34,Standard,15,379,6.9,3,3,2,37,1,Wallet,0,0,0,No,5.5,5.7,16,0
NET16754,15,Premium,47,699,42.8,30,0,2,36,7,UPI,0,0,2,No,6.1,7.5,49,0
NET16755,15,Basic,13,219,33.1,18,8,5,65,6,UPI,0,0,0,No,10.0,7.0,15,0
NET16756,34,Standard,1,419,52.1,32,5,4,44,1,Wallet,2,0,0,No,5.7,7.0,4,0
NET16757,35,Standard,11,399,32.8,21,15,2,51,3,Net Banking,1,2,2,No,9.2,5.8,13,0
NET16758,49,Basic,4,199,24.7,13,0,4,42,3,Credit Card,0,1,1,Yes,3.5,7.1,4,0
NET16759,32,Standard,6,399,12.1,5,6,1,54,4,Net Banking,0,0,1,No,5.7,7.5,7,0
NET16760,38,Standard,8,379,18.5,8,9,4,58,5,UPI,1,0,0,Yes,9.1,9.8,13,0
NET16761,29,Premium,20,649,12.0,6,4,2,6,5,Credit Card,0,0,0,No,7.5,6.2,25,0
NET16762,33,Premium+,9,949,43.7,22,20,3,92,7,UPI,1,1,1,No,5.3,4.0,13,1
NET16763,46,Basic,9,199,6.6,3,0,3,67,3,Net Banking,0,0,0,No,5.3,7.4,10,0
NET16764,15,Standard,5,379,19.2,9,4,5,30,8,UPI,0,1,1,No,7.8,6.4,10,0
NET16765,34,Standard,10,399,27.6,18,2,2,39,2,UPI,0,1,1,Yes,6.8,7.4,15,0
NET16766,50,Standard,3,399,70.2,48,6,1,55,3,UPI,0,0,2,Yes,5.9,7.8,6,0
NET16767,33,Premium,4,649,20.9,12,18,1,64,3,Net Banking,1,0,1,Yes,9.3,8.6,8,0
NET16768,45,Standard,19,379,21.0,12,0,1,34,2,Credit Card,0,1,1,No,5.3,5.6,24,0
NET16769,25,Basic,5,199,18.4,9,2,2,30,5,Wallet,0,0,0,Yes,5.6,6.8,10,0
NET16770,30,Premium,1,629,56.0,30,1,2,34,4,UPI,0,1,2,No,6.4,8.1,5,0
NET16771,31,Premium,5,649,47.3,26,10,4,31,9,UPI,0,0,1,No,5.5,7.5,7,0
NET16772,15,Standard,14,399,27.6,15,14,3,26,1,UPI,0,1,1,No,5.6,7.9,19,0
NET16773,20,Standard,23,399,20.5,13,13,1,9,7,Credit Card,2,0,1,No,9.5,7.6,26,1
NET16774,21,Basic,45,249,22.2,13,2,4,41,3,Net Banking,0,0,0,No,3.4,9.6,48,1
NET16775,38,Basic,19,199,11.6,8,2,2,59,4,UPI,1,0,0,No,3.3,6.6,21,0
NET16776,38,Basic,7,179,19.2,14,6,3,50,2,UPI,0,1,1,No,6.3,6.7,12,0
NET16777,33,Standard,4,449,9.4,7,16,2,44,8,UPI,0,0,1,Yes,4.9,9.8,4,1
NET16778,38,Premium+,1,899,38.2,27,0,2,84,7,Credit Card,0,0,0,Yes,5.1,8.2,3,0
NET16779,29,Standard,13,399,14.4,7,0,5,72,2,Credit Card,0,0,0,No,6.9,6.9,16,0
NET16780,41,Basic,9,249,19.1,8,3,2,87,5,Debit Card,0,0,0,No,3.9,7.3,13,0
NET16781,31,Standard,15,399,28.5,21,3,5,53,8,Net Banking,0,0,0,No,5.8,6.6,15,0
NET16782,31,Standard,3,399,16.6,8,4,3,28,5,UPI,0,2,3,No,4.1,5.4,8,0
NET16783,28,Premium,5,669,78.6,41,1,1,40,2,Debit Card,0,0,1,No,6.3,5.6,8,0
NET16784,37,Standard,4,399,17.8,8,3,5,94,5,UPI,1,0,0,No,5.6,2.7,7,0
NET16785,27,Standard,22,399,14.0,6,9,6,26,4,Net Banking,0,2,2,Yes,7.2,7.0,24,0
NET16786,39,Standard,2,399,25.1,12,8,2,66,7,Debit Card,0,2,2,No,8.2,4.7,3,0
NET16787,20,Basic,13,179,11.6,5,8,6,31,6,Debit Card,0,0,0,Yes,6.9,6.7,16,0
NET16788,21,Basic,1,199,11.2,8,2,3,27,3,Net Banking,0,0,2,No,5.4,8.3,2,0
NET16789,37,Basic,11,249,15.9,9,0,4,57,4,UPI,1,1,1,No,9.5,9.0,11,0
NET16790,30,Standard,1,399,12.9,6,10,3,62,3,Credit Card,1,0,1,Yes,5.4,6.4,5,1
NET16791,26,Basic,2,199,42.1,32,15,2,42,5,Credit Card,0,0,0,Yes,5.0,5.0,3,0
NET16792,39,Standard,1,419,34.0,19,5,4,18,4,Credit Card,0,0,0,No,7.3,10.0,2,0
NET16793,25,Premium,5,629,13.4,10,0,2,52,7,UPI,0,0,0,Yes,5.7,6.2,6,0
NET16794,29,Premium,5,629,8.9,4,1,3,43,9,UPI,0,0,0,No,6.6,8.0,6,1
NET16795,43,Premium,24,649,18.0,11,11,4,14,5,Credit Card,0,0,0,Yes,9.0,8.6,25,0
NET16796,44,Premium,3,699,52.4,26,6,4,36,8,Net Banking,0,1,1,No,7.9,7.5,3,0
NET16797,45,Standard,1,379,42.0,24,1,2,55,5,Net Banking,0,1,1,Yes,7.1,5.2,6,0
NET16798,28,Premium,12,649,64.4,46,0,2,36,1,Debit Card,1,0,0,Yes,7.6,9.1,17,0
NET16799,42,Standard,16,399,16.4,7,2,2,26,2,Debit Card,0,1,2,No,8.8,7.1,19,0
NET16800,22,Standard,4,379,15.9,8,2,3,62,5,UPI,0,0,1,Yes,5.1,10.0,8,0
NET16801,22,Standard,12,399,18.9,9,10,2,44,3,UPI,1,0,0,No,10.0,6.5,15,0
NET16802,15,Basic,20,199,7.0,4,13,2,71,7,Net Banking,0,1,1,Yes,7.3,5.8,20,0
NET16803,46,Premium+,5,919,64.1,45,0,3,55,7,Net Banking,1,0,2,No,8.1,5.1,5,0
NET16804,23,Basic,10,199,3.2,1,1,2,83,7,Credit Card,0,1,2,No,7.0,10.0,11,1
NET16805,29,Standard,2,399,22.2,13,4,5,39,2,UPI,1,0,0,Yes,8.6,7.6,2,0
NET16806,22,Standard,1,449,4.4,2,5,2,33,1,Net Banking,0,0,1,No,9.2,10.0,1,1
NET16807,37,Basic,55,179,27.2,13,1,2,50,4,UPI,0,0,1,No,10.0,7.8,56,0
NET16808,27,Basic,4,249,15.1,8,10,2,32,4,UPI,0,0,0,No,10.0,5.7,4,0
NET16809,19,Basic,4,199,13.1,6,15,2,44,4,Net Banking,0,0,1,No,6.4,8.9,4,0
NET16810,34,Standard,50,449,21.4,13,0,2,26,7,Debit Card,0,0,0,No,5.6,7.8,50,0
NET16811,18,Premium,18,649,9.9,4,8,2,52,5,Net Banking,0,1,2,No,7.1,5.0,20,0
NET16812,23,Standard,12,399,13.0,7,4,2,42,4,Debit Card,1,0,1,No,7.7,7.1,17,0
NET16813,15,Basic,16,249,16.7,9,1,2,38,6,Credit Card,1,0,1,Yes,7.0,8.8,19,0
NET16814,18,Premium,17,669,10.3,7,3,2,46,5,Wallet,0,1,1,No,8.8,6.0,19,0
NET16815,32,Premium+,20,949,49.1,25,4,3,18,6,Credit Card,0,0,0,No,7.2,10.0,23,0
NET16816,15,Basic,1,179,19.3,10,5,2,23,4,Net Banking,1,0,0,No,6.9,8.7,2,0
NET16817,17,Standard,7,449,14.8,6,0,1,61,4,Debit Card,1,0,0,No,5.7,7.1,8,0
NET16818,30,Premium+,4,919,63.3,44,2,2,45,4,UPI,0,0,0,No,6.1,7.9,9,0
NET16819,26,Basic,1,249,36.5,22,4,6,36,5,Wallet,0,0,0,No,6.0,9.2,4,0
NET16820,48,Standard,7,419,28.3,18,6,4,14,2,Wallet,0,0,0,Yes,5.9,7.7,10,0
NET16821,47,Basic,13,179,13.7,7,11,5,54,5,Credit Card,1,0,2,Yes,9.3,6.2,18,0
NET16822,23,Premium+,2,899,16.8,12,5,3,30,3,Net Banking,0,0,1,No,9.9,7.7,6,0
NET16823,36,Premium+,5,919,38.0,17,13,2,22,1,UPI,0,0,1,No,5.8,8.2,8,0
NET16824,37,Premium,14,669,22.3,11,9,4,13,6,Debit Card,0,0,1,No,5.7,6.9,17,1
NET16825,25,Standard,12,419,39.3,23,5,4,40,13,Credit Card,0,0,0,No,5.8,9.6,13,0
NET16826,17,Standard,28,379,58.4,35,5,2,59,7,Debit Card,0,1,1,No,9.3,6.4,29,0
NET16827,30,Basic,21,199,3.8,2,3,3,48,7,Credit Card,0,0,0,Yes,4.4,8.9,21,1
NET16828,29,Premium,47,669,57.9,30,12,5,34,7,UPI,0,0,1,No,5.5,6.6,47,0
NET16829,27,Premium+,12,879,29.9,16,3,1,51,3,UPI,0,1,1,No,8.7,6.9,13,0
NET16830,34,Standard,16,399,33.7,19,0,3,46,2,Net Banking,0,0,0,Yes,10.0,6.7,16,0
NET16831,24,Premium,27,669,29.5,19,0,4,39,4,UPI,0,1,1,No,6.7,10.0,29,0
NET16832,20,Basic,25,199,24.1,16,15,2,67,5,UPI,2,2,2,Yes,4.0,2.4,27,1
NET16833,31,Standard,17,379,23.0,10,0,4,70,9,UPI,0,0,1,No,7.8,7.1,22,0
NET16834,34,Premium,9,649,21.3,11,9,4,39,6,Credit Card,0,0,0,Yes,8.7,5.3,9,0
NET16835,20,Standard,4,399,7.7,4,11,4,31,5,Net Banking,0,0,0,No,7.7,9.2,4,1
NET16836,39,Standard,29,399,22.0,13,4,2,43,4,UPI,0,0,2,No,3.4,5.9,32,0
NET16837,15,Basic,20,199,18.6,9,10,2,21,0,Credit Card,0,0,1,No,7.8,8.6,23,0
NET16838,25,Premium,25,699,64.6,31,0,2,37,3,Wallet,0,2,2,No,6.2,10.0,27,0
NET16839,28,Premium,2,699,10.0,5,41,3,44,0,Credit Card,1,2,2,Yes,5.9,5.9,7,1
NET16840,25,Premium+,5,949,49.0,36,5,2,31,4,Debit Card,0,0,1,Yes,5.6,7.4,7,1
NET16841,25,Premium,7,649,19.3,12,11,4,58,6,UPI,0,0,0,Yes,5.9,9.0,10,0
NET16842,47,Standard,25,449,22.2,10,1,2,47,3,Debit Card,0,0,1,Yes,6.2,9.5,28,0
NET16843,23,Standard,31,379,31.3,17,2,3,56,4,UPI,0,1,1,No,6.0,5.5,36,0
NET16844,52,Premium+,4,879,11.8,5,1,1,84,7,Wallet,0,1,2,Yes,5.8,4.6,7,0
NET16845,34,Standard,16,449,37.7,22,7,3,63,1,UPI,0,0,0,No,8.3,6.9,16,0
NET16846,31,Premium,1,649,5.2,3,0,2,12,4,Credit Card,0,2,2,No,8.2,8.1,2,0
NET16847,35,Premium,7,649,28.7,22,0,3,19,4,UPI,0,0,0,No,5.6,4.3,9,0
NET16848,53,Premium,9,649,72.3,49,0,4,33,3,UPI,0,0,2,No,8.1,6.1,13,0
NET16849,22,Basic,20,199,24.6,15,7,3,37,3,Net Banking,0,0,1,No,6.7,7.2,25,0
NET16850,20,Basic,31,219,19.1,13,6,1,48,1,Debit Card,0,1,1,No,6.8,6.8,34,0
NET16851,24,Premium,5,649,19.1,10,5,3,32,7,Net Banking,0,0,1,No,9.3,4.7,5,0
NET16852,31,Premium,10,629,12.9,5,3,2,19,5,Credit Card,0,0,0,No,8.8,8.9,12,0
NET16853,15,Premium,14,649,28.3,20,16,3,57,4,Wallet,0,0,1,No,6.3,6.5,17,0
NET16854,31,Standard,5,399,23.3,14,19,4,37,4,Net Banking,0,0,0,No,7.7,6.4,5,0
NET16855,46,Standard,59,399,5.8,3,2,3,10,1,Debit Card,0,0,0,No,7.4,5.4,61,1
NET16856,32,Premium,29,649,27.8,20,4,3,56,1,UPI,0,0,0,No,5.6,7.2,31,0
NET16857,28,Premium,4,669,59.0,40,7,5,18,5,Credit Card,0,0,1,No,8.0,7.3,8,0
NET16858,25,Premium,9,699,31.4,18,1,2,19,9,Credit Card,0,1,2,No,8.3,5.6,13,1
NET16859,39,Standard,3,419,6.5,3,8,4,58,4,UPI,1,0,1,No,5.3,7.5,5,0
NET16860,23,Premium+,10,879,22.4,12,8,3,22,2,Debit Card,0,0,0,No,8.6,8.8,10,1
NET16861,47,Standard,16,419,4.9,3,4,1,67,2,UPI,1,0,0,No,10.0,4.8,19,0
NET16862,48,Premium,1,669,29.2,14,3,3,62,4,UPI,0,0,0,Yes,7.2,8.6,6,0
NET16863,33,Basic,28,179,20.8,10,6,3,18,6,Debit Card,0,1,2,No,4.7,5.8,31,0
NET16864,30,Standard,12,379,40.8,20,0,1,27,5,Net Banking,0,1,1,No,6.2,6.1,14,0
NET16865,40,Premium,63,699,28.8,14,11,5,29,5,UPI,0,1,1,Yes,6.2,5.0,66,1
NET16866,40,Basic,1,249,25.2,12,11,3,39,0,UPI,1,0,0,No,4.9,8.7,5,1
NET16867,23,Standard,24,399,22.0,14,4,2,59,3,Debit Card,1,0,1,Yes,6.3,9.0,27,0
NET16868,26,Standard,21,399,12.0,6,0,3,62,6,Credit Card,0,1,1,No,5.4,7.2,22,0
NET16869,19,Premium,1,629,36.8,25,2,5,45,5,Debit Card,0,0,0,No,6.4,8.2,5,0
NET16870,34,Standard,5,419,24.7,15,3,2,46,10,Credit Card,0,1,1,No,8.6,8.0,9,0
NET16871,36,Basic,30,219,8.5,5,11,3,35,1,Wallet,0,3,3,No,8.9,9.0,32,0
NET16872,18,Premium+,10,949,37.4,22,0,3,57,4,Debit Card,1,0,0,Yes,9.1,8.0,12,0
NET16873,26,Standard,7,399,17.4,10,4,1,43,6,Credit Card,0,0,1,Yes,3.7,8.5,10,0
NET16874,18,Basic,33,179,13.4,6,3,3,20,4,Credit Card,0,0,0,No,6.1,8.3,36,0
NET16875,22,Basic,1,249,5.6,3,1,3,58,0,Debit Card,0,0,1,Yes,6.2,4.7,3,0
NET16876,35,Premium+,8,899,13.3,7,1,1,34,5,Credit Card,0,0,0,Yes,7.3,9.1,8,0
NET16877,24,Basic,14,179,18.9,9,5,4,28,7,Wallet,0,1,2,No,7.8,8.2,17,0
NET16878,28,Premium,13,669,8.0,5,20,2,47,1,Wallet,0,0,0,Yes,7.0,7.0,13,0
NET16879,16,Standard,4,419,29.6,17,9,2,80,6,UPI,0,1,1,No,9.6,7.4,8,0
NET16880,32,Premium,11,699,10.6,5,4,4,41,8,Net Banking,0,0,1,No,6.5,4.7,16,0
NET16881,30,Premium,17,649,23.8,12,5,4,54,3,Wallet,0,1,1,Yes,7.5,8.1,22,0
NET16882,24,Standard,12,419,11.3,5,5,2,30,4,UPI,0,0,0,No,4.9,8.3,13,0
NET16883,29,Basic,16,199,27.9,16,7,3,76,10,UPI,0,0,0,No,8.2,9.1,16,0
NET16884,32,Premium,4,699,12.7,6,2,2,51,3,UPI,1,0,0,No,7.8,8.9,7,0
NET16885,23,Standard,25,399,17.6,11,6,2,63,3,UPI,0,0,0,No,10.0,8.8,30,0
NET16886,17,Premium+,8,899,44.0,21,1,1,60,1,UPI,0,0,1,No,8.6,7.8,10,0
NET16887,47,Standard,61,399,15.5,9,9,2,53,0,Debit Card,0,0,1,Yes,8.6,10.0,63,0
NET16888,25,Premium,1,699,34.2,21,16,5,34,4,Credit Card,0,1,1,No,8.5,6.9,2,0
NET16889,30,Basic,6,199,11.0,5,4,2,35,5,Debit Card,0,0,0,No,5.5,7.0,7,0
NET16890,40,Premium,2,669,24.6,12,0,1,38,1,UPI,0,0,0,No,8.6,7.2,6,0
NET16891,62,Standard,11,379,21.0,15,7,4,69,4,Debit Card,0,2,2,No,4.2,6.0,11,0
NET16892,19,Standard,3,449,32.1,22,15,3,35,0,UPI,0,1,1,No,4.4,7.8,4,1
NET16893,35,Basic,18,179,33.7,22,17,1,35,3,UPI,0,0,0,No,5.2,5.0,22,0
NET16894,24,Basic,29,199,19.8,9,14,2,41,5,Net Banking,0,1,1,Yes,6.9,5.3,33,0
NET16895,26,Basic,3,199,13.5,6,4,2,24,10,Credit Card,1,1,1,No,3.9,8.0,7,0
NET16896,24,Standard,2,399,21.4,11,15,6,49,7,UPI,0,0,0,Yes,6.0,5.2,7,0
NET16897,20,Premium,29,629,41.3,19,1,3,68,9,Credit Card,0,0,0,No,6.2,7.0,34,0
NET16898,30,Standard,6,379,42.2,21,0,2,38,3,Credit Card,0,0,1,No,10.0,6.5,9,0
NET16899,17,Premium,7,649,70.9,36,0,4,41,5,Credit Card,1,1,3,No,7.8,8.6,8,0
NET16900,39,Basic,3,179,3.8,1,0,2,62,2,UPI,0,0,0,No,6.4,5.6,8,0
NET16901,31,Standard,7,419,5.8,3,0,3,55,7,UPI,0,0,1,Yes,2.1,7.5,9,1
NET16902,34,Standard,3,399,23.0,17,5,3,69,4,Credit Card,1,1,2,No,6.6,6.8,7,0
NET16903,26,Premium+,15,899,19.8,10,7,4,42,5,Net Banking,0,2,2,Yes,10.0,6.0,17,0
NET16904,27,Premium,9,649,7.1,4,0,3,42,2,Wallet,1,0,0,No,6.9,6.7,12,0
NET16905,33,Standard,21,399,33.3,21,2,2,61,4,Debit Card,0,0,0,Yes,6.0,7.9,21,0
NET16906,20,Premium,5,629,72.3,35,2,2,29,2,Debit Card,0,1,1,Yes,7.7,5.1,8,0
NET16907,27,Basic,9,199,18.8,9,1,3,79,6,Net Banking,0,0,0,Yes,7.6,4.3,12,0
NET16908,23,Standard,4,399,39.3,22,13,2,49,8,UPI,0,0,1,No,5.6,6.5,5,0
NET16909,22,Basic,38,199,20.8,14,4,2,71,3,Credit Card,0,0,0,Yes,4.8,5.0,42,0
NET16910,15,Standard,10,379,4.6,2,5,5,42,7,UPI,1,1,3,Yes,10.0,8.6,13,0
NET16911,43,Basic,2,219,12.7,7,0,3,75,5,Credit Card,0,1,2,Yes,8.5,7.0,6,0
NET16912,24,Premium,4,669,22.0,11,0,4,21,3,UPI,2,0,0,Yes,5.3,7.3,6,1
NET16913,41,Standard,1,419,42.0,19,2,2,51,6,UPI,0,1,1,Yes,8.5,7.2,1,0
NET16914,40,Premium,1,629,35.2,18,0,5,18,6,Net Banking,0,0,0,No,8.6,6.9,1,0
NET16915,19,Standard,10,399,17.1,12,0,2,44,8,UPI,0,0,0,No,5.9,8.7,12,0
NET16916,21,Basic,5,179,29.5,19,17,4,43,5,Wallet,1,1,1,No,6.8,10.0,6,0
NET16917,54,Premium,46,649,45.6,29,0,6,54,5,UPI,0,0,2,Yes,6.5,8.6,48,0
NET16918,46,Premium,2,669,12.4,6,3,1,53,1,Net Banking,0,0,0,No,7.8,7.4,7,0
NET16919,30,Premium+,22,899,34.5,26,8,2,43,4,Wallet,0,1,1,Yes,4.0,7.8,24,1
NET16920,33,Standard,5,379,17.7,10,2,4,53,6,Credit Card,0,0,0,No,8.0,6.1,10,0
NET16921,25,Premium,3,699,11.8,5,4,2,50,3,Debit Card,0,0,1,No,7.6,10.0,4,0
NET16922,34,Premium,48,699,11.2,5,2,1,46,3,UPI,1,0,0,Yes,8.6,7.3,49,0
NET16923,24,Basic,22,179,17.4,8,7,2,45,5,Debit Card,0,0,0,No,10.0,9.6,25,0
NET16924,15,Basic,13,199,13.1,6,5,6,10,7,UPI,0,0,0,No,6.5,6.9,17,0
NET16925,19,Basic,16,199,8.9,4,2,4,56,6,Net Banking,1,1,1,No,7.4,2.4,16,0
NET16926,31,Standard,66,379,15.7,10,5,3,71,6,Net Banking,0,1,3,Yes,7.0,7.8,67,0
NET16927,20,Standard,12,379,30.2,15,0,2,53,7,Net Banking,1,1,1,No,7.4,8.3,17,0
NET16928,30,Premium+,1,949,71.0,37,1,4,47,5,Credit Card,0,0,0,Yes,8.7,4.1,2,0
NET16929,21,Standard,1,419,12.9,8,9,4,73,7,Debit Card,1,0,0,Yes,4.6,6.9,4,1
NET16930,23,Premium,15,669,24.3,11,0,3,46,5,Wallet,0,0,0,Yes,3.4,9.9,18,0
NET16931,38,Premium,15,649,32.9,15,6,5,49,4,Net Banking,1,1,1,No,5.4,8.2,19,0
NET16932,33,Basic,19,199,7.4,4,4,2,92,3,UPI,0,1,1,Yes,9.3,5.3,20,1
NET16933,30,Basic,1,199,36.1,18,1,3,28,5,Credit Card,0,0,0,No,7.0,5.9,2,0
NET16934,38,Standard,40,449,13.5,7,1,3,50,5,UPI,1,0,0,No,9.6,5.6,43,0
NET16935,35,Premium,11,629,11.6,6,18,1,66,2,Net Banking,0,0,0,Yes,7.5,6.1,13,0
NET16936,44,Premium+,14,899,20.4,13,3,1,47,6,Wallet,1,0,0,No,6.8,6.6,18,0
NET16937,26,Standard,1,449,10.3,5,3,3,39,4,Wallet,0,0,0,Yes,6.6,7.7,2,0
NET16938,27,Premium,45,649,35.2,17,11,3,40,7,Credit Card,0,1,1,No,5.3,9.3,45,0
NET16939,19,Standard,11,379,4.8,2,2,3,48,1,UPI,0,0,0,Yes,7.4,10.0,11,0
NET16940,27,Premium,11,649,34.6,18,9,5,34,4,UPI,1,0,2,No,10.0,6.5,16,0
NET16941,39,Standard,40,419,9.9,5,5,3,40,7,Wallet,0,0,0,No,8.0,5.4,43,0
NET16942,42,Basic,37,219,16.6,7,1,1,62,3,Credit Card,0,0,0,No,5.8,5.3,42,0
NET16943,39,Basic,3,179,14.5,7,2,2,5,2,Wallet,0,1,1,Yes,4.6,6.0,3,1
NET16944,15,Basic,37,199,5.8,2,0,2,51,2,Wallet,1,0,0,Yes,9.9,6.3,40,0
NET16945,40,Standard,18,379,21.5,12,3,4,24,3,Credit Card,1,0,0,Yes,10.0,6.4,20,0
NET16946,15,Premium,1,649,32.1,20,16,3,53,6,Credit Card,0,0,1,No,8.6,6.8,4,0
NET16947,39,Basic,3,219,15.0,8,5,3,50,5,Wallet,0,0,0,No,7.1,8.7,4,0
NET16948,27,Premium,7,629,12.1,8,5,3,51,0,UPI,0,1,1,No,10.0,5.7,7,0
NET16949,37,Standard,12,379,39.4,18,12,3,60,3,UPI,0,1,1,No,9.4,8.4,13,0
NET16950,19,Premium,16,649,56.6,35,0,5,32,3,Net Banking,1,0,0,No,8.1,8.0,16,0
NET16951,41,Premium,3,669,37.6,21,9,3,51,7,UPI,0,0,0,No,7.6,5.2,3,0
NET16952,17,Premium,25,669,30.1,15,7,2,56,1,UPI,0,0,0,Yes,9.2,8.4,28,0
NET16953,24,Standard,26,399,16.8,9,4,4,68,2,UPI,0,1,1,Yes,4.4,8.6,30,1
NET16954,22,Standard,14,399,10.4,6,2,5,46,3,UPI,0,0,0,No,3.5,8.4,14,0
NET16955,15,Premium,35,649,42.6,19,0,2,36,3,UPI,0,0,1,Yes,7.5,8.3,35,0
NET16956,31,Basic,23,219,22.5,10,5,2,13,5,UPI,0,1,1,No,8.2,4.7,28,0
NET16957,47,Standard,3,419,23.1,16,5,3,62,5,Credit Card,0,0,0,Yes,5.5,5.9,7,0
NET16958,55,Basic,22,179,22.8,13,2,5,48,3,Credit Card,0,0,0,No,5.9,7.0,23,0
NET16959,31,Premium,42,669,5.3,3,1,6,16,5,UPI,0,1,1,Yes,8.2,5.5,42,0
NET16960,41,Premium,2,649,65.1,37,0,2,39,2,Credit Card,0,1,1,Yes,8.2,8.1,5,0
NET16961,33,Premium,53,649,22.7,15,3,1,49,3,UPI,1,0,0,No,7.2,10.0,57,0
NET16962,35,Standard,1,399,12.3,7,8,1,18,3,Wallet,1,2,2,No,9.1,4.1,5,1
NET16963,27,Basic,10,199,19.2,10,4,4,50,2,Debit Card,0,0,1,Yes,7.0,4.0,15,0
NET16964,32,Premium+,20,899,51.6,36,0,4,56,5,UPI,0,0,0,No,8.4,7.7,20,0
NET16965,35,Standard,21,379,13.0,6,13,3,42,5,Wallet,1,0,0,No,4.7,8.4,22,0
NET16966,25,Standard,18,399,42.5,26,3,3,68,3,Debit Card,0,0,0,No,5.8,6.2,19,0
NET16967,30,Standard,10,399,36.4,17,13,3,17,1,Credit Card,0,0,1,Yes,6.4,5.0,12,0
NET16968,30,Basic,14,219,41.6,31,5,2,44,4,UPI,1,0,0,No,6.4,4.3,16,0
NET16969,38,Basic,16,199,29.8,14,5,4,36,7,Credit Card,0,0,1,Yes,6.0,9.1,19,0
NET16970,21,Standard,9,419,30.6,14,2,3,46,6,Credit Card,1,1,1,Yes,7.4,4.9,14,0
NET16971,30,Basic,12,179,9.3,4,21,4,33,8,UPI,0,1,1,Yes,4.1,8.6,12,1
NET16972,48,Basic,26,199,14.3,10,24,3,40,3,UPI,1,1,1,Yes,6.9,7.4,27,0
NET16973,41,Premium,5,649,24.6,14,2,3,72,3,Wallet,0,0,1,No,7.2,8.8,7,0
NET16974,43,Standard,10,419,11.4,5,9,5,51,6,Credit Card,0,0,0,No,7.3,6.1,10,0
NET16975,31,Standard,1,449,60.7,34,0,3,19,3,Credit Card,0,0,0,No,7.3,5.2,6,0
NET16976,33,Premium,16,669,14.5,7,5,6,55,8,Net Banking,0,1,1,Yes,7.1,7.3,16,0
NET16977,40,Premium+,3,879,13.6,6,6,3,37,4,Debit Card,0,0,0,No,5.9,8.1,4,0
NET16978,45,Basic,9,199,14.5,7,24,2,52,4,Credit Card,2,1,2,No,8.3,8.4,9,1
NET16979,15,Premium,3,669,32.9,16,2,3,70,6,Wallet,1,1,1,No,8.1,6.1,7,0
NET16980,19,Standard,1,379,58.6,32,7,3,65,9,UPI,0,1,1,No,7.9,8.7,3,0
NET16981,42,Basic,9,199,8.1,4,1,2,40,1,UPI,0,0,0,Yes,5.7,6.6,12,1
NET16982,28,Standard,7,449,11.7,5,0,4,66,5,UPI,0,1,1,Yes,10.0,8.4,9,0
NET16983,24,Standard,7,449,34.2,22,2,3,66,7,UPI,0,0,0,No,3.7,8.1,7,0
NET16984,19,Premium,3,669,46.1,22,9,1,31,1,Credit Card,0,0,0,Yes,5.5,8.1,7,0
NET16985,26,Basic,41,199,18.2,8,16,2,51,1,UPI,0,2,3,No,6.3,6.0,43,0
NET16986,18,Standard,1,419,22.6,11,0,1,12,6,Credit Card,0,0,0,No,10.0,7.4,2,0
NET16987,49,Premium,31,699,34.4,17,0,2,64,1,UPI,0,0,0,No,8.6,7.9,35,0
NET16988,30,Standard,18,449,12.5,9,2,6,64,4,Debit Card,1,0,0,No,6.8,5.1,23,1
NET16989,30,Premium,2,649,11.1,5,3,5,5,3,UPI,0,1,2,No,10.0,9.8,4,0
NET16990,36,Premium,8,649,16.6,10,15,3,72,7,Credit Card,1,2,2,No,4.2,7.7,8,1
NET16991,39,Standard,62,399,11.5,7,0,2,45,3,Debit Card,0,0,0,No,6.3,6.6,63,0
NET16992,39,Premium+,14,949,52.7,24,11,3,45,6,UPI,0,2,3,No,7.8,9.7,14,0
NET16993,40,Basic,1,249,7.8,5,4,3,64,6,Debit Card,0,2,3,No,7.6,8.5,6,0
NET16994,25,Basic,8,219,8.2,3,1,6,51,1,Debit Card,2,1,1,Yes,4.6,5.5,8,1
NET16995,28,Standard,8,419,19.2,11,1,1,41,5,Credit Card,0,0,0,Yes,6.2,7.8,13,1
NET16996,37,Premium,22,649,27.5,19,0,2,29,3,UPI,0,0,0,No,10.0,7.2,23,0
NET16997,26,Premium,34,699,43.4,24,1,5,63,3,UPI,0,1,1,No,6.0,5.8,38,0
NET16998,30,Standard,1,419,23.4,12,22,2,29,5,Net Banking,0,1,1,Yes,9.0,8.6,3,1
NET16999,34,Basic,5,199,5.5,2,9,3,64,1,UPI,1,0,0,No,7.2,7.2,9,0
NET17000,38,Basic,4,199,6.3,2,19,1,74,6,Wallet,0,0,0,No,9.3,6.3,9,0
NET17001,15,Premium,77,699,22.6,13,1,3,49,7,UPI,1,0,0,No,7.1,6.9,78,0
NET17002,37,Premium,11,629,15.8,9,4,5,68,4,UPI,1,0,0,No,2.6,8.2,16,0
NET17003,28,Premium,29,699,19.3,12,16,4,39,6,UPI,0,0,0,No,8.4,7.9,31,0
NET17004,37,Premium,7,669,9.9,5,6,4,46,6,UPI,1,0,0,No,5.6,5.2,8,1
NET17005,37,Standard,17,449,18.1,8,0,3,22,7,Wallet,0,1,1,No,6.0,8.0,20,0
NET17006,45,Basic,4,179,27.4,17,0,3,38,3,UPI,0,0,0,No,5.0,6.7,7,0
NET17007,43,Standard,33,449,11.8,8,3,4,38,4,Net Banking,1,2,2,No,4.5,9.7,37,0
NET17008,43,Premium,8,669,9.8,6,2,6,31,2,Wallet,0,0,0,Yes,5.3,7.6,9,1
NET17009,43,Standard,22,399,21.9,10,13,3,43,3,Debit Card,0,1,1,No,7.2,8.4,24,0
NET17010,33,Basic,4,219,4.5,2,9,6,40,3,UPI,1,0,1,No,7.5,8.3,8,1
NET17011,31,Premium+,16,899,23.8,16,0,3,50,4,UPI,0,0,1,No,9.3,9.3,19,0
NET17012,38,Premium,7,669,29.4,14,0,5,67,4,UPI,1,0,0,Yes,8.4,7.8,10,0
NET17013,37,Standard,1,399,26.6,18,12,1,55,4,Credit Card,0,1,1,No,7.5,8.8,4,0
NET17014,28,Premium,7,699,16.9,8,3,3,35,5,Net Banking,2,1,1,No,9.3,7.6,11,0
NET17015,34,Premium+,11,899,68.8,39,0,5,44,1,Debit Card,1,0,0,Yes,6.1,8.1,13,0
NET17016,30,Basic,2,249,25.8,12,13,3,61,5,Debit Card,0,2,2,No,7.5,8.1,5,0
NET17017,23,Standard,2,399,23.1,16,7,4,16,5,Wallet,0,1,1,No,9.4,8.0,6,0
NET17018,42,Standard,8,419,35.8,26,1,4,71,4,Credit Card,0,0,0,Yes,7.0,6.8,12,0
NET17019,31,Standard,5,379,17.6,8,5,1,22,2,Credit Card,0,0,0,No,5.4,5.0,5,0
NET17020,49,Premium,8,699,23.3,11,3,2,5,3,Debit Card,0,0,0,No,7.4,8.7,8,0
NET17021,16,Standard,8,399,42.1,29,1,6,76,1,Credit Card,1,0,0,Yes,3.3,7.4,13,0
NET17022,25,Basic,2,179,21.9,10,5,2,18,6,Net Banking,0,0,0,No,9.6,6.0,4,0
NET17023,31,Basic,2,199,13.5,6,3,4,50,1,UPI,0,1,1,No,10.0,7.1,5,0
NET17024,41,Basic,26,199,10.2,5,4,5,29,1,Net Banking,0,0,0,Yes,8.3,5.6,26,0
NET17025,34,Standard,2,399,15.6,10,2,3,39,8,Credit Card,1,0,0,Yes,6.7,3.3,4,0
NET17026,33,Premium,15,669,63.4,37,2,4,52,3,Debit Card,0,0,1,Yes,6.0,7.0,15,0
NET17027,20,Basic,7,199,27.3,15,3,4,68,3,UPI,0,0,0,No,6.5,7.8,10,0
NET17028,20,Premium,48,629,22.0,14,10,3,57,8,Debit Card,0,0,0,No,5.7,8.5,52,0
NET17029,33,Premium,1,649,4.0,1,5,2,64,7,UPI,0,0,0,Yes,10.0,9.0,4,1
NET17030,18,Standard,24,399,18.6,9,1,3,62,6,UPI,0,0,0,No,1.7,9.6,24,0
NET17031,26,Premium,9,699,55.4,41,2,4,74,3,Credit Card,0,1,1,Yes,6.8,4.8,12,0
NET17032,35,Premium,1,669,35.1,26,2,1,58,1,Debit Card,0,0,0,Yes,7.8,9.7,5,0
NET17033,22,Standard,4,399,45.4,26,2,4,61,4,Debit Card,0,1,1,No,6.4,6.1,5,0
NET17034,45,Standard,7,399,10.5,4,1,1,42,7,Debit Card,0,2,2,No,5.9,8.1,11,0
NET17035,42,Premium,5,629,12.2,6,3,2,24,4,UPI,0,1,1,Yes,7.6,9.3,5,0
NET17036,16,Premium+,6,879,37.2,17,0,2,43,4,Credit Card,0,0,0,No,6.1,6.7,10,0
NET17037,22,Standard,34,419,27.7,17,2,4,43,4,Debit Card,0,1,1,Yes,8.9,8.1,39,0
NET17038,15,Standard,6,419,31.5,14,3,2,39,8,Net Banking,0,0,1,No,6.2,9.1,8,0
NET17039,23,Standard,7,449,16.5,9,8,2,36,5,UPI,1,0,2,No,6.5,6.4,10,0
NET17040,37,Basic,20,199,6.9,3,11,2,66,5,Credit Card,0,0,0,Yes,6.6,7.1,25,0
NET17041,27,Standard,22,419,23.6,15,8,1,44,3,UPI,1,0,0,No,9.0,6.0,23,0
NET17042,35,Standard,1,419,27.2,15,0,2,44,6,Debit Card,1,1,2,No,5.6,10.0,2,0
NET17043,17,Basic,17,199,18.6,9,6,3,35,1,UPI,0,1,1,No,5.9,5.0,20,0
NET17044,38,Standard,9,449,25.1,15,11,2,52,0,Debit Card,0,0,1,No,9.6,4.2,12,0
NET17045,26,Basic,2,179,23.3,17,4,6,27,9,Wallet,0,0,1,Yes,10.0,5.7,4,0
NET17046,31,Standard,4,449,49.4,24,16,4,28,2,UPI,0,1,2,No,5.7,5.8,8,0
NET17047,30,Basic,1,199,4.2,3,12,3,59,7,Credit Card,1,1,1,Yes,8.6,8.9,2,0
NET17048,19,Basic,6,179,16.3,11,12,5,5,6,Credit Card,0,1,2,Yes,3.9,4.4,6,1
NET17049,20,Premium,4,629,20.0,10,19,2,10,3,Debit Card,0,1,1,No,10.0,6.1,7,0
NET17050,39,Premium+,6,879,83.0,43,2,6,50,4,UPI,0,2,2,No,8.5,10.0,9,0
NET17051,34,Basic,12,249,23.5,13,6,3,33,5,Wallet,0,1,1,No,7.6,10.0,17,0
NET17052,40,Standard,18,399,22.8,16,8,1,20,5,Credit Card,0,0,0,Yes,5.3,10.0,23,0
NET17053,33,Standard,13,449,40.0,20,2,3,69,3,UPI,0,0,0,No,7.8,6.7,18,1
NET17054,32,Standard,15,449,24.8,13,0,2,42,1,Credit Card,0,0,0,No,6.3,6.1,16,0
NET17055,15,Standard,28,399,27.4,14,0,2,31,4,UPI,1,1,1,Yes,6.8,5.9,33,0
NET17056,28,Standard,28,419,11.0,8,11,2,26,7,Debit Card,2,1,1,No,6.1,6.4,31,0
NET17057,30,Premium,27,699,21.8,15,3,2,5,6,Net Banking,0,0,0,No,7.6,9.3,28,0
NET17058,48,Basic,2,199,18.1,9,2,3,60,8,UPI,1,0,0,Yes,8.3,5.5,2,0
NET17059,37,Basic,4,199,14.2,7,5,1,93,4,UPI,0,1,1,No,6.7,6.4,4,0
NET17060,44,Premium,9,649,24.1,16,0,3,39,1,UPI,0,1,2,Yes,9.1,6.2,10,0
NET17061,36,Premium,6,699,23.5,13,4,3,52,3,Credit Card,0,0,0,Yes,3.0,9.8,9,0
NET17062,24,Standard,1,399,22.1,13,10,5,33,7,UPI,1,1,1,No,9.2,7.8,3,0
NET17063,32,Standard,4,399,37.5,20,3,3,48,3,Wallet,0,0,1,No,4.4,6.9,6,0
NET17064,33,Standard,51,449,33.1,16,4,2,25,3,Net Banking,0,0,2,Yes,9.3,7.0,55,0
NET17065,22,Standard,5,399,44.2,30,1,6,74,7,Credit Card,1,1,1,No,6.8,6.8,7,0
NET17066,27,Standard,7,399,17.1,9,8,4,49,1,UPI,0,1,2,No,6.9,5.5,12,0
NET17067,29,Standard,1,419,11.4,6,4,3,13,6,UPI,2,1,1,No,9.2,7.9,4,0
NET17068,45,Standard,17,449,45.3,30,4,4,88,6,Credit Card,1,2,2,Yes,4.6,8.5,19,1
NET17069,15,Premium,7,669,35.7,21,1,3,17,5,Credit Card,0,1,3,No,8.3,8.2,11,0
NET17070,41,Premium,1,649,23.9,17,14,1,91,4,UPI,1,0,0,Yes,10.0,5.9,1,0
NET17071,22,Standard,48,399,31.5,16,2,5,61,2,Net Banking,1,0,0,No,9.3,5.0,49,0
NET17072,18,Standard,21,399,18.8,8,19,2,24,7,Debit Card,0,0,1,No,6.3,8.0,23,0
NET17073,41,Standard,18,419,37.3,19,2,4,47,9,UPI,1,0,0,No,8.2,8.6,19,0
NET17074,37,Standard,44,379,43.8,21,13,3,32,2,UPI,0,1,1,Yes,9.3,10.0,45,0
NET17075,42,Standard,7,449,9.3,6,4,3,36,4,Credit Card,1,0,0,No,6.0,9.1,12,0
NET17076,38,Premium,17,669,14.9,10,0,2,62,8,Net Banking,0,0,0,No,7.5,5.5,22,0
NET17077,49,Premium,3,649,26.4,20,18,3,27,7,UPI,2,1,1,No,7.9,4.0,3,0
NET17078,36,Premium,16,649,23.9,12,2,3,61,5,Wallet,0,0,0,Yes,8.1,6.3,20,0
NET17079,29,Premium,1,699,17.0,8,10,3,12,1,UPI,0,0,0,No,5.3,7.2,4,1
NET17080,34,Premium+,1,949,30.4,20,5,4,85,6,UPI,0,0,0,No,5.9,5.7,4,0
NET17081,42,Premium,7,649,62.4,36,0,3,42,8,Debit Card,0,1,1,Yes,7.1,6.9,10,0
NET17082,23,Premium+,1,899,17.3,9,0,1,36,3,Net Banking,1,0,0,No,10.0,8.6,5,0
NET17083,25,Basic,8,179,7.7,3,1,4,42,2,Debit Card,1,0,0,No,10.0,7.4,13,0
NET17084,28,Basic,10,199,8.0,3,4,2,15,4,UPI,0,0,0,No,7.1,9.3,14,0
NET17085,15,Standard,13,379,35.0,26,4,2,28,3,UPI,0,0,0,No,7.3,4.6,17,0
NET17086,32,Premium+,1,919,37.9,28,1,3,5,4,Net Banking,0,1,1,Yes,3.8,5.0,3,0
NET17087,15,Standard,2,449,30.0,13,1,1,23,4,UPI,0,1,1,No,8.0,6.0,3,0
NET17088,31,Basic,13,199,76.7,56,0,5,52,5,Net Banking,0,0,0,No,5.3,7.2,17,0
NET17089,38,Standard,15,379,8.2,4,1,2,72,3,Debit Card,0,1,1,No,7.8,7.6,19,1
NET17090,26,Premium,1,649,19.9,14,4,4,45,4,Net Banking,0,0,0,No,9.5,6.7,3,1
NET17091,46,Standard,10,419,17.0,8,3,1,22,6,UPI,2,0,0,No,7.5,7.0,11,0
NET17092,17,Premium,21,629,55.6,37,3,3,22,1,UPI,1,1,1,No,5.0,9.2,26,0
NET17093,41,Premium+,1,899,15.1,11,1,2,52,4,UPI,1,1,1,No,10.0,8.4,6,0
NET17094,37,Premium,7,649,40.5,26,0,3,78,4,UPI,0,1,1,No,8.5,6.5,10,0
NET17095,15,Standard,5,419,23.1,12,5,4,53,1,UPI,0,0,0,No,10.0,9.3,5,0
NET17096,55,Standard,34,399,37.7,21,21,1,62,3,Debit Card,0,0,0,Yes,6.8,8.8,38,0
NET17097,30,Standard,2,419,12.7,6,6,4,42,3,Credit Card,1,1,2,No,8.2,8.6,6,0
NET17098,23,Standard,5,379,17.7,13,13,6,31,5,Credit Card,1,1,1,No,7.2,5.6,5,0
NET17099,18,Basic,32,179,42.4,32,0,1,22,6,Debit Card,0,0,0,No,8.2,6.9,36,0
NET17100,29,Premium,5,699,35.6,18,0,3,62,4,Debit Card,0,0,1,No,5.2,7.7,10,0
NET17101,29,Standard,10,399,25.1,11,8,3,61,9,Credit Card,0,2,2,No,6.1,6.0,14,0
NET17102,31,Premium,1,629,36.5,24,3,4,49,3,Credit Card,1,0,1,No,7.0,7.3,5,0
NET17103,28,Premium+,58,899,34.1,23,10,3,48,1,Debit Card,0,0,0,Yes,5.8,8.2,58,0
NET17104,36,Basic,24,199,7.0,4,3,3,70,4,Credit Card,0,0,0,No,6.7,6.0,29,1
NET17105,27,Premium+,14,919,16.2,8,0,5,56,8,UPI,0,1,2,No,8.2,8.5,16,0
NET17106,15,Premium,1,629,27.9,14,3,2,37,3,Net Banking,0,1,2,No,8.3,6.1,3,0
NET17107,29,Standard,1,379,27.8,12,6,2,40,1,Credit Card,1,0,0,No,5.0,7.2,1,0
NET17108,15,Standard,11,449,13.2,6,4,2,36,7,Debit Card,0,1,1,Yes,5.0,7.9,13,0
NET17109,34,Standard,4,449,21.8,16,1,4,49,4,UPI,0,0,1,No,10.0,10.0,7,0
NET17110,22,Standard,13,449,30.9,20,15,4,34,3,Credit Card,1,0,0,Yes,6.8,7.3,16,0
NET17111,32,Premium,12,629,34.7,21,6,2,11,3,UPI,0,1,2,Yes,6.2,7.8,17,0
NET17112,42,Basic,25,219,28.5,13,4,6,38,2,UPI,0,1,1,No,10.0,4.4,25,0
NET17113,22,Premium,4,669,5.4,2,3,2,27,6,UPI,1,0,0,Yes,7.9,7.1,5,0
NET17114,40,Standard,12,419,11.8,5,5,2,62,5,Wallet,0,0,0,No,6.5,7.2,17,0
NET17115,27,Basic,21,219,7.2,4,3,3,19,5,Wallet,0,0,0,No,8.7,6.2,25,0
NET17116,46,Standard,9,399,6.9,3,2,4,29,6,Wallet,0,0,0,No,7.2,7.3,10,0
NET17117,27,Standard,24,379,12.9,6,2,5,66,9,Wallet,1,0,0,No,8.2,7.2,28,0
NET17118,23,Standard,1,399,16.1,7,1,3,29,4,Net Banking,1,1,1,No,6.2,7.7,6,1
NET17119,37,Basic,18,179,7.3,3,8,3,59,6,UPI,0,0,0,No,6.7,10.0,20,1
NET17120,27,Premium,40,669,39.5,23,9,1,47,1,Credit Card,1,1,1,No,8.3,8.8,42,0
NET17121,23,Premium,5,649,8.9,4,7,4,39,2,Credit Card,0,1,1,No,7.0,9.4,8,0
NET17122,26,Basic,6,199,7.8,3,3,3,34,5,Credit Card,0,0,0,No,7.4,7.2,7,0
NET17123,30,Standard,1,379,15.1,7,1,4,52,4,Credit Card,0,0,0,No,6.2,8.7,1,0
NET17124,43,Standard,14,399,7.2,4,19,2,16,4,Net Banking,2,0,0,No,10.0,4.9,18,1
NET17125,15,Basic,11,219,20.9,13,8,3,39,5,UPI,0,1,1,No,6.7,7.9,13,0
NET17126,31,Premium,1,649,2.8,1,8,2,64,4,UPI,0,0,0,Yes,4.7,9.4,6,1
NET17127,36,Premium,19,669,39.7,24,5,1,47,2,Credit Card,1,0,0,Yes,10.0,7.7,23,0
NET17128,32,Premium,24,669,28.8,17,1,3,27,1,Debit Card,0,0,0,Yes,9.1,7.8,24,0
NET17129,42,Basic,33,219,21.6,12,1,2,68,6,UPI,0,0,0,No,6.6,5.6,37,0
NET17130,30,Premium,11,699,12.7,5,0,4,20,4,UPI,0,0,1,No,6.3,7.7,14,0
NET17131,29,Standard,8,419,16.5,8,5,1,19,3,UPI,0,0,0,No,9.2,7.9,8,1
NET17132,36,Premium+,29,919,17.1,10,1,2,61,5,UPI,0,0,1,Yes,8.3,9.2,29,0
NET17133,31,Basic,7,199,12.7,8,2,3,6,2,UPI,1,0,1,Yes,9.6,3.8,11,0
NET17134,27,Standard,14,399,9.2,5,10,1,74,4,UPI,0,0,0,No,5.1,8.8,18,0
NET17135,35,Standard,13,449,23.2,14,2,5,44,5,Debit Card,0,0,0,Yes,6.6,5.6,15,0
NET17136,25,Basic,6,249,0.6,0,1,4,51,9,UPI,0,0,0,No,6.6,7.5,10,0
NET17137,25,Premium,1,669,82.8,49,2,4,78,3,UPI,0,0,0,No,7.5,6.9,1,0
NET17138,26,Premium,1,649,49.7,22,4,5,46,4,UPI,0,0,0,Yes,6.5,6.8,6,0
NET17139,43,Basic,7,199,17.1,12,4,1,36,4,UPI,0,0,0,No,7.0,8.3,11,0
NET17140,15,Premium,9,629,13.7,8,0,6,57,3,UPI,1,3,3,No,6.3,5.3,14,0
NET17141,34,Standard,24,399,27.4,19,2,1,45,2,UPI,0,0,0,Yes,8.4,9.0,29,1
NET17142,31,Basic,7,199,12.0,7,2,2,59,3,UPI,1,0,0,No,7.0,9.0,9,0
NET17143,15,Premium+,4,899,25.7,15,21,2,48,5,Debit Card,0,0,0,No,7.4,7.6,5,0
NET17144,33,Premium,8,629,26.5,12,0,4,12,4,Net Banking,0,0,0,Yes,8.2,10.0,13,0
NET17145,35,Standard,3,379,65.0,38,3,2,50,3,Debit Card,1,0,1,Yes,5.8,8.3,6,0
NET17146,36,Standard,1,399,17.9,13,0,2,70,7,Wallet,1,1,1,Yes,7.8,7.3,6,0
NET17147,15,Standard,1,399,57.3,26,26,3,63,2,Credit Card,1,0,0,No,8.0,7.7,1,0
NET17148,43,Premium,5,649,35.3,24,1,2,43,6,UPI,0,1,2,No,6.0,8.9,7,0
NET17149,24,Premium+,1,879,31.4,15,2,5,10,3,Debit Card,0,0,0,No,5.7,8.2,4,0
NET17150,37,Standard,3,399,48.2,32,10,5,55,2,UPI,0,0,1,Yes,7.3,4.9,7,0
NET17151,37,Premium,21,629,51.0,23,2,2,55,6,Credit Card,0,0,1,Yes,7.6,6.9,26,0
NET17152,23,Standard,3,399,46.4,30,6,1,58,4,Net Banking,0,0,0,Yes,7.5,5.0,7,0
NET17153,36,Standard,1,419,4.2,2,5,3,65,3,UPI,0,2,2,No,5.5,7.0,2,1
NET17154,27,Premium+,41,899,32.3,19,6,3,12,7,Credit Card,0,0,0,No,6.0,5.9,45,0
NET17155,15,Standard,13,449,36.0,21,10,5,25,7,Credit Card,0,0,0,Yes,3.3,8.4,16,1
NET17156,41,Standard,1,419,42.5,22,2,2,32,3,Credit Card,0,0,0,No,4.6,6.8,3,0
NET17157,24,Premium,1,649,10.7,6,12,2,71,4,Credit Card,0,1,2,No,9.9,4.8,2,0
NET17158,23,Standard,13,449,29.6,18,22,5,65,3,Credit Card,1,2,2,No,5.8,8.9,16,0
NET17159,27,Standard,10,419,22.3,14,6,4,58,5,UPI,0,0,0,Yes,7.8,8.7,12,0
NET17160,33,Premium+,1,899,50.6,32,5,6,47,2,Debit Card,0,0,0,Yes,8.9,4.4,4,0
NET17161,30,Premium,3,699,54.3,28,24,4,49,6,Credit Card,0,2,2,No,3.6,4.8,7,0
NET17162,35,Premium,37,699,26.7,19,0,4,56,7,Credit Card,0,1,1,No,6.7,4.9,40,0
NET17163,18,Standard,11,399,15.0,8,2,4,49,6,UPI,0,1,1,Yes,5.1,6.6,12,0
NET17164,24,Standard,8,419,29.1,17,1,4,62,8,UPI,0,0,0,No,4.5,9.8,11,0
NET17165,29,Premium+,4,949,75.2,46,0,4,37,7,Debit Card,0,0,0,No,6.2,5.5,4,0
NET17166,48,Standard,2,399,27.4,14,12,4,35,7,UPI,0,0,0,Yes,3.2,5.9,6,1
NET17167,29,Basic,7,219,30.5,17,2,4,73,4,Wallet,0,1,1,No,7.3,6.6,10,0
NET17168,40,Standard,35,399,10.6,7,0,6,21,6,UPI,0,0,0,No,4.5,8.1,37,0
NET17169,31,Standard,1,379,26.6,12,2,1,51,6,Credit Card,0,0,0,Yes,8.7,7.2,5,0
NET17170,26,Basic,65,199,18.8,8,2,4,40,5,Debit Card,0,0,2,Yes,2.6,3.8,70,1
NET17171,28,Premium,3,649,34.9,20,0,4,35,5,Credit Card,0,0,0,Yes,7.6,7.3,5,0
NET17172,29,Premium+,7,879,28.1,21,4,6,53,5,UPI,0,0,1,Yes,2.1,5.1,8,0
NET17173,36,Standard,1,399,7.7,5,0,3,10,6,Credit Card,1,2,2,Yes,9.2,8.7,6,1
NET17174,43,Premium,12,649,37.8,21,1,4,24,2,UPI,0,1,1,Yes,8.3,7.7,17,0
NET17175,34,Premium,9,649,62.0,45,2,3,38,7,Credit Card,0,1,1,No,5.6,9.2,14,0
NET17176,41,Premium,15,649,63.7,37,0,4,5,3,Debit Card,0,1,1,No,5.0,6.3,15,0
NET17177,22,Basic,10,219,8.3,5,6,5,14,6,Credit Card,0,1,1,No,7.7,8.4,13,0
NET17178,27,Basic,7,249,9.7,4,1,2,46,5,Net Banking,0,1,1,No,4.7,9.7,11,1
NET17179,24,Basic,18,219,25.8,15,4,4,10,4,UPI,0,0,0,No,6.5,4.8,21,0
NET17180,33,Basic,1,199,9.6,5,0,4,49,5,Debit Card,0,0,0,No,7.2,6.3,4,1
NET17181,27,Standard,10,399,24.1,18,0,1,48,4,UPI,0,2,2,No,9.1,5.6,14,0
NET17182,37,Standard,1,379,2.2,1,4,4,34,5,Net Banking,0,0,0,No,5.5,5.1,6,1
NET17183,22,Basic,8,179,9.7,4,9,1,50,1,Net Banking,0,0,0,No,6.3,4.2,13,0
NET17184,31,Basic,21,199,16.0,10,7,2,50,6,UPI,0,0,1,Yes,5.4,7.3,21,0
NET17185,37,Standard,2,399,19.8,10,8,4,42,7,Credit Card,0,1,2,No,7.1,6.5,2,0
NET17186,15,Standard,38,419,38.4,20,3,2,61,4,UPI,0,0,0,No,9.0,7.6,39,0
NET17187,50,Premium,30,649,27.8,14,7,5,42,1,UPI,0,0,0,Yes,10.0,7.6,34,0
NET17188,28,Basic,7,199,10.4,5,0,3,27,3,UPI,0,0,0,No,10.0,3.7,11,1
NET17189,15,Premium,1,629,25.8,12,10,4,56,4,UPI,1,0,0,No,6.0,8.3,3,0
NET17190,32,Premium+,21,919,51.3,25,2,4,49,6,Credit Card,0,0,0,No,6.3,3.2,23,0
NET17191,31,Premium,29,669,25.4,13,12,5,56,4,Credit Card,0,0,0,No,4.4,6.6,31,0
NET17192,30,Premium,2,699,14.6,6,5,2,40,3,Debit Card,1,0,0,Yes,5.2,7.1,2,1
NET17193,39,Premium+,34,899,8.6,4,0,4,30,4,Credit Card,0,1,2,No,6.0,5.6,35,0
NET17194,37,Basic,34,249,19.1,9,3,2,65,2,Credit Card,0,0,0,Yes,6.4,7.7,35,0
NET17195,33,Premium+,8,879,16.0,9,9,4,26,5,UPI,0,0,0,Yes,6.7,8.8,13,0
NET17196,35,Premium,22,699,26.8,13,1,2,31,5,UPI,0,0,0,No,10.0,7.3,25,0
NET17197,30,Premium,8,649,5.3,2,1,3,40,5,Credit Card,0,0,0,No,3.4,9.9,9,1
NET17198,46,Standard,11,399,19.3,10,0,3,23,4,Debit Card,0,0,0,No,7.7,7.0,13,0
NET17199,17,Standard,5,399,18.2,8,6,6,44,6,UPI,1,0,0,Yes,9.5,8.3,9,0
NET17200,32,Premium,2,669,16.5,8,2,5,26,3,Debit Card,1,0,0,No,5.6,8.0,5,0
NET17201,31,Premium,19,699,17.0,8,1,1,8,6,UPI,2,1,1,No,7.7,5.3,24,0
NET17202,38,Premium,1,669,43.3,20,5,3,75,4,Wallet,0,0,0,No,6.9,7.7,1,1
NET17203,23,Basic,12,249,33.4,20,0,3,13,5,Credit Card,1,0,0,No,7.8,8.2,13,0
NET17204,15,Standard,28,449,26.1,14,7,3,27,2,UPI,0,0,1,No,5.6,6.2,33,0
NET17205,32,Standard,3,379,20.0,12,5,6,43,7,Credit Card,0,0,1,Yes,9.4,9.1,7,1
NET17206,33,Standard,5,449,35.0,19,1,4,31,8,Credit Card,1,1,1,No,8.2,6.3,7,0
NET17207,44,Basic,12,219,31.2,18,12,4,75,3,UPI,0,0,0,No,8.0,7.6,12,1
NET17208,19,Basic,3,249,8.6,5,4,2,35,3,UPI,0,1,1,No,7.2,8.4,3,0
NET17209,41,Standard,26,449,29.3,19,0,2,47,6,Wallet,0,0,0,Yes,8.9,6.4,27,0
NET17210,52,Standard,6,399,6.0,3,7,3,32,2,UPI,0,1,1,No,9.4,5.9,10,0
NET17211,27,Basic,12,199,15.6,7,2,3,29,6,Credit Card,0,1,2,No,6.2,7.1,14,0
NET17212,19,Premium+,3,899,38.8,25,8,6,33,1,Credit Card,1,0,0,Yes,6.1,6.0,5,0
NET17213,27,Premium,1,649,35.1,24,3,2,53,2,UPI,0,1,2,No,4.8,10.0,3,0
NET17214,31,Premium,2,649,9.8,6,0,3,14,2,Credit Card,0,1,1,No,5.6,6.2,4,1
NET17215,36,Basic,1,199,10.6,5,5,4,37,3,Wallet,0,1,1,No,7.6,7.9,2,1
NET17216,25,Premium,8,649,74.3,54,0,3,50,5,Wallet,0,0,1,No,7.3,6.8,13,0
NET17217,44,Standard,12,419,9.2,4,17,1,43,3,Net Banking,0,0,1,No,6.5,5.3,17,1
NET17218,20,Premium+,1,899,59.8,29,10,2,63,1,UPI,0,0,1,No,3.6,6.4,6,0
NET17219,15,Premium,1,699,5.2,2,2,1,28,4,UPI,0,0,0,No,5.6,5.2,2,1
NET17220,40,Standard,9,379,25.6,11,0,6,25,5,UPI,0,0,0,Yes,7.7,7.2,13,0
NET17221,15,Premium,22,699,49.0,24,4,3,48,8,Debit Card,0,0,0,No,7.1,5.7,25,0
NET17222,29,Basic,13,199,6.8,4,6,3,19,2,Debit Card,1,0,1,No,4.7,7.2,14,1
NET17223,59,Basic,1,249,17.2,10,6,4,68,1,UPI,0,0,0,Yes,6.3,10.0,3,1
NET17224,30,Premium,30,649,32.4,21,2,4,34,2,Credit Card,0,0,0,No,4.9,7.1,35,0
NET17225,20,Basic,34,199,14.6,8,0,2,5,2,Credit Card,1,0,1,No,8.9,7.3,39,0
NET17226,30,Basic,5,249,19.4,10,4,3,49,4,Credit Card,0,1,1,No,8.4,6.3,9,0
NET17227,30,Premium,13,649,49.3,31,4,3,66,5,UPI,0,0,0,No,9.8,8.6,15,0
NET17228,32,Standard,9,419,12.9,9,30,2,71,2,Debit Card,0,0,1,No,7.3,5.0,10,0
NET17229,36,Premium,39,669,25.2,12,5,3,60,2,Debit Card,1,1,1,No,7.1,8.0,44,0
NET17230,21,Premium+,9,919,13.8,9,1,4,55,2,UPI,0,0,0,Yes,7.4,6.7,13,1
NET17231,46,Standard,45,419,32.5,15,2,3,5,3,Net Banking,0,0,1,Yes,7.6,6.9,47,0
NET17232,33,Basic,3,179,14.2,7,4,4,25,5,UPI,0,0,0,No,10.0,5.6,8,0
NET17233,37,Basic,5,199,10.5,5,10,3,44,2,UPI,0,0,0,No,8.0,9.8,8,0
NET17234,25,Basic,21,179,18.5,9,3,2,47,2,Debit Card,1,0,0,No,9.7,9.6,21,0
NET17235,42,Basic,21,219,5.3,2,9,1,31,5,Credit Card,0,0,0,No,4.1,5.2,21,1
NET17236,28,Basic,18,219,16.7,8,1,3,81,6,UPI,0,2,3,Yes,4.3,8.2,23,0
NET17237,33,Standard,27,449,15.6,7,2,2,36,3,UPI,0,0,0,Yes,9.9,6.8,29,0
NET17238,22,Standard,16,419,4.6,2,4,3,66,3,Wallet,0,0,0,No,7.7,7.4,21,0
NET17239,22,Premium,14,649,26.3,20,0,2,109,5,Credit Card,0,0,0,No,8.5,7.6,14,0
NET17240,37,Premium,8,669,20.7,9,8,6,22,5,UPI,0,0,1,No,9.5,8.5,13,0
NET17241,27,Premium,8,669,31.0,20,10,3,71,3,UPI,0,0,0,Yes,10.0,7.3,13,0
NET17242,23,Standard,7,379,29.4,20,2,2,44,5,Credit Card,1,0,0,Yes,8.1,5.5,10,0
NET17243,25,Basic,13,199,19.1,8,19,2,30,1,UPI,0,1,1,No,5.6,5.2,18,0
NET17244,37,Premium,7,649,47.8,26,7,3,53,8,Credit Card,0,1,1,No,7.0,7.5,10,0
NET17245,25,Standard,2,449,19.0,12,10,2,38,5,Credit Card,0,1,1,Yes,7.0,6.6,4,0
NET17246,29,Basic,1,199,10.9,5,6,4,60,2,UPI,1,1,1,Yes,8.8,6.0,4,0
NET17247,31,Premium,36,629,22.3,10,10,3,58,8,UPI,0,0,1,No,5.7,5.6,36,0
NET17248,15,Standard,1,419,43.9,25,24,1,98,6,Credit Card,0,1,2,Yes,7.6,5.5,3,1
NET17249,17,Basic,1,249,6.7,3,11,1,62,3,Credit Card,1,0,0,Yes,7.0,9.2,6,1
NET17250,34,Premium,8,649,20.8,15,3,5,57,4,Credit Card,0,0,0,No,5.8,9.0,8,0
NET17251,24,Premium+,4,949,15.8,7,6,3,25,3,Credit Card,0,0,0,No,3.5,9.2,7,1
NET17252,40,Standard,7,379,10.0,5,5,4,54,4,Net Banking,1,0,0,No,8.3,9.0,10,0
NET17253,39,Standard,1,419,36.5,21,4,2,80,1,UPI,0,0,0,No,9.4,9.8,5,0
NET17254,37,Standard,1,379,14.0,8,8,2,32,1,Wallet,0,0,0,No,7.1,6.5,2,0
NET17255,47,Premium,22,649,27.5,16,3,2,13,2,UPI,1,0,0,Yes,3.7,8.5,27,0
NET17256,30,Basic,19,199,7.0,3,2,3,50,3,Net Banking,0,0,0,No,8.7,8.1,20,0
NET17257,36,Standard,1,419,9.5,4,0,2,25,2,Credit Card,0,0,0,Yes,4.6,8.7,3,1
NET17258,25,Premium+,15,919,47.7,36,0,4,54,2,UPI,0,1,1,No,8.4,5.5,15,0
NET17259,53,Standard,13,379,49.7,28,1,5,33,5,Credit Card,0,0,1,No,6.8,5.3,14,0
NET17260,48,Premium+,17,879,19.7,12,1,3,67,5,Credit Card,0,1,1,No,10.0,4.7,19,0
NET17261,31,Premium+,9,879,31.8,21,0,6,38,0,Net Banking,0,0,0,No,8.8,8.7,12,0
NET17262,34,Standard,4,419,17.7,8,7,5,46,9,UPI,1,0,0,Yes,7.4,5.3,5,0
NET17263,43,Premium,15,629,23.3,14,8,3,18,3,Credit Card,0,1,1,No,7.9,5.5,15,0
NET17264,29,Basic,6,249,6.3,3,2,2,48,5,Debit Card,0,0,1,No,6.2,5.9,10,0
NET17265,25,Premium,3,699,9.9,4,25,2,78,4,Net Banking,0,0,1,No,4.1,6.9,7,0
NET17266,38,Premium,7,699,30.8,17,5,3,58,3,Debit Card,0,0,1,Yes,3.5,7.8,8,0
NET17267,31,Basic,20,219,8.8,5,0,5,68,1,UPI,0,0,1,No,6.8,7.7,24,0
NET17268,32,Premium,9,629,7.5,5,2,3,28,3,Credit Card,0,0,0,No,4.0,7.1,11,1
NET17269,23,Premium,4,649,32.7,17,5,1,52,2,Credit Card,1,0,0,No,7.5,6.6,9,0
NET17270,15,Standard,24,379,13.9,6,18,2,53,5,Credit Card,0,0,0,No,6.7,6.1,24,0
NET17271,33,Basic,29,219,15.7,11,6,3,49,2,UPI,0,0,0,Yes,4.2,6.0,32,0
NET17272,39,Basic,7,249,9.1,5,0,6,51,4,UPI,1,1,1,Yes,5.6,5.1,7,0
NET17273,28,Standard,6,419,23.8,12,6,2,26,3,Credit Card,0,1,1,No,8.9,5.6,9,0
NET17274,43,Premium+,13,879,45.8,32,6,4,68,0,Credit Card,0,0,1,No,8.9,10.0,17,0
NET17275,24,Premium,1,669,45.0,32,11,2,27,5,UPI,1,0,0,Yes,8.3,8.6,3,0
NET17276,21,Standard,16,399,55.9,37,0,3,35,10,UPI,1,0,0,No,5.8,5.9,19,0
NET17277,30,Standard,21,419,12.0,8,9,3,27,3,Wallet,1,2,2,No,5.8,10.0,25,0
NET17278,30,Standard,7,399,18.7,11,12,1,61,3,Credit Card,0,0,2,Yes,6.7,5.4,10,0
NET17279,37,Basic,2,219,11.7,7,9,3,46,2,Net Banking,0,2,3,No,4.1,6.7,3,0
NET17280,24,Standard,1,379,6.7,3,3,2,51,4,Credit Card,0,0,0,Yes,4.6,8.5,1,1
NET17281,43,Standard,14,399,24.1,13,7,3,16,8,Debit Card,0,0,0,No,8.1,6.8,19,0
NET17282,48,Standard,4,449,21.1,15,10,6,60,7,UPI,1,0,0,No,9.9,5.1,9,0
NET17283,30,Premium+,8,879,24.6,12,17,3,49,4,Credit Card,0,0,0,No,6.2,7.0,10,0
NET17284,42,Premium,6,649,20.1,10,2,3,91,4,Debit Card,0,0,0,No,5.7,4.5,10,0
NET17285,21,Premium,2,669,30.4,21,1,2,32,4,UPI,0,1,2,Yes,8.8,8.2,4,1
NET17286,40,Basic,9,219,14.3,9,8,4,38,5,Credit Card,0,0,0,No,7.9,8.3,9,0
NET17287,40,Premium+,8,879,25.3,16,0,1,81,1,Credit Card,0,0,1,Yes,7.3,7.8,13,0
NET17288,38,Premium,13,669,48.6,29,4,4,41,4,Credit Card,0,0,0,No,9.7,6.2,16,0
NET17289,30,Premium,4,669,63.4,38,3,2,34,6,Wallet,0,0,1,Yes,6.9,7.4,7,0
NET17290,15,Standard,3,449,4.4,2,1,2,64,4,Credit Card,0,1,1,No,6.5,5.3,5,0
NET17291,25,Standard,23,419,10.0,7,2,3,53,8,UPI,1,0,1,No,9.5,3.1,26,0
NET17292,25,Standard,16,419,17.5,11,10,4,32,3,Net Banking,0,0,2,Yes,6.7,6.9,19,0
NET17293,22,Basic,20,249,6.9,3,4,2,37,7,UPI,0,0,0,No,2.8,6.5,23,0
NET17294,32,Premium,1,669,20.5,15,1,5,41,2,UPI,0,1,1,No,6.1,10.0,2,0
NET17295,27,Premium+,3,949,71.5,43,0,2,62,4,Debit Card,0,0,0,No,7.5,5.7,7,0
NET17296,23,Basic,11,199,13.5,9,4,2,18,9,Debit Card,0,1,1,No,8.4,5.3,15,0
NET17297,21,Basic,27,219,17.0,8,0,4,45,2,Credit Card,1,0,0,Yes,10.0,5.5,32,0
NET17298,24,Premium,31,629,12.0,7,2,5,45,5,UPI,0,0,0,No,8.8,9.3,31,0
NET17299,41,Standard,24,399,17.4,10,5,4,34,6,UPI,2,0,0,Yes,7.5,4.1,27,0
NET17300,25,Premium,1,649,32.1,15,0,6,31,4,Debit Card,2,0,0,Yes,8.4,9.8,3,0
NET17301,26,Premium,24,669,9.3,5,12,1,7,5,UPI,1,1,2,No,5.3,5.8,27,0
NET17302,26,Standard,32,379,13.1,6,18,3,35,3,Debit Card,1,0,0,No,7.0,3.9,32,0
NET17303,34,Premium,1,649,6.0,3,3,2,35,2,UPI,0,0,0,Yes,7.2,9.0,4,1
NET17304,35,Standard,7,449,22.7,10,0,3,17,4,Wallet,0,1,1,No,7.2,5.5,8,0
NET17305,15,Premium,10,669,11.2,6,1,1,40,2,Credit Card,0,0,0,Yes,8.9,5.6,10,0
NET17306,40,Premium,3,699,26.8,17,6,4,39,2,Debit Card,0,2,3,Yes,6.9,8.1,7,0
NET17307,43,Premium,10,649,17.7,9,0,3,39,2,Debit Card,0,0,0,Yes,5.1,6.7,14,0
NET17308,21,Basic,30,199,20.0,9,11,2,78,5,Wallet,0,0,0,Yes,4.3,7.6,31,0
NET17309,22,Basic,28,199,29.5,13,9,2,20,2,Credit Card,0,0,0,No,3.8,3.3,32,0
NET17310,26,Basic,39,249,40.4,21,3,2,58,4,UPI,2,0,0,No,7.3,7.6,44,0
NET17311,24,Standard,9,449,31.5,15,8,1,42,2,UPI,0,0,0,No,7.1,8.2,10,0
NET17312,33,Premium,7,649,20.1,10,1,1,24,5,Debit Card,0,0,2,Yes,6.2,5.3,11,0
NET17313,15,Standard,15,379,30.4,15,18,1,73,4,Debit Card,1,1,1,No,8.3,9.4,19,0
NET17314,20,Premium,7,669,57.4,31,4,3,19,9,UPI,0,0,2,No,3.3,5.5,12,0
NET17315,44,Standard,1,379,32.6,20,25,1,29,2,Credit Card,0,1,1,No,7.4,7.8,4,0
NET17316,22,Standard,17,399,47.1,34,4,3,24,5,UPI,0,0,0,Yes,6.4,7.3,17,0
NET17317,42,Premium,4,669,60.5,31,2,1,19,3,Debit Card,0,0,0,No,8.5,7.8,8,0
NET17318,34,Standard,1,399,25.3,12,9,4,35,2,UPI,0,1,1,No,7.7,4.6,1,0
NET17319,15,Premium,1,629,44.8,22,9,3,39,1,Net Banking,0,0,1,No,6.6,6.0,1,0
NET17320,36,Basic,37,179,27.8,20,8,4,5,3,Debit Card,0,2,3,Yes,10.0,4.8,41,0
NET17321,29,Premium+,4,919,22.0,16,0,5,28,7,Net Banking,0,1,1,No,5.8,7.6,4,0
NET17322,26,Standard,8,399,14.0,10,3,2,52,5,UPI,0,0,1,No,4.4,5.1,13,0
NET17323,33,Premium,42,649,21.6,10,4,4,49,3,Wallet,1,0,0,No,6.2,8.8,43,0
NET17324,35,Basic,8,179,22.2,12,7,3,71,1,Credit Card,0,0,0,Yes,9.8,7.6,13,0
NET17325,37,Standard,1,379,9.4,5,3,4,57,1,UPI,0,1,1,No,4.0,9.7,3,0
NET17326,41,Premium+,11,949,19.3,12,4,3,5,4,UPI,0,0,0,No,7.1,9.0,12,0
NET17327,34,Premium,1,669,28.5,20,3,1,49,3,UPI,0,0,0,Yes,7.4,5.1,5,0
NET17328,18,Basic,1,199,8.8,4,7,2,42,8,Credit Card,0,0,0,No,6.4,7.6,2,1
NET17329,26,Standard,26,399,40.0,19,0,5,35,6,UPI,0,0,0,No,6.6,5.9,31,0
NET17330,57,Standard,4,419,31.8,20,7,2,10,3,Credit Card,1,0,0,Yes,9.2,2.3,6,0
NET17331,37,Basic,15,249,9.6,4,10,3,47,6,UPI,1,0,1,No,6.4,9.6,16,0
NET17332,52,Premium,9,669,26.4,16,0,2,19,7,Credit Card,1,0,1,No,6.3,7.7,9,0
NET17333,43,Basic,3,179,10.0,4,4,2,22,3,Debit Card,0,1,2,No,7.6,7.1,7,0
NET17334,33,Standard,10,419,10.7,7,1,1,54,2,Credit Card,1,1,1,No,5.7,7.0,10,0
NET17335,33,Premium,1,669,25.7,15,3,5,46,1,Debit Card,0,0,0,No,4.2,7.7,1,0
NET17336,30,Standard,5,419,6.6,3,8,3,35,2,Credit Card,0,1,1,No,7.0,7.0,9,0
NET17337,15,Premium,10,649,19.9,12,8,4,24,8,Wallet,0,0,1,No,9.5,5.0,14,0
NET17338,31,Premium+,3,949,48.8,36,3,2,36,3,UPI,1,0,0,No,7.2,5.8,6,0
NET17339,41,Basic,15,219,9.5,6,0,2,68,1,Credit Card,0,0,0,No,7.2,5.1,17,1
NET17340,25,Premium,1,669,16.4,7,5,1,73,5,Credit Card,0,0,1,Yes,7.2,7.8,1,0
NET17341,34,Basic,9,199,17.6,9,1,3,44,5,Wallet,0,1,1,Yes,4.5,5.4,14,0
NET17342,38,Standard,17,399,16.3,11,0,4,20,3,Debit Card,0,0,1,No,8.9,7.2,17,1
NET17343,22,Basic,7,219,24.5,13,2,2,91,4,UPI,0,0,0,No,8.6,9.4,11,0
NET17344,26,Basic,29,219,12.9,6,5,2,41,7,UPI,0,0,0,Yes,7.0,6.0,33,0
NET17345,21,Standard,14,399,79.4,47,4,3,20,4,Net Banking,0,3,3,No,5.4,6.3,15,0
NET17346,23,Standard,44,419,12.2,6,1,4,35,6,Credit Card,0,0,0,No,7.0,4.8,44,1
NET17347,19,Premium,4,669,41.7,29,8,2,47,2,UPI,0,0,0,Yes,6.4,9.2,4,0
NET17348,22,Premium,39,669,70.1,44,3,3,54,7,UPI,0,0,0,Yes,6.3,4.9,43,0
NET17349,43,Premium+,13,949,48.5,36,0,4,35,4,Credit Card,1,0,0,Yes,2.8,5.7,18,0
NET17350,22,Standard,19,379,20.9,9,0,3,24,4,Credit Card,0,0,0,Yes,7.5,6.7,24,0
NET17351,32,Basic,32,249,3.5,1,17,5,76,7,UPI,0,1,1,No,8.0,8.8,32,0
NET17352,26,Standard,11,399,14.6,9,0,5,26,5,Debit Card,0,0,0,No,7.3,7.4,13,0
NET17353,41,Standard,27,449,21.5,11,1,2,82,4,UPI,0,0,0,Yes,7.8,8.0,30,0
NET17354,42,Standard,10,449,25.0,12,3,2,5,5,UPI,0,0,0,No,7.4,10.0,14,1
NET17355,38,Premium,12,649,4.3,2,2,6,66,4,UPI,1,2,2,No,6.2,7.6,16,0
NET17356,33,Standard,8,399,6.2,3,23,3,42,4,Credit Card,1,0,0,No,8.0,6.4,8,1
NET17357,28,Standard,2,399,14.2,8,10,2,39,4,UPI,1,0,1,No,6.7,5.6,7,0
NET17358,20,Basic,11,199,18.1,8,6,1,5,5,Debit Card,0,1,1,No,4.2,9.0,14,1
NET17359,48,Basic,53,249,6.1,3,0,2,46,6,UPI,0,1,2,No,6.7,4.9,56,0
NET17360,24,Basic,21,199,10.7,5,1,3,62,3,UPI,0,0,0,No,4.1,6.5,26,1
NET17361,36,Basic,19,199,15.4,8,1,3,39,3,UPI,0,0,0,No,9.1,5.9,23,0
NET17362,40,Premium,14,669,35.4,22,1,3,67,8,UPI,0,0,0,No,7.9,5.8,18,1
NET17363,26,Basic,5,249,9.9,5,17,4,38,4,Net Banking,0,0,0,Yes,7.0,5.7,9,0
NET17364,40,Premium,2,669,26.2,15,3,1,34,7,Debit Card,0,0,0,No,9.2,5.1,4,0
NET17365,37,Standard,3,419,25.5,18,12,4,35,9,UPI,0,0,0,Yes,6.1,9.2,3,0
NET17366,46,Basic,1,249,23.1,13,3,5,38,5,UPI,0,0,0,No,5.2,10.0,3,0
NET17367,26,Premium,15,699,18.5,10,6,6,41,4,UPI,0,0,0,No,2.9,10.0,19,0
NET17368,19,Standard,23,399,15.9,7,17,3,37,2,UPI,0,1,1,Yes,6.9,7.2,26,0
NET17369,26,Basic,4,199,28.4,18,5,3,39,8,UPI,2,0,1,Yes,10.0,6.8,4,0
NET17370,32,Premium,1,699,31.0,18,2,4,54,5,Debit Card,0,0,0,No,5.0,7.4,1,0
NET17371,31,Basic,5,219,10.2,5,3,2,69,2,Net Banking,1,1,1,No,7.6,5.8,10,0
NET17372,27,Basic,4,249,15.9,7,3,1,42,2,Net Banking,0,0,1,No,4.9,3.9,8,0
NET17373,15,Premium,8,649,38.0,24,9,4,43,1,UPI,0,0,0,Yes,7.7,7.8,12,0
NET17374,35,Premium,4,629,37.7,24,2,3,57,2,Credit Card,0,0,0,No,9.4,9.1,8,0
NET17375,48,Standard,5,419,54.6,30,0,4,56,4,Debit Card,0,0,0,No,8.9,7.4,9,0
NET17376,35,Basic,33,179,11.4,8,6,1,44,3,UPI,0,0,0,No,5.9,6.5,37,0
NET17377,36,Premium,5,629,40.3,20,11,1,62,3,UPI,0,3,4,Yes,5.6,6.7,9,0
NET17378,36,Standard,21,399,27.3,13,4,1,45,8,Net Banking,1,1,1,No,8.3,6.5,21,0
NET17379,34,Basic,13,249,17.4,13,0,4,46,4,Net Banking,0,1,2,No,9.1,8.2,15,0
NET17380,39,Standard,5,379,29.8,20,0,6,45,2,Wallet,0,0,0,Yes,8.1,7.2,8,0
NET17381,34,Premium+,23,899,14.3,7,13,2,54,4,UPI,0,1,1,No,6.9,9.6,27,0
NET17382,28,Basic,12,249,40.3,19,0,3,64,7,Credit Card,0,0,0,No,6.5,7.2,15,0
NET17383,23,Premium,1,669,26.7,15,4,4,6,4,Wallet,0,1,2,No,8.3,8.4,6,0
NET17384,28,Standard,1,449,43.7,21,2,5,44,3,Credit Card,0,0,1,No,8.6,5.6,1,0
NET17385,33,Standard,19,399,11.7,6,1,5,42,3,Debit Card,1,0,0,No,7.6,7.7,22,0
NET17386,28,Premium,8,649,15.9,9,1,5,62,6,Credit Card,1,0,2,No,7.6,8.2,8,0
NET17387,33,Premium+,7,919,57.4,39,2,4,77,8,Debit Card,0,1,1,Yes,5.8,6.3,8,0
NET17388,34,Basic,2,219,13.8,9,7,6,52,5,UPI,0,1,1,No,5.2,3.7,4,0
NET17389,38,Basic,2,219,19.2,9,5,5,42,6,Net Banking,0,1,1,No,10.0,8.7,3,0
NET17390,42,Premium+,22,899,41.9,28,0,3,53,5,Credit Card,0,1,1,No,8.4,7.7,22,0
NET17391,31,Premium,24,699,59.7,35,8,1,52,6,Debit Card,1,0,0,No,6.8,4.6,29,0
NET17392,19,Standard,11,379,58.7,32,2,1,27,2,Net Banking,0,1,3,No,4.6,4.8,12,0
NET17393,27,Standard,4,379,39.0,25,1,3,40,1,Credit Card,1,0,0,No,6.8,5.1,4,0
NET17394,31,Premium,37,649,26.7,13,10,4,39,5,UPI,0,0,0,Yes,5.6,7.2,38,0
NET17395,15,Premium,13,649,45.0,27,6,1,20,5,Credit Card,0,0,0,No,7.2,9.0,13,0
NET17396,43,Premium+,22,919,53.4,32,7,4,31,6,Net Banking,0,0,0,No,6.7,10.0,24,0
NET17397,32,Standard,1,449,41.7,28,2,5,15,7,Net Banking,0,1,1,No,3.1,8.0,6,1
NET17398,34,Standard,8,399,19.5,13,8,6,25,3,Debit Card,0,0,1,No,6.9,9.7,10,0
NET17399,43,Premium,28,649,28.5,18,1,3,32,3,UPI,0,0,0,No,7.8,7.8,30,0
NET17400,25,Standard,5,379,28.6,17,6,2,37,3,Debit Card,0,1,1,No,5.6,7.0,5,0
NET17401,36,Standard,18,449,30.3,15,1,5,71,5,Credit Card,0,1,2,Yes,4.5,9.4,21,0
NET17402,30,Standard,15,379,18.1,8,6,4,5,3,UPI,0,0,0,No,8.0,4.3,16,0
NET17403,29,Basic,2,249,6.9,3,3,4,42,7,Credit Card,0,0,0,No,7.4,10.0,3,0
NET17404,24,Standard,20,419,22.8,11,1,5,71,0,Credit Card,0,0,0,No,6.5,7.6,21,0
NET17405,45,Premium,1,699,37.0,24,5,5,30,6,Debit Card,0,0,0,No,6.9,8.0,6,0
NET17406,27,Premium,18,669,28.9,13,0,4,49,1,Credit Card,0,1,3,No,5.9,4.5,19,0
NET17407,37,Standard,65,399,17.6,8,7,3,58,3,UPI,3,1,1,No,6.9,10.0,67,0
NET17408,15,Basic,44,179,14.9,7,17,3,22,5,UPI,0,0,0,No,7.8,4.8,47,0
NET17409,41,Standard,22,449,33.1,20,13,5,87,4,Credit Card,0,0,0,No,5.7,7.3,23,0
NET17410,40,Premium,10,699,40.0,29,22,2,58,3,Net Banking,0,0,0,Yes,4.5,6.0,13,1
NET17411,31,Standard,15,399,22.3,10,3,5,49,3,Credit Card,1,2,2,Yes,6.4,8.2,15,0
NET17412,28,Premium,18,629,45.8,23,10,1,41,4,Net Banking,0,0,0,No,6.4,9.1,18,0
NET17413,34,Standard,1,399,9.0,6,0,3,64,5,Net Banking,1,1,1,No,6.4,8.4,6,0
NET17414,51,Basic,1,219,9.2,5,0,5,47,5,Credit Card,0,1,1,No,5.9,6.0,2,0
NET17415,15,Premium,12,649,26.1,14,1,1,36,4,Credit Card,0,1,1,Yes,7.5,5.7,16,0
NET17416,38,Basic,1,199,28.0,16,3,3,62,3,Net Banking,1,2,3,Yes,7.8,7.7,6,0
NET17417,22,Standard,33,399,22.5,13,1,2,38,1,Credit Card,1,0,0,Yes,6.3,7.8,35,0
NET17418,30,Basic,9,219,11.8,6,3,3,40,1,Net Banking,0,2,3,Yes,5.6,7.2,14,0
NET17419,28,Basic,4,179,16.3,8,1,5,33,4,Wallet,0,0,0,No,6.1,6.8,5,0
NET17420,27,Standard,7,399,21.9,10,1,3,60,1,Debit Card,2,0,1,No,9.5,5.5,9,0
NET17421,30,Standard,26,449,14.6,6,15,4,47,5,UPI,1,0,0,No,5.7,7.7,27,0
NET17422,20,Premium,36,699,34.6,23,4,2,53,2,Credit Card,0,0,1,No,8.1,5.9,38,0
NET17423,40,Premium,1,629,30.3,21,6,3,51,4,UPI,0,0,1,Yes,6.7,4.2,5,0
NET17424,15,Premium,21,649,87.7,47,0,6,40,4,Debit Card,0,0,0,Yes,8.1,4.0,25,0
NET17425,35,Standard,12,449,29.6,15,1,1,55,5,Credit Card,0,1,1,Yes,7.2,9.0,17,1
NET17426,28,Premium,12,649,31.8,19,7,2,56,3,UPI,0,0,1,Yes,6.4,6.2,12,0
NET17427,20,Standard,21,419,38.7,17,3,3,42,4,UPI,2,0,0,No,10.0,8.0,26,0
NET17428,32,Standard,3,399,9.8,4,11,3,27,5,UPI,0,0,0,Yes,7.5,7.0,4,0
NET17429,16,Standard,10,419,13.0,7,0,2,29,1,UPI,0,0,0,No,7.1,9.1,14,0
NET17430,31,Premium+,5,899,33.7,17,2,3,47,3,Credit Card,0,0,1,No,7.7,9.0,9,0
NET17431,18,Basic,1,199,29.1,17,1,6,62,4,Debit Card,0,0,0,No,7.9,6.0,6,0
NET17432,35,Premium+,1,919,15.0,10,7,2,5,6,UPI,0,0,0,Yes,9.5,5.6,2,0
NET17433,22,Basic,2,199,17.9,12,2,1,66,2,UPI,0,1,2,No,5.5,7.5,7,0
NET17434,26,Standard,13,419,20.2,12,3,2,23,2,UPI,1,0,1,No,4.5,4.0,18,0
NET17435,33,Standard,1,399,17.1,8,2,2,70,4,UPI,1,1,2,No,9.0,7.6,6,1
NET17436,24,Premium,11,649,61.9,37,3,4,44,5,UPI,0,0,0,No,4.5,4.7,12,0
NET17437,30,Basic,12,199,9.4,4,4,4,49,5,Wallet,1,0,0,Yes,6.7,8.0,12,0
NET17438,17,Premium,32,649,49.5,24,7,2,75,6,Credit Card,0,0,0,No,4.5,7.2,36,1
NET17439,36,Premium,13,669,39.1,21,8,3,63,3,Wallet,1,1,2,No,7.5,8.9,15,0
NET17440,46,Premium,59,669,33.2,15,7,1,55,11,Credit Card,0,2,2,No,6.9,6.7,60,0
NET17441,56,Standard,1,399,8.3,5,17,5,42,5,Wallet,1,0,0,No,10.0,7.6,2,1
NET17442,31,Premium+,17,949,9.0,6,6,5,45,2,UPI,1,0,0,No,8.4,8.1,18,0
NET17443,38,Premium,1,629,32.9,16,6,3,33,8,UPI,0,0,0,Yes,7.0,7.9,6,0
NET17444,15,Standard,18,419,42.3,20,9,6,39,5,Net Banking,0,0,0,No,7.6,4.7,23,0
NET17445,44,Premium,6,649,19.8,12,0,4,74,2,Wallet,0,2,2,Yes,7.4,4.7,7,0
NET17446,37,Standard,13,379,19.3,14,0,4,64,3,Net Banking,0,0,0,Yes,6.2,8.9,17,0
NET17447,26,Standard,5,399,20.9,10,1,3,53,8,Credit Card,0,0,0,No,10.0,6.7,7,0
NET17448,42,Standard,2,379,22.8,14,1,1,50,4,Net Banking,1,1,2,Yes,6.9,7.4,2,0
NET17449,28,Standard,17,379,32.4,17,0,4,74,4,UPI,0,2,2,No,6.2,6.3,20,0
NET17450,26,Basic,32,249,44.2,29,4,4,29,3,Credit Card,0,0,0,Yes,8.7,9.6,36,0
NET17451,35,Standard,2,449,56.9,29,1,3,48,2,Wallet,0,0,0,No,9.3,8.2,6,0
NET17452,21,Premium,35,629,21.6,12,20,4,58,5,UPI,0,1,1,No,7.8,9.9,38,0
NET17453,40,Premium+,2,949,20.8,15,1,1,31,4,Debit Card,0,0,0,No,3.3,6.9,5,0
NET17454,21,Premium+,18,949,6.3,4,1,6,79,2,UPI,1,0,0,No,6.5,6.1,19,1
NET17455,21,Standard,44,379,22.3,13,5,2,24,5,UPI,1,0,0,No,4.8,7.5,46,0
NET17456,22,Premium,2,669,29.9,20,1,2,70,8,UPI,1,0,0,No,6.0,6.9,6,0
NET17457,37,Basic,7,249,2.8,1,6,3,37,4,Net Banking,0,0,0,Yes,4.3,3.1,11,0
NET17458,25,Premium,5,629,12.5,8,11,4,42,3,Credit Card,0,0,0,Yes,9.1,8.8,5,0
NET17459,18,Basic,6,219,16.6,8,3,1,74,6,UPI,0,0,0,No,8.4,6.3,9,0
NET17460,25,Standard,19,449,7.1,4,2,1,35,5,Credit Card,4,1,1,Yes,10.0,6.2,22,1
NET17461,30,Premium,15,629,38.4,17,7,3,63,2,UPI,1,1,1,No,10.0,6.6,19,0
NET17462,20,Standard,48,449,15.7,11,9,2,42,2,Net Banking,0,0,0,Yes,5.3,5.3,51,0
NET17463,20,Basic,2,219,24.1,12,2,3,35,1,Credit Card,0,0,0,No,10.0,7.8,3,0
NET17464,50,Premium,10,629,38.2,17,10,4,34,3,Net Banking,1,0,0,No,6.0,9.8,10,0
NET17465,23,Standard,8,419,18.8,8,8,2,47,2,UPI,0,1,1,No,5.6,8.3,12,0
NET17466,28,Basic,35,199,19.5,12,3,4,48,4,Credit Card,0,0,0,No,8.6,8.5,40,0
NET17467,27,Basic,1,199,4.7,2,3,3,46,3,Credit Card,1,0,0,No,5.4,8.1,1,0
NET17468,27,Standard,63,399,18.8,13,0,3,53,5,Credit Card,0,0,1,Yes,5.4,10.0,68,0
NET17469,36,Basic,9,249,8.1,4,0,3,41,2,Credit Card,1,0,0,No,7.7,5.6,10,0
NET17470,39,Premium,13,669,18.3,9,8,2,48,2,Credit Card,0,0,0,Yes,7.9,7.8,13,0
NET17471,28,Standard,6,379,24.9,19,5,2,32,5,UPI,0,0,0,No,8.3,5.8,11,0
NET17472,19,Premium,26,669,28.8,15,4,1,45,2,Wallet,0,0,0,No,5.0,3.4,29,0
NET17473,42,Basic,11,249,11.1,8,0,1,44,3,UPI,0,0,0,No,7.7,6.2,15,0
NET17474,30,Standard,15,379,36.1,18,0,4,47,4,Debit Card,1,0,1,No,8.2,5.9,15,0
NET17475,46,Premium,14,649,43.8,21,15,3,55,5,Credit Card,0,0,1,Yes,6.7,4.6,16,0
NET17476,15,Premium,6,669,21.5,13,6,3,62,4,Credit Card,1,1,2,No,4.3,10.0,10,1
NET17477,32,Premium,1,649,56.2,33,2,2,26,1,Credit Card,0,0,0,Yes,9.5,9.7,1,0
NET17478,48,Premium+,23,949,57.6,29,7,4,19,3,UPI,0,0,0,No,7.6,6.1,27,0
NET17479,27,Basic,4,249,14.8,7,1,3,62,2,Net Banking,0,0,1,No,9.1,7.3,9,1
NET17480,28,Standard,26,419,12.6,5,3,5,48,4,Net Banking,0,0,1,Yes,7.4,6.8,26,0
NET17481,33,Premium,13,649,5.1,2,3,2,76,5,Wallet,0,1,2,No,7.2,8.0,13,0
NET17482,25,Basic,6,199,22.0,10,0,3,30,3,UPI,0,0,0,No,7.0,3.2,9,0
NET17483,28,Basic,12,199,18.0,13,29,2,21,2,Net Banking,1,0,0,No,7.2,5.6,12,0
NET17484,27,Basic,14,199,4.0,2,2,4,39,3,Wallet,0,1,1,No,4.5,8.7,16,0
NET17485,25,Premium,17,669,21.1,10,20,6,44,3,UPI,0,0,0,No,9.0,5.7,20,0
NET17486,42,Standard,24,379,19.9,12,6,2,34,4,UPI,1,1,2,No,6.8,8.2,26,0
NET17487,35,Basic,2,199,26.8,17,15,4,47,2,Debit Card,0,1,2,Yes,7.4,7.2,7,0
NET17488,33,Standard,40,379,26.3,15,0,3,78,4,Credit Card,0,0,1,Yes,5.9,10.0,42,1
NET17489,38,Premium,7,629,35.2,19,19,3,31,3,Credit Card,0,0,0,Yes,7.8,5.9,8,0
NET17490,28,Basic,27,219,16.4,10,3,3,9,3,Wallet,0,0,0,No,6.0,6.2,29,0
NET17491,24,Standard,3,399,34.6,23,0,5,31,7,Debit Card,0,1,1,Yes,10.0,6.8,3,0
NET17492,25,Premium,1,629,23.0,17,6,3,57,4,Wallet,0,1,2,No,8.4,7.3,5,1
NET17493,31,Premium+,11,919,20.4,10,8,3,11,2,Credit Card,1,0,0,No,9.3,7.1,14,0
NET17494,21,Premium,5,649,17.3,8,6,3,62,2,UPI,0,0,0,No,8.3,7.1,8,0
NET17495,26,Premium,58,629,22.7,17,4,1,27,2,Credit Card,1,0,0,No,1.5,6.0,61,1
NET17496,26,Standard,1,379,11.3,6,10,3,14,3,Credit Card,0,0,0,No,7.8,6.9,5,0
NET17497,50,Standard,1,399,27.9,13,6,3,11,6,UPI,0,0,0,No,8.1,5.5,3,0
NET17498,15,Standard,1,399,27.1,20,5,4,64,4,Credit Card,0,0,0,No,9.1,8.5,6,0
NET17499,29,Premium,3,699,18.5,9,2,3,30,5,UPI,1,1,1,Yes,7.6,7.1,4,0
NET17500,46,Standard,12,449,23.0,15,12,4,21,2,Credit Card,0,0,0,Yes,8.7,4.9,12,0
NET17501,32,Premium,9,669,55.8,27,7,3,23,5,Credit Card,0,0,0,Yes,7.3,8.5,14,0
NET17502,37,Premium+,6,919,25.4,13,13,1,34,7,UPI,0,4,5,Yes,10.0,9.1,9,1
NET17503,31,Basic,1,199,32.8,15,5,4,66,3,UPI,1,1,1,Yes,7.4,7.7,1,0
NET17504,24,Basic,3,249,5.7,3,9,2,44,1,Debit Card,1,0,1,Yes,7.3,6.5,5,0
NET17505,15,Basic,2,199,16.2,11,12,2,41,4,Credit Card,0,2,2,Yes,4.9,5.6,7,0
NET17506,32,Standard,19,449,82.1,47,1,3,56,1,Debit Card,0,0,0,No,7.8,9.7,20,0
NET17507,24,Basic,21,219,27.1,12,7,3,36,2,UPI,0,0,0,No,10.0,6.6,24,0
NET17508,23,Premium,21,669,45.5,34,5,4,21,4,Net Banking,0,0,0,No,8.7,8.3,23,0
NET17509,26,Basic,48,219,17.0,11,7,1,76,6,UPI,0,2,2,No,5.4,9.8,53,1
NET17510,46,Standard,30,399,36.3,17,4,3,35,5,Wallet,0,0,0,No,3.8,9.6,31,0
NET17511,52,Basic,9,179,13.0,6,9,3,64,4,Credit Card,0,0,1,Yes,5.7,8.9,14,0
NET17512,32,Premium+,7,919,34.1,20,9,3,40,3,UPI,0,0,0,No,7.6,4.5,10,0
NET17513,26,Premium,34,699,36.8,21,0,4,44,2,Wallet,0,0,0,No,8.3,6.2,36,0
NET17514,20,Premium+,13,879,45.4,29,1,4,32,3,Credit Card,0,0,0,No,8.1,7.9,13,0
NET17515,35,Premium+,4,949,23.8,10,1,2,54,4,Wallet,0,0,1,Yes,7.0,3.9,9,0
NET17516,47,Standard,11,419,41.4,25,2,4,18,7,UPI,0,0,1,Yes,6.4,8.6,15,1
NET17517,28,Basic,67,199,30.3,18,3,3,60,7,UPI,0,0,1,No,6.1,6.2,70,0
NET17518,15,Basic,26,179,9.1,5,7,3,30,3,UPI,1,1,2,Yes,5.0,8.0,27,0
NET17519,37,Basic,4,179,7.5,5,2,2,24,6,UPI,0,0,0,Yes,6.2,9.9,5,0
NET17520,39,Premium,42,669,67.1,45,1,1,55,4,Credit Card,0,2,3,No,10.0,10.0,46,0
NET17521,16,Basic,55,219,15.1,8,11,3,46,6,Debit Card,0,0,0,No,9.8,6.9,59,0
NET17522,32,Basic,3,219,5.1,2,3,3,29,3,Debit Card,0,1,3,No,8.5,5.0,5,0
NET17523,35,Premium,31,649,23.1,11,6,1,16,1,UPI,0,2,3,No,4.4,4.9,35,0
NET17524,30,Premium,30,649,20.4,11,11,4,93,6,Wallet,0,1,1,Yes,6.5,5.8,33,0
NET17525,23,Premium,1,649,69.1,36,2,1,38,3,UPI,0,0,0,No,8.7,4.3,6,0
NET17526,40,Standard,15,419,4.3,2,0,3,35,4,Credit Card,1,0,0,No,7.7,8.1,19,0
NET17527,27,Premium,5,649,27.1,12,0,2,27,5,Debit Card,0,0,0,No,5.4,4.8,8,0
NET17528,17,Standard,15,419,37.3,22,0,4,21,2,Debit Card,0,0,0,Yes,7.9,9.4,15,0
NET17529,15,Basic,34,219,13.1,9,1,6,41,4,Debit Card,0,0,0,Yes,8.4,7.1,38,0
NET17530,42,Premium,9,649,126.7,74,0,6,77,3,Debit Card,0,0,0,No,4.0,5.8,9,0
NET17531,36,Premium+,7,899,27.1,13,5,1,43,3,Wallet,0,1,2,No,5.5,6.6,12,0
NET17532,31,Basic,35,199,11.4,5,0,3,30,7,Debit Card,0,0,1,Yes,9.2,6.0,36,0
NET17533,27,Standard,51,419,22.3,12,3,2,18,0,Net Banking,1,0,1,Yes,3.3,6.8,56,0
NET17534,26,Standard,1,449,7.4,5,4,1,49,3,Credit Card,0,0,0,No,5.5,6.4,5,0
NET17535,21,Basic,35,179,11.4,5,6,3,36,6,UPI,0,0,0,Yes,8.8,7.2,36,0
NET17536,27,Premium,1,669,40.8,21,1,2,73,3,UPI,1,0,1,No,8.8,8.3,6,0
NET17537,15,Standard,5,399,24.2,14,12,2,5,8,UPI,0,0,0,Yes,5.1,7.2,5,0
NET17538,24,Premium,20,699,38.8,26,4,2,29,4,UPI,0,0,0,No,8.6,6.7,21,0
NET17539,28,Premium,21,649,24.4,13,7,3,17,2,UPI,0,0,2,No,9.6,6.5,21,0
NET17540,36,Standard,18,419,5.1,2,2,3,35,4,Net Banking,1,0,0,No,5.8,6.9,20,0
NET17541,30,Basic,1,219,13.4,9,1,3,47,3,UPI,1,0,1,No,7.2,9.3,6,0
NET17542,38,Basic,1,179,36.0,21,5,2,33,6,Net Banking,0,1,2,No,5.2,7.1,6,0
NET17543,43,Basic,38,199,9.1,4,13,4,45,5,UPI,0,0,1,No,5.0,6.3,38,0
NET17544,40,Basic,1,249,47.1,28,7,2,43,4,UPI,0,1,1,No,7.5,8.6,3,0
NET17545,35,Standard,1,379,21.6,12,7,2,56,2,Credit Card,0,0,0,No,7.3,7.6,2,0
NET17546,31,Premium,25,649,4.2,2,4,2,31,3,UPI,0,1,1,No,9.4,6.2,25,0
NET17547,22,Standard,14,419,21.5,13,0,2,35,4,Credit Card,0,0,0,Yes,6.9,5.5,16,0
NET17548,37,Premium,6,629,14.5,10,12,4,91,5,UPI,0,0,0,No,7.5,6.9,6,0
NET17549,46,Standard,2,419,46.9,25,1,3,41,1,Wallet,0,1,2,No,5.6,8.2,5,1
NET17550,34,Premium,30,649,84.9,48,0,2,68,5,Credit Card,1,0,2,Yes,6.2,7.2,35,0
NET17551,48,Premium+,62,899,62.7,32,0,3,36,4,Debit Card,0,0,0,No,7.1,6.8,65,0
NET17552,17,Basic,1,179,20.2,11,10,3,25,4,UPI,1,1,2,No,4.1,9.1,2,1
NET17553,20,Premium,11,629,18.5,12,0,3,12,3,Net Banking,0,0,1,No,9.5,9.0,14,0
NET17554,38,Premium,4,649,20.7,12,6,2,42,3,Net Banking,1,0,0,No,8.5,6.5,9,0
NET17555,33,Premium,25,699,63.8,48,0,4,34,6,Credit Card,0,0,1,No,7.5,5.8,29,0
NET17556,42,Premium,5,699,64.2,44,4,4,60,3,Wallet,0,0,0,No,8.5,8.6,7,0
NET17557,30,Standard,17,399,19.1,9,0,5,32,2,UPI,0,0,0,No,7.0,7.7,22,0
NET17558,23,Basic,10,199,25.5,11,13,3,54,2,Wallet,0,1,2,No,3.6,6.0,15,0
NET17559,29,Basic,10,199,8.7,5,1,1,74,6,Net Banking,0,0,0,Yes,5.7,10.0,14,0
NET17560,17,Standard,27,419,14.5,6,6,2,80,3,Credit Card,0,0,0,No,6.0,5.3,30,0
NET17561,20,Premium+,8,949,74.1,39,1,3,29,5,Credit Card,2,0,1,Yes,8.1,9.0,9,0
NET17562,39,Premium,26,629,34.0,21,11,3,45,2,UPI,0,0,0,No,5.3,6.2,30,0
NET17563,38,Standard,6,399,46.1,25,3,1,36,3,UPI,0,0,2,No,6.6,7.2,11,0
NET17564,34,Premium,2,649,23.7,11,4,2,66,4,Credit Card,0,0,0,No,8.2,5.1,3,0
NET17565,15,Premium,8,629,44.1,21,2,3,44,4,UPI,0,1,1,No,9.0,8.1,8,0
NET17566,27,Standard,9,379,12.5,5,6,5,51,6,UPI,0,0,1,Yes,8.1,7.0,14,0
NET17567,19,Basic,9,179,22.5,11,2,4,61,2,Credit Card,0,0,0,No,7.7,5.3,13,0
NET17568,41,Basic,23,249,11.3,5,6,4,33,5,UPI,0,0,0,No,8.8,6.0,23,0
NET17569,25,Premium,11,649,24.4,14,8,3,45,4,UPI,0,0,1,No,5.2,9.4,15,0
NET17570,21,Premium,30,649,30.7,21,0,4,35,4,Credit Card,0,0,0,Yes,8.2,4.5,32,0
NET17571,31,Standard,10,419,14.9,10,2,2,71,6,UPI,1,1,1,No,5.0,8.4,11,0
NET17572,25,Standard,3,399,13.6,6,0,6,23,2,Credit Card,0,0,0,No,3.6,9.1,3,0
NET17573,44,Premium,1,649,17.3,8,0,1,47,2,UPI,1,0,0,Yes,7.5,7.7,4,0
NET17574,24,Premium+,28,899,28.7,13,0,2,39,2,UPI,1,1,1,No,6.2,8.9,32,0
NET17575,18,Premium,1,669,59.0,43,7,1,37,3,Debit Card,0,1,1,No,7.8,7.0,6,0
NET17576,15,Premium,1,649,27.4,14,23,5,26,6,UPI,0,0,0,No,8.2,9.6,1,0
NET17577,30,Basic,1,199,30.0,15,5,1,13,1,Net Banking,0,0,0,No,7.1,8.2,5,1
NET17578,25,Standard,7,399,9.1,5,2,2,67,3,UPI,0,0,0,No,7.1,5.6,11,1
NET17579,18,Basic,10,199,15.2,8,8,2,49,4,Credit Card,0,1,3,Yes,5.2,8.0,14,0
NET17580,41,Premium,1,649,32.7,18,4,2,75,3,UPI,1,0,0,No,5.4,8.1,1,0
NET17581,37,Standard,10,379,8.0,4,0,3,60,1,Debit Card,0,0,0,No,8.3,7.4,10,0
NET17582,30,Premium,7,649,19.3,12,13,1,67,7,Debit Card,1,0,0,Yes,6.7,5.7,11,0
NET17583,43,Standard,20,449,14.6,6,0,1,49,3,Credit Card,1,2,2,No,7.3,6.6,23,0
NET17584,36,Premium,24,699,6.4,3,22,3,11,3,Credit Card,0,0,1,No,3.5,5.8,29,1
NET17585,23,Standard,16,449,14.1,7,2,4,33,5,UPI,1,0,0,No,5.2,5.5,17,0
NET17586,21,Standard,8,419,8.8,4,7,2,12,1,Credit Card,0,0,0,No,5.3,7.9,12,0
NET17587,38,Premium,3,649,39.1,19,19,4,73,5,Debit Card,0,1,1,No,7.5,6.3,6,0
NET17588,34,Basic,26,199,37.8,27,5,4,51,5,UPI,0,0,0,No,7.4,6.5,27,0
NET17589,32,Premium+,5,899,41.1,22,22,2,5,4,Wallet,0,1,1,No,8.1,6.8,9,1
NET17590,23,Standard,6,419,31.4,18,1,2,13,5,Credit Card,1,0,1,No,8.3,8.4,7,1
NET17591,36,Standard,34,399,39.3,26,0,3,40,3,Debit Card,0,0,0,Yes,4.3,7.8,38,1
NET17592,24,Premium,51,629,16.7,10,6,2,54,3,UPI,1,0,0,No,10.0,6.6,51,0
NET17593,30,Premium,31,649,34.7,24,0,4,42,6,Debit Card,0,0,0,Yes,5.9,6.1,35,0
NET17594,44,Standard,88,399,48.8,28,4,2,21,0,Debit Card,0,0,0,No,8.9,4.7,92,0
NET17595,25,Premium+,28,949,15.5,10,9,3,38,3,Debit Card,0,0,0,No,8.0,10.0,32,0
NET17596,16,Basic,17,179,18.3,12,10,2,45,8,Net Banking,1,0,0,No,6.6,7.4,21,0
NET17597,21,Basic,4,249,4.4,2,4,4,34,6,Credit Card,0,0,3,Yes,9.4,7.8,7,0
NET17598,39,Standard,42,399,31.9,21,3,3,47,3,Debit Card,0,0,0,No,7.2,8.7,44,0
NET17599,33,Standard,29,399,6.5,3,0,1,82,10,UPI,0,0,0,No,6.7,7.4,32,0
NET17600,29,Standard,3,449,27.6,19,6,3,20,5,Debit Card,1,2,2,No,5.3,6.6,6,0
NET17601,26,Standard,9,379,47.8,24,8,2,68,2,Credit Card,0,1,1,Yes,7.2,8.0,9,0
NET17602,35,Standard,1,449,24.2,15,2,2,42,1,Credit Card,0,1,3,No,8.0,9.1,5,0
NET17603,23,Premium,42,699,46.1,23,4,3,32,5,UPI,0,0,1,Yes,6.4,5.0,45,0
NET17604,33,Standard,11,449,2.4,1,1,3,74,1,Credit Card,0,0,0,No,8.0,7.0,12,0
NET17605,24,Premium+,3,879,54.3,24,2,4,46,3,Credit Card,0,0,1,No,6.5,6.6,7,0
NET17606,22,Premium,4,669,21.4,16,5,4,48,5,UPI,0,0,0,No,3.4,5.4,4,1
NET17607,25,Standard,55,379,22.7,11,8,4,51,7,Debit Card,0,0,0,No,4.4,6.8,60,0
NET17608,27,Standard,13,449,14.2,8,0,3,25,2,UPI,0,0,0,No,5.7,10.0,18,0
NET17609,30,Standard,7,399,12.0,8,4,3,50,3,Debit Card,0,0,0,No,8.7,7.6,7,0
NET17610,33,Premium,9,649,9.4,4,0,5,40,7,Credit Card,0,0,0,Yes,6.5,4.7,10,1
NET17611,15,Basic,1,199,15.0,11,13,2,40,2,Debit Card,0,0,0,No,9.1,7.7,6,0
NET17612,23,Basic,1,219,12.6,6,6,3,40,2,Net Banking,1,1,1,Yes,7.2,9.6,1,0
NET17613,27,Premium+,12,899,5.3,2,3,1,37,2,Wallet,0,0,1,Yes,4.9,7.9,17,1
NET17614,44,Premium,10,649,44.7,30,0,1,26,4,Net Banking,0,0,0,Yes,6.8,6.3,14,0
NET17615,21,Basic,6,199,13.2,6,4,6,58,5,Net Banking,1,1,1,No,5.4,9.5,8,0
NET17616,32,Basic,11,179,5.8,3,5,1,56,4,Credit Card,0,0,0,No,4.6,7.4,13,1
NET17617,44,Premium,1,649,23.5,12,3,2,64,3,Debit Card,0,0,1,No,6.9,9.5,4,0
NET17618,19,Premium,40,649,28.9,22,2,3,82,1,Net Banking,0,0,1,No,4.7,4.8,40,0
NET17619,34,Standard,4,419,34.5,16,19,4,69,3,UPI,0,0,0,No,6.6,5.6,8,0
NET17620,23,Standard,1,399,14.6,10,1,4,86,1,UPI,1,0,0,No,4.2,5.3,2,0
NET17621,26,Premium,2,629,44.4,22,21,1,71,6,UPI,0,0,0,Yes,6.0,8.3,3,0
NET17622,23,Premium,1,669,31.5,16,0,3,39,4,UPI,1,0,1,Yes,6.9,7.0,5,0
NET17623,24,Premium,2,629,67.0,35,1,4,38,6,Credit Card,0,1,1,Yes,6.1,7.6,6,0
NET17624,55,Standard,7,379,38.2,28,2,4,24,0,Debit Card,1,0,0,No,7.5,8.5,8,0
NET17625,38,Premium+,18,899,16.4,8,1,1,77,3,Debit Card,2,1,2,No,4.8,6.1,18,1
NET17626,40,Standard,4,419,28.8,15,2,4,30,3,Debit Card,0,0,0,No,7.0,5.9,9,0
NET17627,35,Basic,8,199,18.9,10,5,3,43,6,Debit Card,1,1,2,Yes,5.1,6.0,11,0
NET17628,16,Premium,36,699,31.8,17,3,3,46,8,Credit Card,1,0,1,Yes,4.7,6.9,39,0
NET17629,34,Standard,4,379,29.8,18,1,3,25,6,Wallet,0,0,0,Yes,5.2,9.1,7,1
NET17630,40,Premium,22,669,46.7,30,5,2,73,6,Credit Card,0,1,3,Yes,8.6,7.9,26,0
NET17631,23,Basic,2,199,14.3,8,17,3,44,3,UPI,1,1,1,Yes,5.4,7.4,3,0
NET17632,39,Premium,2,649,56.7,34,23,4,58,4,UPI,0,2,3,No,6.8,6.1,3,0
NET17633,37,Standard,8,449,14.8,7,10,4,24,4,UPI,0,0,0,Yes,9.1,7.4,9,0
NET17634,47,Premium,3,699,43.9,28,1,2,27,4,Wallet,0,0,0,No,6.3,5.8,8,0
NET17635,27,Basic,32,249,26.8,13,1,4,71,3,UPI,0,2,2,No,6.3,7.6,33,0
NET17636,21,Premium,1,649,52.1,23,0,1,50,4,Credit Card,0,0,0,No,7.8,7.0,2,0
NET17637,27,Premium,12,649,30.2,15,9,4,44,2,Net Banking,0,0,0,No,7.7,9.1,14,0
NET17638,43,Standard,12,419,42.5,24,1,2,48,4,Credit Card,2,0,0,No,3.8,5.9,17,1
NET17639,15,Basic,1,179,20.3,13,18,6,62,0,Debit Card,0,0,0,No,9.5,7.7,5,0
NET17640,15,Standard,18,399,25.1,11,3,3,59,5,UPI,0,0,0,Yes,7.0,7.9,23,0
NET17641,31,Premium,8,649,32.3,20,0,6,37,4,UPI,1,0,1,No,5.6,6.7,12,0
NET17642,27,Standard,17,419,15.5,8,6,3,64,6,UPI,0,0,1,No,7.2,10.0,19,1
NET17643,31,Standard,24,379,24.9,14,0,5,50,4,Credit Card,0,1,4,No,6.7,9.8,27,1
NET17644,39,Standard,5,419,19.6,13,6,3,25,1,UPI,0,0,0,Yes,6.5,8.5,5,0
NET17645,26,Premium+,9,879,44.4,22,6,3,68,4,Debit Card,1,0,1,Yes,6.8,7.1,14,0
NET17646,15,Standard,4,379,19.2,13,0,3,40,6,Net Banking,0,2,4,Yes,3.8,6.5,8,0
NET17647,49,Basic,3,249,29.3,17,12,3,71,3,UPI,0,1,1,No,6.6,7.4,7,0
NET17648,22,Premium,1,649,122.7,82,0,3,54,5,Debit Card,0,0,0,No,7.3,8.0,3,0
NET17649,21,Premium,46,649,15.2,8,2,2,27,3,UPI,0,0,0,No,7.1,7.3,50,0
NET17650,40,Basic,8,249,9.7,4,6,1,71,3,UPI,0,1,1,Yes,9.4,9.9,12,0
NET17651,27,Premium+,1,949,27.5,13,16,3,80,5,Wallet,1,0,1,Yes,8.5,9.2,4,0
NET17652,30,Premium,1,669,51.0,28,21,2,7,6,UPI,0,0,2,No,6.7,10.0,3,0
NET17653,35,Standard,4,379,56.8,37,10,2,75,2,UPI,0,0,0,Yes,7.2,8.6,9,0
NET17654,40,Standard,1,379,26.5,16,8,2,53,4,Credit Card,0,0,0,No,8.4,5.6,5,1
NET17655,27,Premium,6,669,21.4,11,4,2,65,3,Credit Card,1,1,2,No,4.8,8.2,7,0
NET17656,44,Basic,1,199,21.3,13,4,6,56,3,Debit Card,1,1,2,Yes,4.5,7.1,3,0
NET17657,15,Standard,1,379,18.7,13,5,1,54,2,Credit Card,0,0,0,Yes,5.5,8.7,4,0
NET17658,37,Basic,15,249,19.6,12,24,2,35,4,Credit Card,0,0,0,No,5.7,7.5,20,0
NET17659,23,Premium,33,699,14.6,10,0,4,19,3,UPI,0,0,0,No,7.4,8.6,33,0
NET17660,43,Standard,7,379,20.9,13,3,3,41,1,Credit Card,0,0,3,Yes,5.1,5.0,11,0
NET17661,32,Premium,25,629,25.3,18,1,3,51,1,Debit Card,0,2,2,Yes,9.3,6.9,26,0
NET17662,24,Basic,1,199,5.4,3,5,4,49,0,Debit Card,0,0,0,Yes,8.4,7.1,2,1
NET17663,36,Premium,21,629,17.5,8,5,2,64,2,Debit Card,0,0,0,No,5.5,6.2,21,0
NET17664,39,Premium,1,649,14.9,10,16,2,63,4,UPI,0,0,0,Yes,7.1,6.6,3,0
NET17665,36,Standard,25,449,10.9,5,2,1,55,3,Net Banking,0,1,1,Yes,7.9,9.8,28,0
NET17666,21,Premium,29,649,16.3,7,9,1,49,5,Debit Card,0,0,0,No,7.0,5.8,33,0
NET17667,26,Standard,21,379,13.1,7,7,2,58,7,Debit Card,1,0,1,No,4.3,6.1,25,0
NET17668,30,Premium,24,649,37.9,22,3,2,70,2,UPI,0,0,0,Yes,5.6,5.6,29,1
NET17669,30,Basic,11,179,16.7,10,4,6,58,1,UPI,0,2,2,Yes,8.0,8.8,15,0
NET17670,37,Standard,4,399,11.1,7,3,5,53,5,Credit Card,0,1,1,Yes,7.0,5.9,5,0
NET17671,15,Premium+,14,949,26.2,13,16,2,24,4,UPI,0,0,0,No,4.7,7.0,16,0
NET17672,34,Premium+,8,919,29.0,14,0,3,35,4,UPI,0,0,0,No,8.4,8.0,8,0
NET17673,28,Standard,1,449,11.3,5,5,2,51,5,Debit Card,0,1,1,No,8.0,8.3,3,0
NET17674,23,Standard,9,449,27.7,19,2,5,54,9,Net Banking,0,1,1,Yes,6.6,3.7,12,0
NET17675,24,Basic,14,249,12.0,6,0,5,24,9,UPI,1,0,1,No,8.5,7.7,17,0
NET17676,29,Premium,1,649,12.5,6,1,2,65,5,UPI,0,0,0,No,5.8,4.4,1,1
NET17677,15,Standard,13,449,23.8,12,5,1,17,6,UPI,0,0,0,No,6.4,5.1,14,0
NET17678,24,Standard,14,419,17.6,12,8,1,5,4,UPI,0,0,0,Yes,7.6,7.4,19,0
NET17679,23,Basic,2,179,12.7,6,4,3,14,3,Credit Card,2,0,0,No,5.8,7.7,2,0
NET17680,35,Premium+,7,899,37.9,20,4,2,9,7,Debit Card,0,1,1,No,7.4,6.1,12,0
NET17681,23,Standard,46,449,24.6,11,6,3,33,6,Debit Card,0,0,1,No,6.5,6.8,49,0
NET17682,29,Standard,30,399,15.9,10,0,3,36,3,Net Banking,0,0,1,Yes,8.7,6.1,31,0
NET17683,44,Standard,7,449,19.7,14,1,2,43,4,Debit Card,0,1,1,Yes,6.0,10.0,9,1
NET17684,39,Standard,6,399,13.5,6,19,6,24,4,Credit Card,0,0,1,No,9.5,6.8,9,0
NET17685,39,Premium,1,649,23.1,16,19,5,24,5,UPI,0,0,0,No,3.8,6.7,2,0
NET17686,26,Premium+,1,949,63.6,38,2,2,78,6,UPI,0,1,1,Yes,8.1,8.2,2,0
NET17687,35,Premium,4,699,21.9,10,9,6,63,1,Debit Card,0,0,0,Yes,5.3,6.9,8,0
NET17688,28,Standard,39,419,12.5,8,0,4,28,7,UPI,1,1,1,Yes,8.1,6.3,41,0
NET17689,29,Premium,44,669,45.8,26,2,3,42,3,Debit Card,0,0,0,No,4.4,6.9,45,0
NET17690,34,Standard,23,419,6.9,3,3,4,49,3,UPI,1,0,0,Yes,6.6,5.2,23,0
NET17691,25,Standard,6,399,36.9,19,0,2,50,7,Debit Card,1,0,0,Yes,8.7,4.8,11,0
NET17692,44,Premium+,2,899,47.7,25,0,2,20,0,UPI,1,0,1,No,6.4,10.0,4,1
NET17693,29,Standard,12,399,18.5,13,1,3,86,6,UPI,1,0,0,No,7.1,8.9,14,0
NET17694,36,Standard,14,379,26.6,13,20,2,53,2,UPI,0,0,1,No,7.7,6.1,17,0
NET17695,44,Premium+,7,949,28.4,14,15,5,55,7,Wallet,0,1,1,No,5.7,5.7,9,0
NET17696,40,Basic,16,249,30.4,21,1,2,15,6,Credit Card,0,0,0,Yes,8.6,7.9,18,0
NET17697,18,Premium,19,699,24.1,12,16,4,64,2,UPI,0,0,0,No,5.1,6.9,23,0
NET17698,35,Premium+,21,919,19.5,11,2,5,33,4,Credit Card,0,0,0,No,7.5,7.6,23,0
NET17699,38,Standard,9,449,14.6,11,8,3,48,4,Wallet,0,0,0,No,4.9,8.1,14,0
NET17700,39,Basic,21,219,12.5,6,2,1,41,2,UPI,0,0,0,Yes,6.9,6.3,26,1
NET17701,20,Standard,1,379,20.0,11,0,4,57,2,UPI,0,0,0,No,7.4,5.4,6,0
NET17702,25,Basic,15,199,11.3,7,20,1,55,5,UPI,0,3,3,Yes,10.0,7.0,16,0
NET17703,39,Standard,3,399,38.8,26,1,2,37,4,UPI,1,1,1,No,8.5,6.2,3,0
NET17704,24,Premium,4,649,27.5,13,0,3,69,6,Wallet,0,0,1,Yes,4.3,6.9,9,0
NET17705,28,Standard,1,419,11.7,5,30,1,35,5,UPI,1,2,3,No,3.8,6.7,5,0
NET17706,45,Standard,2,399,26.8,18,6,2,30,4,Credit Card,0,0,1,Yes,6.6,7.6,6,0
NET17707,30,Standard,67,399,5.2,3,3,2,49,4,Credit Card,1,0,1,No,7.4,9.9,71,0
NET17708,24,Standard,7,379,20.2,12,10,3,30,5,Wallet,0,0,1,Yes,7.2,6.7,11,1
NET17709,23,Premium,36,649,19.1,10,7,3,57,1,UPI,0,0,0,No,8.1,5.6,39,1
NET17710,33,Standard,2,379,12.4,8,3,2,51,4,Credit Card,0,3,3,No,7.2,7.9,6,0
NET17711,19,Premium,3,699,17.7,9,0,4,41,3,UPI,1,1,2,No,6.2,5.4,6,0
NET17712,28,Standard,11,399,24.7,12,6,4,65,6,UPI,0,1,1,No,7.9,7.8,14,0
NET17713,33,Standard,6,419,14.6,7,13,4,38,2,Net Banking,0,1,1,No,7.0,9.4,8,0
NET17714,42,Standard,14,379,19.0,12,4,5,22,9,Credit Card,0,0,0,Yes,5.0,5.6,14,0
NET17715,37,Standard,7,419,40.8,20,4,3,35,7,Wallet,0,0,2,Yes,10.0,8.3,9,0
NET17716,24,Premium,23,669,25.9,15,11,2,38,3,UPI,0,0,0,No,5.8,7.8,26,0
NET17717,41,Basic,7,199,14.3,10,17,3,21,4,UPI,0,2,2,No,8.8,8.2,9,0
NET17718,28,Premium+,11,949,50.4,31,4,2,19,6,UPI,1,2,3,No,6.0,7.7,12,0
NET17719,19,Standard,5,449,33.8,22,0,3,31,8,Debit Card,0,0,0,No,5.7,7.7,9,0
NET17720,29,Premium+,17,899,98.2,47,0,6,27,4,Credit Card,0,0,0,No,3.4,8.6,21,0
NET17721,43,Basic,14,249,16.8,11,17,1,38,6,Credit Card,1,0,0,No,5.8,8.6,17,0
NET17722,32,Standard,7,399,20.6,11,10,3,45,4,Credit Card,0,0,0,Yes,4.1,5.2,9,0
NET17723,31,Basic,4,219,10.4,5,6,5,40,4,Debit Card,1,0,0,No,9.2,6.4,5,0
NET17724,45,Standard,13,379,25.2,18,3,4,46,1,UPI,0,0,0,Yes,2.5,5.2,14,1
NET17725,18,Premium,40,629,19.8,13,3,2,45,4,UPI,0,0,0,No,6.9,9.2,45,0
NET17726,19,Basic,1,249,13.5,6,0,1,56,5,Credit Card,0,0,0,Yes,8.8,3.0,2,0
NET17727,16,Standard,22,399,11.6,7,12,2,27,2,UPI,0,0,0,No,6.3,6.4,25,0
NET17728,34,Basic,10,179,13.5,6,2,1,35,8,UPI,0,0,1,No,3.4,8.5,15,0
NET17729,32,Standard,10,399,11.3,5,4,3,45,7,UPI,1,2,2,Yes,5.7,9.1,12,0
NET17730,44,Premium,45,629,20.8,11,4,3,42,3,UPI,1,0,0,No,6.5,7.7,46,0
NET17731,33,Premium,13,649,25.4,13,10,3,53,5,Net Banking,0,0,0,No,4.7,5.8,14,0
NET17732,27,Premium,24,649,46.6,26,1,3,34,2,Debit Card,1,0,0,No,6.3,5.7,26,0
NET17733,31,Standard,10,419,22.4,13,3,5,55,5,Debit Card,0,2,2,No,7.5,8.2,12,0
NET17734,32,Premium+,4,899,41.5,28,18,4,74,5,Debit Card,0,0,0,No,6.1,5.8,8,0
NET17735,15,Premium,16,629,25.9,11,7,3,30,5,UPI,0,0,0,No,5.5,10.0,16,0
NET17736,55,Standard,35,449,4.4,2,3,3,56,5,UPI,0,0,1,No,8.1,6.4,35,0
NET17737,35,Standard,25,399,9.6,6,6,1,51,3,UPI,0,1,1,No,7.7,5.8,26,0
NET17738,32,Premium+,3,919,6.1,2,5,6,31,6,Credit Card,0,0,0,No,6.2,6.8,5,0
NET17739,36,Standard,5,419,15.9,7,4,3,67,6,UPI,0,0,2,Yes,9.7,7.3,9,0
NET17740,37,Premium,10,669,11.0,5,4,1,74,5,Net Banking,0,0,2,Yes,10.0,8.3,13,0
NET17741,29,Standard,11,449,17.2,12,7,1,21,2,Debit Card,0,0,0,No,3.3,7.4,11,0
NET17742,25,Basic,3,179,23.5,17,12,4,17,2,Net Banking,0,1,2,No,7.5,4.4,8,0
NET17743,36,Premium,3,629,66.9,34,0,5,44,1,UPI,0,0,1,No,9.6,8.4,3,0
NET17744,34,Premium,19,649,34.8,23,22,4,69,4,Credit Card,0,1,1,Yes,8.0,6.0,21,0
NET17745,23,Standard,18,399,17.9,8,3,2,5,1,Credit Card,0,0,2,No,6.1,8.3,21,0
NET17746,43,Premium,25,649,59.4,31,6,2,26,5,Debit Card,1,0,0,No,6.5,8.2,25,0
NET17747,33,Basic,37,249,33.9,20,1,2,47,3,Net Banking,0,0,0,No,10.0,7.5,41,0
NET17748,37,Premium,5,649,10.7,6,8,2,16,4,Credit Card,0,1,1,No,6.2,10.0,5,0
NET17749,43,Premium+,27,879,49.4,28,2,1,46,1,Credit Card,1,0,0,No,7.4,5.2,29,0
NET17750,31,Premium,15,649,16.7,10,2,1,49,4,UPI,0,0,1,Yes,8.1,9.7,17,0
NET17751,33,Standard,44,449,28.6,19,1,2,66,5,UPI,0,0,0,Yes,7.4,7.0,49,0
NET17752,38,Standard,4,449,33.9,15,0,1,38,3,UPI,0,0,0,Yes,7.6,8.3,9,0
NET17753,24,Premium,4,649,52.7,26,2,1,65,3,Debit Card,1,1,2,No,7.5,5.5,7,0
NET17754,31,Standard,17,419,18.4,12,5,2,30,3,Credit Card,0,1,1,No,7.9,7.7,17,0
NET17755,32,Standard,36,419,36.3,27,0,2,8,8,Net Banking,0,0,0,No,5.9,8.8,39,0
NET17756,22,Premium+,24,919,20.8,12,1,3,72,5,Credit Card,1,0,2,No,9.4,8.4,24,0
NET17757,51,Standard,18,399,14.8,8,1,1,42,5,UPI,0,1,1,No,6.6,8.6,19,0
NET17758,18,Standard,6,449,31.5,14,1,4,47,3,Net Banking,0,0,0,Yes,7.0,7.4,6,0
NET17759,19,Basic,17,249,9.3,6,0,6,12,1,UPI,0,0,0,Yes,7.1,8.7,19,1
NET17760,42,Basic,22,179,10.2,6,1,2,41,3,UPI,0,0,0,Yes,6.4,10.0,24,0
NET17761,37,Basic,19,219,35.2,24,16,2,60,4,UPI,2,0,0,No,6.0,8.4,20,0
NET17762,21,Premium+,15,899,53.0,38,9,5,35,5,UPI,0,1,1,No,4.1,6.5,15,0
NET17763,36,Standard,1,379,13.0,7,15,6,51,4,Credit Card,0,0,0,Yes,10.0,4.1,1,0
NET17764,44,Standard,15,449,5.6,4,13,5,39,5,Wallet,0,0,0,No,4.5,7.6,17,0
NET17765,30,Premium,9,629,32.7,16,3,1,33,0,UPI,0,0,0,No,9.3,5.9,10,0
NET17766,54,Premium,45,669,43.0,23,2,5,25,3,Credit Card,0,2,2,No,7.7,5.3,47,0
NET17767,15,Premium,13,649,26.8,17,9,5,6,8,UPI,0,0,0,No,7.5,7.3,14,0
NET17768,37,Standard,13,419,30.7,15,13,6,61,2,Net Banking,0,0,0,No,6.2,8.0,15,0
NET17769,41,Premium,71,669,38.3,19,8,3,50,2,UPI,0,0,1,Yes,9.1,7.5,75,0
NET17770,39,Basic,1,199,23.1,12,5,3,39,3,Debit Card,0,1,1,Yes,8.2,8.5,1,0
NET17771,29,Basic,4,199,54.5,36,4,2,50,1,Wallet,0,0,0,No,7.2,6.5,7,0
NET17772,28,Basic,14,199,12.4,6,3,2,60,5,UPI,0,0,0,No,6.4,7.1,18,0
NET17773,34,Standard,5,399,18.3,10,3,3,59,0,Credit Card,1,0,0,No,6.2,8.5,7,0
NET17774,38,Standard,5,449,19.7,11,0,4,32,5,UPI,1,0,1,No,6.2,6.5,6,0
NET17775,36,Premium,31,629,7.7,5,1,3,27,4,UPI,0,1,1,Yes,2.5,9.6,34,0
NET17776,40,Basic,12,249,11.1,7,0,2,14,9,Credit Card,1,0,1,No,8.6,7.3,13,0
NET17777,21,Premium,1,649,4.4,3,3,2,43,3,Debit Card,0,0,0,No,6.8,6.5,6,1
NET17778,28,Basic,5,199,9.4,6,2,4,37,6,Debit Card,0,2,2,Yes,6.6,5.8,6,0
NET17779,22,Basic,1,219,14.4,8,2,2,57,2,UPI,0,0,0,No,4.2,7.4,6,0
NET17780,27,Standard,11,419,41.7,25,21,4,31,3,Credit Card,2,1,1,Yes,4.3,6.3,16,0
NET17781,40,Premium+,2,949,28.1,14,8,2,50,4,UPI,0,0,1,No,10.0,6.9,2,0
NET17782,31,Premium,27,699,7.1,4,0,2,34,4,Debit Card,1,1,1,No,8.3,10.0,29,0
NET17783,54,Premium+,12,899,38.0,27,9,1,43,4,Wallet,0,0,0,No,6.7,6.8,12,0
NET17784,32,Premium,1,669,17.8,9,3,4,45,4,Debit Card,0,0,0,No,7.2,9.5,6,0
NET17785,31,Premium,5,699,51.1,34,11,1,37,3,UPI,1,0,0,No,6.8,7.5,6,0
NET17786,31,Premium,13,629,18.0,11,8,3,33,2,UPI,0,0,0,No,6.8,8.9,13,0
NET17787,25,Premium,5,699,130.1,74,1,3,38,2,UPI,0,0,0,No,6.4,8.5,9,1
NET17788,30,Basic,10,249,10.1,5,7,2,72,10,Credit Card,0,0,0,No,6.7,9.0,15,0
NET17789,41,Standard,33,399,9.7,6,16,1,45,4,UPI,0,1,1,Yes,5.3,8.5,34,1
NET17790,32,Standard,6,379,5.2,3,4,2,49,4,UPI,1,0,0,Yes,5.5,6.2,7,1
NET17791,23,Standard,5,379,29.7,21,0,2,51,3,Credit Card,1,0,1,No,5.6,7.2,9,0
NET17792,22,Standard,23,399,47.2,32,5,4,58,1,UPI,0,0,0,No,5.6,6.3,24,0
NET17793,26,Basic,5,199,22.3,12,0,2,47,3,Debit Card,0,1,1,Yes,6.6,8.9,8,0
NET17794,31,Standard,1,379,11.3,8,3,3,79,3,Credit Card,0,1,2,No,5.1,7.4,4,0
NET17795,41,Basic,2,199,26.0,17,1,3,35,7,Net Banking,0,0,1,No,4.1,10.0,4,0
NET17796,18,Premium+,41,899,30.0,16,6,1,36,5,Credit Card,0,1,3,No,5.5,6.6,43,0
NET17797,28,Basic,37,219,22.7,15,3,3,18,2,Debit Card,0,0,0,Yes,7.8,4.5,37,0
NET17798,32,Standard,3,379,25.2,12,4,4,38,0,Credit Card,0,0,0,No,5.1,6.2,3,0
NET17799,15,Premium,11,669,17.5,10,13,5,43,4,UPI,1,0,0,No,7.2,3.2,15,0
NET17800,23,Standard,2,449,9.9,5,3,2,35,2,Credit Card,0,0,0,Yes,6.1,6.4,6,0
NET17801,24,Basic,15,249,9.9,4,35,3,18,3,UPI,0,0,0,Yes,6.5,3.6,20,1
NET17802,23,Standard,2,419,8.5,4,0,1,59,2,UPI,0,1,1,No,5.2,7.4,3,0
NET17803,32,Basic,1,249,24.0,12,11,3,42,4,Credit Card,2,0,0,Yes,10.0,6.8,3,0
NET17804,29,Basic,24,219,25.6,12,2,2,44,1,UPI,0,1,2,No,6.0,5.4,29,0
NET17805,26,Basic,5,199,43.5,28,9,4,67,8,UPI,1,0,0,No,5.5,5.9,7,0
NET17806,34,Standard,1,399,13.7,6,4,4,25,2,UPI,0,0,2,No,7.3,6.2,3,0
NET17807,46,Premium,25,649,49.7,23,4,3,69,5,Net Banking,0,1,1,Yes,9.0,6.3,27,0
NET17808,45,Standard,20,379,26.6,19,4,4,35,7,UPI,0,1,1,Yes,7.5,7.3,20,0
NET17809,15,Premium,16,649,29.7,17,1,4,36,3,Credit Card,1,0,0,No,10.0,8.0,19,1
NET17810,36,Basic,33,199,8.3,5,0,3,44,3,Credit Card,2,1,1,No,8.2,7.8,38,1
NET17811,29,Standard,9,449,106.4,50,1,2,31,7,UPI,1,0,0,Yes,7.5,7.7,13,0
NET17812,32,Premium,1,669,61.2,40,0,2,37,2,Debit Card,0,0,1,No,7.9,5.8,5,1
NET17813,27,Basic,1,179,33.1,20,7,6,51,2,Debit Card,0,0,0,No,7.9,9.5,3,0
NET17814,32,Premium,5,699,38.4,17,2,3,43,3,Credit Card,0,0,0,Yes,6.3,7.0,7,0
NET17815,32,Standard,1,379,11.1,6,3,3,77,5,Net Banking,0,0,0,No,6.6,7.3,1,0
NET17816,25,Premium,10,649,5.9,2,8,3,65,3,UPI,0,1,2,No,6.2,9.4,10,0
NET17817,22,Standard,1,419,24.3,14,0,1,30,7,UPI,1,0,0,Yes,7.8,3.6,5,0
NET17818,26,Standard,8,449,17.9,8,6,2,82,9,UPI,1,0,2,Yes,5.5,5.0,10,0
NET17819,33,Premium,2,649,29.9,13,5,1,5,2,Credit Card,0,0,0,Yes,6.2,5.7,4,0
NET17820,36,Premium,6,649,32.1,24,3,4,55,2,Debit Card,0,0,0,Yes,8.7,7.7,11,0
NET17821,38,Basic,15,199,23.5,14,5,2,29,4,Debit Card,0,2,3,No,8.5,8.6,19,0
NET17822,26,Premium+,6,879,39.5,18,2,4,32,4,Net Banking,0,0,0,No,7.8,8.5,6,0
NET17823,33,Basic,5,199,3.1,1,1,3,37,6,UPI,0,0,0,Yes,7.3,7.0,10,0
NET17824,39,Basic,65,249,12.4,8,0,2,57,4,Credit Card,0,0,0,No,7.2,6.4,69,0
NET17825,41,Standard,17,399,11.8,5,5,3,8,7,Debit Card,3,1,1,Yes,6.4,4.1,17,1
NET17826,30,Premium,10,649,40.2,27,19,6,43,2,UPI,0,0,0,Yes,3.5,8.2,10,1
NET17827,29,Premium+,12,879,30.4,14,9,3,40,8,UPI,1,0,0,No,9.0,4.9,17,1
NET17828,32,Standard,13,379,14.5,10,0,3,69,5,Net Banking,0,0,0,No,5.2,6.8,18,0
NET17829,20,Basic,1,219,5.8,2,1,4,87,7,UPI,0,1,2,No,7.6,6.7,1,0
NET17830,29,Premium,1,669,35.5,25,6,3,42,9,Wallet,0,1,2,No,7.5,9.2,3,0
NET17831,37,Standard,14,379,25.8,17,0,6,52,3,UPI,0,0,0,Yes,8.5,10.0,18,0
NET17832,36,Standard,6,419,19.8,10,4,3,85,4,UPI,1,2,2,No,7.5,4.4,6,1
NET17833,28,Standard,1,399,17.1,11,21,2,47,3,UPI,0,0,0,Yes,9.7,8.1,4,0
NET17834,32,Basic,4,179,11.1,6,2,4,69,3,UPI,1,0,0,Yes,7.8,7.8,4,0
NET17835,23,Standard,1,399,6.6,4,13,1,86,4,Debit Card,0,0,1,No,3.6,7.5,1,1
NET17836,37,Standard,34,379,9.3,5,0,4,37,3,UPI,0,1,2,No,5.4,7.3,39,0
NET17837,30,Premium,3,699,51.5,27,0,2,40,5,Credit Card,0,0,0,No,7.5,6.2,3,0
NET17838,28,Premium,2,699,34.3,22,2,2,68,6,UPI,0,0,1,Yes,7.4,5.8,3,0
NET17839,27,Basic,13,179,16.6,10,5,2,35,6,UPI,1,0,0,No,6.9,7.2,18,0
NET17840,30,Basic,10,199,14.0,7,10,1,29,5,UPI,0,1,1,No,9.1,7.4,13,0
NET17841,26,Standard,12,379,29.2,21,1,2,52,3,Credit Card,0,0,0,No,4.4,6.0,14,0
NET17842,36,Basic,8,199,25.6,14,1,2,22,2,Net Banking,0,1,2,No,8.7,7.1,13,0
NET17843,27,Premium,8,649,11.2,7,3,4,38,9,UPI,0,0,0,No,8.5,9.0,12,0
NET17844,45,Premium+,21,899,19.3,11,2,2,57,1,Credit Card,0,0,0,No,4.9,8.5,25,0
NET17845,44,Premium,3,649,35.4,17,0,3,71,6,Debit Card,0,1,1,Yes,5.6,6.7,8,0
NET17846,22,Premium,7,669,52.9,24,2,3,51,2,UPI,0,0,1,No,5.9,7.9,11,0
NET17847,31,Standard,44,399,93.3,63,0,6,34,8,Credit Card,1,0,0,Yes,6.9,7.9,49,0
NET17848,25,Standard,2,449,29.9,22,4,3,71,4,Wallet,0,0,0,Yes,6.1,7.1,4,0
NET17849,28,Premium+,4,879,29.9,20,0,4,54,2,Credit Card,1,0,1,Yes,6.9,3.2,4,0
NET17850,49,Premium+,2,919,53.3,25,6,5,35,6,Debit Card,0,0,0,No,5.6,8.9,5,0
NET17851,28,Standard,1,449,20.6,9,2,5,36,7,Debit Card,0,0,1,No,5.9,7.2,5,1
NET17852,34,Standard,4,379,25.4,16,1,3,33,6,Credit Card,0,0,0,No,5.5,5.7,5,0
NET17853,35,Premium,1,699,41.8,26,2,2,44,8,Credit Card,1,0,0,Yes,7.0,5.9,2,0
NET17854,21,Basic,2,219,23.0,12,3,3,60,1,Net Banking,0,0,0,Yes,3.9,4.5,5,1
NET17855,23,Premium,6,649,48.4,30,13,1,73,3,UPI,0,0,0,No,10.0,6.4,10,0
NET17856,20,Premium,1,629,44.4,21,6,2,55,5,UPI,1,1,2,Yes,7.0,8.5,1,0
NET17857,23,Basic,19,249,19.4,9,1,2,35,5,UPI,0,4,4,No,5.4,7.9,23,0
NET17858,15,Premium+,22,949,33.6,20,6,2,24,2,UPI,0,1,1,Yes,7.1,4.3,22,0
NET17859,35,Premium+,7,919,86.0,39,0,3,51,3,Credit Card,0,1,1,Yes,8.8,4.7,11,1
NET17860,49,Premium+,58,919,55.0,27,2,2,88,4,Credit Card,0,1,1,No,7.7,7.6,59,0
NET17861,32,Standard,15,419,64.0,32,0,1,30,3,Credit Card,0,0,0,No,5.1,4.6,17,0
NET17862,18,Basic,19,199,8.7,4,6,4,19,4,Credit Card,1,0,0,No,6.8,6.6,24,0
NET17863,25,Standard,2,399,21.3,12,3,4,56,4,UPI,0,0,1,No,8.6,6.0,5,0
NET17864,26,Standard,25,449,29.5,22,5,6,32,2,UPI,0,1,1,Yes,6.4,4.4,25,0
NET17865,21,Basic,40,199,6.2,2,6,2,40,3,Debit Card,0,0,0,No,7.1,10.0,42,0
NET17866,38,Standard,3,449,34.0,15,19,3,22,10,Credit Card,0,0,1,Yes,6.3,6.0,3,0
NET17867,38,Premium,16,649,18.9,8,14,4,20,4,Credit Card,0,1,1,Yes,7.7,6.0,19,0
NET17868,20,Basic,19,179,8.3,4,4,3,30,4,Credit Card,0,0,1,No,8.3,6.4,21,0
NET17869,37,Standard,5,399,33.2,22,8,1,41,3,Debit Card,0,2,2,No,10.0,6.0,7,0
NET17870,44,Basic,9,249,27.9,18,3,4,41,8,Credit Card,0,1,2,No,6.7,10.0,14,0
NET17871,48,Premium,1,669,28.5,16,20,5,71,3,UPI,1,0,1,Yes,7.0,7.4,6,1
NET17872,56,Premium,2,649,23.5,12,0,2,23,4,Credit Card,1,0,0,Yes,7.0,8.2,5,0
NET17873,22,Basic,1,249,12.5,7,1,2,44,3,Debit Card,0,0,0,No,7.1,6.5,4,0
NET17874,56,Premium+,11,879,20.5,12,1,2,48,2,Net Banking,0,2,3,No,9.5,10.0,11,0
NET17875,27,Basic,13,249,21.7,10,1,4,41,5,Net Banking,0,0,0,Yes,7.8,6.1,15,0
NET17876,25,Standard,34,449,11.3,6,1,2,37,3,Credit Card,0,0,0,No,6.3,6.9,37,0
NET17877,33,Premium,10,699,22.9,13,5,1,44,6,Debit Card,0,1,1,No,7.7,5.9,15,0
NET17878,25,Premium,4,649,41.0,21,13,3,54,3,Credit Card,1,0,0,No,7.7,3.7,4,1
NET17879,34,Basic,1,249,41.7,20,0,6,41,3,UPI,0,0,0,Yes,4.8,6.8,5,1
NET17880,19,Premium+,30,919,24.2,14,10,6,31,2,Debit Card,0,1,1,Yes,7.2,7.5,35,0
NET17881,28,Premium+,9,899,43.6,25,2,3,44,2,UPI,0,1,1,Yes,8.8,5.8,12,1
NET17882,42,Standard,18,419,14.4,7,5,3,28,5,Credit Card,2,1,1,No,4.9,7.1,23,1
NET17883,30,Standard,1,379,9.8,5,6,1,43,3,UPI,0,0,0,No,10.0,6.9,6,0
NET17884,32,Basic,9,199,14.9,10,4,4,30,5,UPI,1,1,1,Yes,3.8,6.5,11,0
NET17885,35,Standard,5,399,37.6,21,0,3,47,2,UPI,0,0,0,No,5.1,7.8,9,0
NET17886,41,Standard,1,399,38.2,24,3,2,67,4,Credit Card,0,0,0,No,5.7,7.0,4,0
NET17887,16,Premium,20,649,37.4,17,0,6,28,5,UPI,0,0,0,No,6.1,5.8,21,0
NET17888,36,Standard,10,449,19.6,11,0,2,16,6,Wallet,0,0,0,No,7.8,7.5,12,0
NET17889,28,Premium,5,669,13.7,6,1,3,61,5,Credit Card,1,0,1,No,7.8,4.9,10,0
NET17890,32,Basic,22,199,10.0,7,2,3,60,3,Debit Card,0,0,0,No,10.0,4.9,24,0
NET17891,40,Basic,8,249,18.1,11,6,3,48,7,UPI,0,0,0,Yes,7.9,4.7,8,0
NET17892,20,Basic,1,199,12.3,8,2,5,32,5,Credit Card,1,0,0,No,8.3,5.9,2,0
NET17893,21,Basic,40,219,13.3,8,4,4,72,3,UPI,0,1,2,No,9.8,7.5,43,1
NET17894,15,Standard,4,449,13.6,6,5,5,55,5,Debit Card,0,1,2,Yes,5.7,6.2,5,1
NET17895,26,Premium,24,649,21.4,10,0,6,25,7,Debit Card,0,2,3,No,7.0,5.7,29,0
NET17896,42,Premium,23,699,19.0,8,2,3,32,7,UPI,1,0,0,Yes,7.4,5.8,26,1
NET17897,29,Standard,2,399,16.6,11,3,2,40,6,Credit Card,0,0,0,Yes,9.5,7.3,2,0
NET17898,18,Premium,8,629,21.7,13,1,3,67,2,Debit Card,0,1,1,No,5.6,6.8,13,0
NET17899,26,Standard,1,399,27.5,14,2,2,38,4,Net Banking,0,1,1,No,8.3,3.6,6,0
NET17900,17,Standard,6,419,20.4,13,4,3,10,6,Debit Card,1,0,0,Yes,7.5,4.2,10,0
NET17901,20,Standard,18,399,10.9,8,5,1,19,3,UPI,1,0,0,No,6.4,8.7,19,1
NET17902,34,Premium,3,629,27.2,12,2,4,35,2,Credit Card,0,0,0,Yes,6.2,5.9,5,0
NET17903,20,Basic,1,199,11.0,6,7,1,39,3,UPI,0,2,2,No,6.1,4.8,4,1
NET17904,41,Basic,9,199,3.5,2,11,3,24,3,Net Banking,2,0,0,No,8.0,10.0,10,0
NET17905,30,Standard,10,399,16.5,10,0,1,101,4,UPI,0,0,1,No,10.0,9.2,13,0
NET17906,31,Premium+,15,919,9.5,5,2,4,73,8,Credit Card,0,1,1,Yes,8.5,8.0,16,0
NET17907,28,Premium,19,629,28.4,13,2,3,73,5,UPI,0,0,0,Yes,9.4,7.9,21,0
NET17908,37,Premium,16,629,24.8,16,0,4,55,7,Net Banking,1,0,0,No,5.7,8.1,19,0
NET17909,38,Premium,26,669,40.4,23,5,2,23,4,Credit Card,0,0,2,No,6.2,6.7,29,0
NET17910,34,Standard,3,399,15.6,8,1,1,65,4,UPI,0,0,0,No,6.3,5.5,7,0
NET17911,36,Premium,11,649,7.3,4,14,2,56,1,Credit Card,0,0,1,No,9.7,5.1,11,1
NET17912,29,Premium,6,629,23.1,11,0,2,55,2,Debit Card,2,0,0,Yes,7.6,6.5,7,0
NET17913,35,Basic,45,199,23.7,12,7,3,78,2,UPI,1,0,0,No,6.7,8.4,47,0
NET17914,27,Standard,8,399,34.4,15,6,3,5,3,UPI,1,0,0,No,6.8,5.7,12,0
NET17915,31,Basic,44,199,13.2,7,3,2,35,0,Debit Card,1,1,1,No,7.7,6.3,48,0
NET17916,28,Standard,20,399,32.1,19,4,1,46,4,UPI,0,1,1,No,6.8,4.8,20,0
NET17917,26,Premium,17,699,30.4,18,1,2,65,3,Net Banking,0,0,0,No,5.3,10.0,19,0
NET17918,24,Standard,9,379,32.4,19,0,4,39,7,Debit Card,1,1,1,Yes,8.6,4.3,14,0
NET17919,35,Standard,8,379,76.2,57,5,1,52,4,UPI,0,0,0,Yes,7.1,6.1,9,0
NET17920,42,Premium,10,649,8.7,5,0,2,44,8,Wallet,1,0,1,No,3.1,6.2,13,1
NET17921,41,Standard,4,399,14.8,10,5,4,47,3,UPI,0,0,0,No,3.8,2.7,4,0
NET17922,19,Standard,32,399,30.4,14,10,4,58,1,Credit Card,0,1,1,Yes,9.6,7.5,35,0
NET17923,42,Premium,22,629,25.7,19,0,5,43,5,UPI,0,0,0,No,5.9,7.5,26,0
NET17924,28,Standard,22,449,10.6,6,2,5,48,5,UPI,1,0,0,No,8.0,3.2,25,0
NET17925,36,Premium,7,699,27.7,18,2,1,62,3,UPI,0,0,0,No,3.8,5.5,8,0
NET17926,22,Basic,1,219,15.5,8,1,1,49,4,UPI,0,1,1,Yes,6.9,7.7,6,0
NET17927,32,Basic,16,179,17.5,10,1,4,21,7,Wallet,0,0,0,No,8.0,6.4,17,0
NET17928,33,Standard,6,419,34.1,25,2,4,34,5,Credit Card,0,0,1,No,7.1,7.9,11,0
NET17929,17,Standard,28,399,27.2,12,0,2,73,4,UPI,0,0,0,No,4.5,7.3,31,0
NET17930,36,Premium+,21,899,31.8,16,1,5,58,3,UPI,0,0,0,Yes,8.3,4.5,24,0
NET17931,43,Premium+,2,919,15.2,11,4,4,80,7,UPI,0,0,0,No,8.5,7.4,2,0
NET17932,29,Premium,12,669,65.4,34,0,4,80,3,Wallet,0,0,0,Yes,8.1,4.6,17,0
NET17933,43,Standard,16,379,9.5,6,0,5,47,8,Credit Card,1,1,3,Yes,8.8,10.0,17,0
NET17934,29,Premium+,11,899,21.6,9,12,1,47,8,UPI,1,1,1,No,9.3,6.2,14,0
NET17935,38,Premium,10,649,21.4,12,3,2,56,3,Credit Card,1,0,0,Yes,6.4,4.4,12,0
NET17936,15,Standard,3,449,30.6,20,10,2,26,6,Credit Card,0,0,0,No,8.8,7.2,3,0
NET17937,52,Premium,3,669,31.6,23,0,3,52,3,UPI,0,0,1,Yes,7.2,10.0,3,0
NET17938,44,Basic,20,249,12.9,9,6,1,62,5,Credit Card,0,1,3,No,8.1,8.3,20,0
NET17939,28,Basic,1,219,2.5,1,10,3,45,6,Net Banking,0,0,1,No,7.1,9.5,1,0
NET17940,15,Premium,21,629,55.3,41,7,2,27,3,UPI,0,0,0,No,8.6,6.6,26,0
NET17941,33,Premium,10,629,31.1,17,11,6,39,3,Credit Card,0,0,0,No,10.0,3.4,15,0
NET17942,18,Standard,38,399,26.3,12,0,2,47,2,UPI,0,0,2,Yes,4.7,8.3,41,0
NET17943,35,Standard,82,419,34.0,21,1,2,18,1,UPI,0,1,4,Yes,5.7,7.2,86,0
NET17944,34,Premium+,15,919,20.6,12,1,3,39,2,Credit Card,0,1,1,Yes,6.1,5.2,17,0
NET17945,22,Premium,7,649,21.9,15,6,5,55,4,UPI,0,0,0,Yes,5.0,5.3,11,0
NET17946,41,Standard,9,399,37.0,28,35,2,58,4,Credit Card,0,0,0,No,6.4,5.3,13,0
NET17947,38,Basic,3,249,30.0,13,3,4,37,7,UPI,0,0,0,No,6.7,7.6,6,0
NET17948,39,Standard,1,399,22.6,13,14,2,35,1,UPI,1,0,0,No,5.4,9.7,1,0
NET17949,31,Premium+,12,879,85.7,43,3,2,46,2,Credit Card,1,0,0,No,7.9,5.5,12,0
NET17950,18,Standard,22,419,68.2,32,3,2,45,2,Credit Card,0,2,3,No,3.3,7.8,25,0
NET17951,39,Standard,4,449,7.7,5,3,2,65,6,Credit Card,0,0,0,No,6.8,4.8,7,0
NET17952,28,Standard,7,399,5.4,3,2,6,49,4,Debit Card,0,0,0,No,6.9,9.5,12,0
NET17953,18,Premium,11,649,93.7,53,0,4,38,5,Debit Card,0,1,2,No,7.1,3.9,12,0
NET17954,43,Premium,33,649,24.4,15,3,5,5,9,Net Banking,0,0,0,No,5.4,9.7,33,0
NET17955,49,Premium,2,699,50.4,37,12,5,52,3,UPI,0,0,0,Yes,5.9,7.4,4,1
NET17956,30,Standard,3,379,16.2,7,3,3,41,6,Credit Card,1,0,0,No,5.1,8.6,4,0
NET17957,50,Basic,35,199,6.8,4,0,3,39,3,UPI,0,0,0,No,7.9,8.1,39,0
NET17958,31,Premium+,1,899,17.6,12,9,1,55,4,Wallet,0,0,2,No,9.8,6.9,6,0
NET17959,27,Premium+,14,879,13.3,7,0,4,30,2,UPI,0,0,1,Yes,6.2,8.2,19,0
NET17960,25,Premium+,14,899,21.2,10,1,2,10,5,UPI,0,0,0,Yes,4.5,7.1,14,0
NET17961,45,Premium+,6,949,71.1,48,0,1,43,8,UPI,0,0,1,No,8.5,8.3,9,0
NET17962,23,Premium,8,649,23.7,13,1,5,24,1,Credit Card,0,0,1,Yes,5.6,7.3,11,0
NET17963,37,Premium,27,669,60.1,40,2,2,49,5,Credit Card,0,1,1,No,5.0,9.0,30,0
NET17964,25,Premium,2,649,4.7,2,16,3,40,4,UPI,0,0,0,Yes,5.8,7.5,2,0
NET17965,26,Premium,3,699,36.7,20,0,5,23,4,Credit Card,0,0,1,Yes,7.2,7.1,8,0
NET17966,40,Basic,10,179,14.5,7,2,3,33,8,Wallet,1,1,1,No,10.0,6.1,12,0
NET17967,27,Standard,7,449,11.3,5,5,3,53,5,Credit Card,2,1,1,No,7.4,9.7,10,1
NET17968,27,Premium+,11,919,22.5,10,3,2,28,2,UPI,0,1,2,Yes,9.1,5.4,16,0
NET17969,41,Standard,35,399,19.2,13,2,3,20,7,Debit Card,0,0,0,No,6.1,8.5,35,0
NET17970,45,Premium,34,649,26.6,12,1,1,54,2,UPI,1,0,1,Yes,7.2,8.2,38,1
NET17971,36,Basic,3,249,14.5,8,4,2,62,6,Net Banking,1,0,0,No,10.0,9.5,4,0
NET17972,25,Standard,5,399,18.7,9,4,3,28,6,Debit Card,0,0,0,No,8.4,8.1,5,0
NET17973,26,Standard,2,399,17.4,8,28,1,55,4,Wallet,0,0,1,No,6.8,4.3,2,0
NET17974,31,Basic,36,219,14.0,8,3,3,63,4,Credit Card,0,0,1,No,8.0,7.8,41,0
NET17975,33,Basic,7,179,5.0,2,12,3,33,4,Debit Card,1,1,2,Yes,5.4,5.4,10,0
NET17976,22,Basic,8,199,6.9,3,17,2,46,1,UPI,0,0,0,Yes,5.4,10.0,9,0
NET17977,37,Premium,22,699,39.8,25,2,3,50,2,UPI,0,0,0,Yes,7.8,8.7,23,0
NET17978,31,Basic,10,179,13.1,6,2,5,50,7,Debit Card,0,0,1,No,5.7,6.3,13,0
NET17979,15,Standard,1,399,44.1,32,17,1,38,3,Debit Card,0,0,0,No,7.8,6.6,3,0
NET17980,22,Basic,8,179,21.6,11,5,6,31,7,UPI,0,0,1,Yes,6.0,5.2,8,0
NET17981,26,Premium,13,699,12.4,9,1,2,59,4,UPI,0,0,0,No,8.5,8.3,16,0
NET17982,30,Premium,17,669,45.4,33,1,1,85,5,Wallet,0,0,0,No,6.2,7.5,22,0
NET17983,48,Premium,14,669,14.2,10,0,2,40,2,Debit Card,1,0,2,No,6.9,7.6,16,0
NET17984,33,Standard,1,419,17.7,8,2,3,42,5,Credit Card,0,1,1,Yes,7.5,7.4,4,0
NET17985,23,Basic,5,179,32.3,17,5,3,28,4,Wallet,0,2,3,No,9.9,6.7,9,0
NET17986,32,Premium,18,699,29.4,19,2,3,39,4,Credit Card,0,0,0,Yes,7.3,6.0,20,0
NET17987,27,Premium,29,649,52.7,31,1,1,20,5,UPI,0,0,0,No,6.6,5.3,34,0
NET17988,33,Basic,1,199,10.7,5,0,2,94,7,Credit Card,0,0,2,No,7.1,10.0,3,0
NET17989,36,Standard,1,419,21.9,12,11,1,21,5,Wallet,0,0,0,No,8.1,5.7,2,0
NET17990,41,Basic,14,179,7.4,5,6,5,34,4,UPI,0,1,1,No,9.0,8.6,14,0
NET17991,30,Basic,11,199,6.7,3,14,3,34,9,Debit Card,0,1,1,No,8.2,7.2,14,0
NET17992,45,Premium,2,629,33.7,18,0,1,22,2,UPI,0,1,1,No,10.0,9.5,7,0
NET17993,39,Standard,11,449,24.3,16,15,5,70,4,UPI,0,0,0,No,8.4,4.9,16,1
NET17994,24,Basic,51,219,9.9,5,4,3,48,3,UPI,0,1,1,Yes,7.0,8.0,54,0
NET17995,50,Standard,13,399,5.5,3,0,3,49,5,UPI,0,0,0,No,6.5,6.9,13,1
NET17996,33,Premium+,8,919,16.1,10,1,5,37,2,Debit Card,0,1,1,No,6.3,4.8,13,0
NET17997,23,Premium,24,649,20.0,10,0,3,64,6,Credit Card,0,0,0,Yes,5.7,9.6,29,0
NET17998,45,Premium,3,649,25.5,13,1,4,37,2,UPI,1,0,0,No,9.4,6.4,3,0
NET17999,49,Standard,7,399,19.1,8,1,5,60,2,UPI,0,0,0,Yes,10.0,6.8,12,0
NET18000,30,Premium,10,629,14.1,9,5,3,22,4,Debit Card,0,0,2,Yes,7.6,7.7,15,1
NET18001,26,Standard,9,399,28.1,15,1,3,66,6,Credit Card,0,0,0,Yes,6.0,7.7,14,0
NET18002,29,Basic,35,199,16.2,10,4,2,35,3,Credit Card,0,0,2,Yes,6.5,8.8,36,0
NET18003,37,Standard,4,399,26.5,16,6,3,63,0,Debit Card,0,0,0,No,8.3,6.5,4,0
NET18004,42,Standard,1,419,32.8,18,9,5,30,5,Wallet,3,0,0,No,7.0,5.4,5,0
NET18005,36,Standard,34,399,48.4,24,12,3,52,4,Debit Card,1,0,1,No,7.5,7.0,35,0
NET18006,31,Premium,3,629,19.7,10,1,3,58,9,Debit Card,0,0,1,No,3.1,7.3,5,0
NET18007,44,Basic,6,199,30.4,21,6,2,58,6,Credit Card,1,0,1,No,4.8,8.3,6,0
NET18008,28,Standard,10,449,10.9,5,0,2,38,5,Credit Card,0,0,0,Yes,7.1,5.6,12,0
NET18009,40,Basic,52,199,22.7,11,1,4,61,4,Credit Card,0,2,3,Yes,8.8,3.4,53,1
NET18010,28,Standard,10,399,14.4,7,5,2,27,2,Credit Card,0,1,1,No,7.3,6.8,15,0
NET18011,34,Basic,8,219,3.1,2,17,4,44,7,Credit Card,1,0,0,Yes,7.2,7.8,12,0
NET18012,29,Standard,12,449,19.1,13,5,1,66,9,UPI,0,0,0,Yes,8.3,4.6,16,0
NET18013,30,Standard,49,419,7.6,4,12,1,57,0,Net Banking,2,0,0,Yes,7.1,6.8,49,0
NET18014,27,Standard,23,379,17.6,8,6,2,32,4,UPI,1,0,0,No,5.5,9.5,27,1
NET18015,43,Standard,2,419,15.1,10,8,1,95,4,Credit Card,0,0,0,No,7.8,5.1,7,0
NET18016,24,Standard,22,399,14.0,7,1,2,58,2,UPI,0,1,1,Yes,1.5,8.0,25,0
NET18017,24,Standard,25,449,12.1,6,3,1,69,5,UPI,0,0,2,No,5.8,6.4,30,0
NET18018,50,Standard,16,419,20.3,14,9,5,33,5,Debit Card,1,1,1,No,6.5,7.3,17,0
NET18019,39,Standard,14,419,9.8,5,6,5,60,2,UPI,0,0,0,No,8.4,8.3,19,0
NET18020,15,Premium,8,629,22.1,12,0,1,29,5,Credit Card,0,0,0,Yes,7.5,7.9,12,0
NET18021,25,Standard,14,399,14.5,8,6,4,55,0,UPI,0,1,1,No,10.0,9.9,15,0
NET18022,15,Standard,18,419,29.4,22,1,3,54,1,UPI,0,0,0,Yes,6.7,7.4,19,0
NET18023,22,Premium+,1,899,37.4,17,16,2,57,3,UPI,0,0,0,No,9.4,8.7,6,0
NET18024,15,Premium,4,649,13.4,7,15,1,23,1,Net Banking,0,0,0,Yes,4.7,7.2,9,1
NET18025,29,Premium+,3,879,25.5,13,11,3,63,6,Credit Card,0,1,1,No,6.7,9.4,6,0
NET18026,20,Premium,25,629,27.1,16,1,4,54,5,Net Banking,0,0,0,No,7.6,6.4,30,0
NET18027,31,Standard,15,379,26.3,13,0,5,39,6,Credit Card,0,0,0,Yes,8.9,6.5,20,0
NET18028,16,Standard,8,399,39.8,19,13,2,82,5,UPI,0,0,0,No,6.0,7.9,8,0
NET18029,31,Premium,24,669,42.2,24,3,2,31,2,Credit Card,0,0,0,No,6.1,5.4,25,0
NET18030,27,Premium+,17,919,125.4,70,3,3,46,1,UPI,0,1,3,Yes,7.7,7.8,20,0
NET18031,44,Premium,34,649,36.3,24,11,2,35,8,Debit Card,1,0,0,Yes,10.0,4.7,38,0
NET18032,43,Premium,1,649,25.3,15,11,4,46,4,Credit Card,0,0,0,No,6.9,6.7,3,0
NET18033,38,Standard,9,399,48.4,28,1,6,22,4,Net Banking,0,1,2,No,7.5,8.4,9,0
NET18034,28,Standard,17,449,20.3,10,6,3,76,4,Net Banking,0,0,0,No,4.8,7.4,22,0
NET18035,48,Premium+,3,949,19.6,9,16,2,21,2,UPI,0,0,0,No,5.4,5.1,5,0
NET18036,17,Premium,5,629,20.3,14,2,2,14,7,UPI,0,0,0,No,6.3,6.1,8,0
NET18037,18,Premium+,7,919,41.4,23,6,6,66,9,Credit Card,0,0,0,No,6.2,6.6,8,0
NET18038,30,Premium,22,629,23.6,12,2,2,54,8,Debit Card,0,0,0,No,3.3,6.5,25,1
NET18039,51,Standard,9,419,13.2,6,1,1,28,4,UPI,1,1,1,No,7.8,5.1,9,0
NET18040,29,Standard,9,419,17.2,8,10,4,46,3,Credit Card,0,2,3,No,6.1,5.7,9,0
NET18041,29,Premium+,7,899,59.1,31,1,2,41,6,Credit Card,0,0,0,No,6.6,3.0,11,0
NET18042,18,Standard,3,399,20.9,14,0,2,79,5,Credit Card,1,0,0,Yes,5.4,7.2,6,1
NET18043,39,Standard,35,399,11.1,5,1,5,72,3,Net Banking,0,0,0,Yes,8.7,6.3,35,0
NET18044,39,Standard,5,399,12.5,6,3,3,48,3,UPI,1,0,1,No,4.9,5.3,8,0
NET18045,38,Standard,11,449,18.4,8,9,6,51,5,UPI,0,1,1,Yes,9.8,7.6,15,0
NET18046,25,Basic,2,199,24.3,11,1,1,31,5,Credit Card,1,2,3,Yes,6.3,9.2,6,0
NET18047,24,Premium,7,699,65.2,36,4,4,52,2,Net Banking,1,0,1,No,4.2,10.0,10,0
NET18048,19,Basic,32,179,2.7,1,4,4,51,4,UPI,0,0,0,No,6.4,6.0,37,0
NET18049,31,Standard,75,449,19.3,14,7,1,59,3,Credit Card,0,0,0,No,7.5,4.6,75,1
NET18050,21,Premium,6,669,10.8,5,1,3,87,4,UPI,1,1,1,Yes,9.4,7.5,7,1
NET18051,20,Standard,2,399,42.9,19,11,3,10,4,UPI,0,0,0,No,7.5,8.6,7,0
NET18052,27,Premium,5,649,26.0,11,0,2,41,2,UPI,0,1,1,No,4.7,6.1,6,0
NET18053,26,Standard,5,419,20.0,9,1,1,45,5,UPI,0,0,1,No,9.7,10.0,10,0
NET18054,26,Premium+,14,879,16.8,11,9,4,26,2,UPI,2,1,1,No,6.4,7.0,18,1
NET18055,35,Basic,9,199,20.8,9,0,6,12,5,UPI,0,1,1,Yes,8.0,6.9,9,0
NET18056,31,Basic,20,219,21.6,12,5,2,69,7,UPI,0,2,2,No,4.8,6.9,24,0
NET18057,28,Premium,16,649,18.6,10,7,2,38,1,Wallet,0,0,0,No,7.1,6.0,20,0
NET18058,32,Premium,4,699,36.5,27,5,1,53,4,UPI,0,1,1,No,6.2,8.3,8,0
NET18059,22,Basic,21,199,8.9,5,0,4,60,3,Credit Card,0,0,0,No,4.6,7.4,25,1
NET18060,31,Premium+,26,949,17.7,11,5,6,28,4,Credit Card,0,0,0,No,8.6,7.6,29,0
NET18061,32,Standard,12,449,38.2,22,5,2,8,4,UPI,0,0,0,Yes,7.4,8.7,15,0
NET18062,17,Premium+,36,899,27.4,17,3,3,67,5,Debit Card,1,1,1,No,6.9,7.2,36,0
NET18063,39,Standard,21,399,12.7,7,2,2,70,4,Credit Card,0,1,2,No,7.4,7.3,26,0
NET18064,23,Standard,12,449,37.9,26,1,4,62,2,Net Banking,0,0,0,Yes,8.7,8.1,12,0
NET18065,31,Standard,33,399,12.8,5,0,2,16,9,UPI,0,0,0,No,8.2,2.7,35,0
NET18066,41,Standard,12,379,44.4,23,0,3,62,2,UPI,0,0,2,Yes,3.1,5.8,13,0
NET18067,39,Standard,10,399,20.1,9,9,1,19,8,Credit Card,1,0,0,No,5.4,6.7,13,0
NET18068,31,Standard,6,399,10.5,8,4,1,97,9,UPI,2,0,0,No,8.6,10.0,6,0
NET18069,27,Basic,30,219,45.0,21,0,2,25,3,UPI,0,0,1,No,10.0,9.0,35,0
NET18070,39,Standard,1,399,7.8,5,0,6,67,3,Net Banking,0,0,0,Yes,10.0,7.3,5,0
NET18071,37,Basic,8,179,19.3,9,0,4,27,5,Debit Card,0,0,1,Yes,4.7,8.8,11,1
NET18072,25,Premium,10,649,3.6,1,0,3,37,6,UPI,0,0,4,No,8.2,7.2,11,0
NET18073,23,Standard,11,399,53.5,37,0,4,28,5,UPI,0,3,3,No,6.0,8.7,14,0
NET18074,15,Premium,14,629,22.3,10,8,3,53,3,UPI,1,1,1,No,7.7,5.2,19,0
NET18075,32,Premium+,9,949,29.7,17,2,5,38,5,Debit Card,3,1,1,No,6.9,6.6,10,0
NET18076,30,Premium,4,649,9.5,5,2,3,37,4,Credit Card,1,0,0,Yes,6.3,7.3,6,0
NET18077,41,Premium+,27,919,35.1,17,3,2,38,2,UPI,0,1,1,No,5.1,10.0,27,0
NET18078,34,Standard,15,399,35.7,17,2,1,56,6,Net Banking,0,0,1,Yes,9.4,7.9,20,0
NET18079,43,Basic,27,199,11.3,5,7,6,34,4,UPI,0,0,1,No,7.5,6.2,28,0
NET18080,24,Standard,4,379,15.0,8,2,5,28,7,Net Banking,0,1,1,Yes,8.2,8.3,6,0
NET18081,41,Standard,14,379,15.7,10,5,4,44,2,Credit Card,0,0,0,No,9.5,8.9,19,0
NET18082,26,Premium,17,669,30.5,19,2,1,49,2,UPI,0,0,0,Yes,8.2,6.4,22,0
NET18083,37,Standard,6,399,20.2,13,3,2,49,4,UPI,0,1,1,No,9.1,9.8,9,0
NET18084,17,Standard,23,379,41.1,28,9,3,10,4,Net Banking,0,0,0,No,5.0,8.5,23,0
NET18085,33,Premium,1,649,16.0,9,4,2,79,4,UPI,0,0,0,No,5.2,8.5,2,0
NET18086,15,Standard,12,419,23.4,11,3,3,52,5,Credit Card,0,0,0,No,6.3,8.3,17,0
NET18087,28,Basic,13,199,31.0,14,2,4,56,2,Credit Card,0,0,0,Yes,5.3,7.7,18,0
NET18088,34,Standard,10,399,3.4,1,6,1,23,4,UPI,0,0,0,Yes,4.3,4.4,11,0
NET18089,26,Premium+,13,899,4.4,3,5,3,43,3,UPI,1,0,0,No,5.9,7.8,18,0
NET18090,21,Premium,2,669,33.8,17,0,6,18,4,UPI,0,0,0,Yes,7.2,8.4,2,0
NET18091,38,Standard,16,419,15.9,10,6,5,5,4,Debit Card,1,0,0,Yes,4.9,8.6,21,1
NET18092,30,Standard,5,379,16.0,8,3,4,26,2,UPI,0,0,0,Yes,4.6,6.6,8,1
NET18093,26,Basic,8,199,18.6,12,21,5,51,4,UPI,0,0,0,No,6.5,8.5,11,0
NET18094,31,Standard,5,379,33.5,23,3,4,87,2,Credit Card,0,0,1,Yes,10.0,8.7,9,0
NET18095,54,Premium,8,649,29.9,15,17,3,49,2,UPI,1,1,3,Yes,7.8,5.2,13,0
NET18096,41,Standard,13,379,10.2,5,9,3,54,6,Wallet,2,1,1,No,9.7,7.3,16,0
NET18097,41,Basic,25,179,9.8,6,20,2,32,7,Wallet,0,0,1,No,7.1,10.0,25,0
NET18098,34,Premium+,9,919,33.4,18,1,4,36,4,Credit Card,0,0,0,No,5.9,5.7,11,0
NET18099,32,Premium,5,669,25.1,11,2,2,16,3,Net Banking,1,1,3,No,5.8,9.2,5,0
NET18100,15,Premium,9,649,24.6,12,5,2,54,2,Credit Card,2,1,1,No,8.5,6.4,10,0
NET18101,24,Basic,16,199,19.0,9,0,6,66,4,Debit Card,2,0,1,No,5.6,7.2,21,1
NET18102,26,Basic,5,219,26.7,13,7,5,43,10,Debit Card,0,0,0,Yes,7.6,8.0,9,0
NET18103,15,Basic,7,219,3.5,2,1,4,51,5,Credit Card,1,0,0,Yes,8.6,6.3,11,0
NET18104,20,Premium,11,629,51.0,34,0,1,43,5,UPI,1,2,2,No,6.6,8.7,13,0
NET18105,15,Basic,4,199,18.9,9,0,3,78,3,UPI,1,1,1,No,10.0,8.8,9,0
NET18106,30,Premium,3,669,68.2,33,0,3,38,2,Debit Card,0,0,1,No,5.5,9.2,4,0
NET18107,38,Premium+,2,899,41.4,19,0,2,41,7,UPI,1,0,0,Yes,7.7,3.2,5,1
NET18108,40,Standard,6,399,12.0,5,4,1,32,1,Debit Card,1,1,1,No,9.3,6.7,9,0
NET18109,34,Standard,1,399,27.6,17,3,2,53,1,UPI,0,1,1,No,7.2,7.0,4,0
NET18110,22,Premium,12,649,28.2,16,12,1,60,3,UPI,0,0,1,No,5.7,9.4,12,0
NET18111,15,Premium+,2,879,19.0,9,0,4,47,2,Credit Card,0,0,1,Yes,7.9,8.9,5,0
NET18112,15,Premium,6,649,22.1,12,11,5,48,2,UPI,1,0,1,Yes,10.0,7.3,7,0
NET18113,19,Basic,4,219,13.4,7,7,6,32,4,Wallet,0,0,0,No,7.0,7.3,8,0
NET18114,23,Basic,13,199,40.1,18,6,4,13,4,Wallet,1,0,0,Yes,7.2,10.0,13,0
NET18115,29,Premium,26,629,37.6,17,22,4,78,3,UPI,0,2,2,No,6.7,5.7,29,0
NET18116,21,Premium,14,669,13.6,6,0,1,63,6,Debit Card,0,0,0,Yes,7.1,3.3,15,0
NET18117,34,Basic,10,249,24.1,11,4,3,34,2,UPI,1,0,2,Yes,8.4,5.6,12,0
NET18118,28,Standard,15,379,12.3,7,7,6,55,7,UPI,1,0,1,Yes,8.6,6.3,16,0
NET18119,31,Premium,1,649,20.2,11,4,3,58,4,Wallet,0,0,0,Yes,9.3,8.0,5,0
NET18120,41,Basic,1,179,13.4,7,2,5,47,6,Debit Card,1,0,0,No,4.8,6.2,2,0
NET18121,20,Premium,1,699,28.2,21,0,4,72,5,UPI,0,0,1,No,9.9,6.0,2,1
NET18122,34,Basic,1,249,9.3,4,6,3,5,2,UPI,0,1,1,No,6.1,7.5,1,1
NET18123,30,Premium,4,629,63.1,40,3,2,53,3,Debit Card,0,0,0,No,6.7,9.5,8,0
NET18124,27,Premium,10,669,39.3,18,7,1,21,2,UPI,0,0,0,No,6.4,6.9,13,0
NET18125,38,Standard,1,419,50.5,26,0,3,49,8,UPI,1,0,0,No,6.1,6.9,5,0
NET18126,38,Premium,38,699,24.9,12,7,2,57,3,UPI,0,0,0,No,8.2,10.0,40,0
NET18127,22,Premium,26,649,13.5,7,8,2,28,4,Credit Card,0,0,0,No,8.2,6.9,31,0
NET18128,29,Premium+,49,899,21.2,14,6,4,56,3,UPI,0,3,3,No,9.7,6.9,53,1
NET18129,33,Standard,1,419,8.2,3,5,5,19,6,Credit Card,0,0,0,Yes,5.6,8.1,1,1
NET18130,28,Premium,26,649,13.3,6,7,2,39,3,UPI,0,1,2,No,5.0,4.7,29,0
NET18131,36,Premium,22,669,19.3,9,5,2,35,3,Debit Card,1,0,0,Yes,8.5,6.0,26,0
NET18132,33,Standard,32,399,33.9,22,3,3,60,6,Credit Card,0,0,0,No,6.4,6.3,37,0
NET18133,47,Premium,10,669,42.2,23,4,6,71,4,UPI,1,0,1,No,6.4,7.5,13,0
NET18134,17,Basic,21,199,14.7,9,0,4,53,3,Credit Card,0,0,0,No,5.1,7.7,21,0
NET18135,29,Standard,1,449,13.2,7,4,5,5,7,UPI,0,0,0,No,7.3,9.0,2,0
NET18136,22,Standard,1,399,32.6,18,7,2,68,9,Debit Card,0,0,0,No,4.4,6.6,6,1
NET18137,36,Basic,1,249,18.4,12,4,2,35,3,Debit Card,0,1,1,Yes,6.1,7.5,3,0
NET18138,16,Premium+,34,879,56.7,30,4,2,75,3,UPI,0,0,0,No,7.0,6.7,38,0
NET18139,34,Premium,1,629,11.7,8,8,2,23,2,UPI,0,0,1,No,9.9,9.5,4,0
NET18140,25,Standard,1,449,23.2,17,0,4,45,5,UPI,1,1,1,Yes,9.6,5.3,5,0
NET18141,24,Premium,37,669,43.0,29,8,3,12,4,UPI,1,1,1,No,4.9,7.6,37,1
NET18142,17,Standard,1,419,51.9,28,2,4,22,2,Credit Card,0,0,0,No,5.4,5.1,2,0
NET18143,26,Standard,28,399,41.6,20,9,4,21,2,UPI,0,1,1,Yes,6.0,9.2,28,0
NET18144,40,Basic,21,249,6.2,3,1,3,24,1,Credit Card,1,0,0,Yes,9.5,8.5,26,0
NET18145,30,Standard,1,379,39.7,25,9,3,29,2,Wallet,0,1,2,Yes,5.2,8.7,4,0
NET18146,36,Basic,1,249,18.8,11,9,2,85,4,UPI,0,1,1,Yes,6.5,7.4,5,0
NET18147,45,Premium,10,699,50.6,33,2,5,48,2,UPI,1,0,1,No,6.3,5.4,13,0
NET18148,33,Standard,82,399,32.1,24,9,3,79,5,Credit Card,1,0,0,No,6.3,10.0,87,0
NET18149,25,Standard,29,419,9.9,5,0,3,41,8,Credit Card,0,1,2,No,9.5,10.0,34,0
NET18150,35,Standard,5,379,25.3,14,9,2,74,4,Debit Card,0,0,0,No,5.3,7.9,5,0
NET18151,26,Basic,6,199,19.9,9,0,5,49,4,Net Banking,0,0,0,No,8.2,5.4,10,0
NET18152,26,Premium+,6,879,48.2,24,25,6,32,0,UPI,1,1,1,No,7.1,6.8,9,1
NET18153,17,Basic,18,179,22.8,10,5,2,87,4,Debit Card,0,1,1,No,7.9,7.2,22,0
NET18154,39,Premium,5,669,28.5,18,9,5,15,5,Credit Card,0,0,0,No,5.9,8.2,7,0
NET18155,27,Standard,2,419,45.0,23,4,3,47,4,Debit Card,0,0,0,No,6.0,8.4,2,0
NET18156,32,Premium,19,649,17.4,9,5,3,5,6,Debit Card,1,0,0,No,9.5,6.6,19,0
NET18157,21,Standard,8,399,43.9,28,3,3,53,7,UPI,1,1,4,No,5.2,7.7,10,0
NET18158,34,Premium+,1,899,22.9,15,0,2,5,0,UPI,1,0,0,No,8.5,6.3,2,1
NET18159,24,Standard,21,399,41.1,26,1,2,61,6,UPI,1,1,1,Yes,1.4,8.9,26,0
NET18160,29,Standard,12,399,28.1,12,16,4,66,2,UPI,0,0,0,Yes,6.7,6.6,15,0
NET18161,38,Premium+,9,879,5.0,3,2,2,53,3,UPI,0,1,1,Yes,10.0,7.2,10,0
NET18162,38,Premium,15,699,40.9,19,0,3,36,3,Wallet,0,1,2,No,3.3,7.1,19,0
NET18163,30,Standard,9,399,17.7,8,9,2,50,8,UPI,0,1,1,No,7.7,8.2,12,0
NET18164,15,Premium+,14,949,66.6,37,2,4,51,3,UPI,0,1,1,No,8.1,7.9,17,0
NET18165,57,Premium,28,629,30.4,14,2,6,44,3,Net Banking,0,1,1,Yes,7.6,8.7,33,0
NET18166,46,Basic,13,199,7.0,5,2,1,57,3,Debit Card,1,1,1,Yes,6.7,8.1,16,0
NET18167,37,Standard,15,419,29.8,16,4,5,64,5,UPI,0,0,0,No,4.3,8.2,17,0
NET18168,24,Standard,13,399,31.9,20,0,2,73,4,Net Banking,0,0,1,No,6.7,8.2,13,0
NET18169,29,Standard,10,399,37.3,28,29,3,45,9,Credit Card,0,1,1,No,5.3,5.5,12,1
NET18170,26,Premium,2,649,13.5,7,2,1,72,3,Net Banking,0,0,0,No,7.3,5.7,4,0
NET18171,42,Standard,5,379,8.8,4,11,3,50,9,Credit Card,0,1,1,Yes,5.6,5.6,7,1
NET18172,33,Basic,16,219,17.7,9,10,4,31,3,Credit Card,0,0,0,Yes,6.3,5.7,17,0
NET18173,23,Premium,7,649,44.5,26,1,2,57,0,Credit Card,1,0,0,No,5.0,7.7,9,0
NET18174,26,Standard,7,419,66.2,32,0,2,44,1,UPI,1,0,1,No,4.9,6.9,7,0
NET18175,41,Premium+,19,949,36.3,22,3,2,20,0,Debit Card,0,0,0,No,9.7,5.0,22,0
NET18176,45,Premium+,1,899,32.1,17,1,6,63,3,UPI,0,1,1,Yes,8.2,7.0,2,0
NET18177,44,Premium+,15,919,35.3,16,2,6,61,5,Net Banking,0,0,0,No,10.0,4.8,20,0
NET18178,37,Premium,9,649,38.4,18,15,4,84,5,Credit Card,0,0,1,No,7.0,9.2,11,0
NET18179,28,Basic,6,179,26.6,14,5,1,55,5,Debit Card,0,0,0,Yes,5.7,9.1,8,0
NET18180,15,Standard,5,419,31.8,16,3,6,52,3,Credit Card,1,0,0,No,5.0,6.3,8,0
NET18181,33,Basic,2,179,31.8,15,5,2,51,3,Net Banking,1,0,0,No,9.5,8.3,5,0
NET18182,30,Standard,5,399,44.7,30,0,5,22,4,Debit Card,0,0,1,No,6.2,8.0,10,0
NET18183,32,Premium,6,649,14.6,10,8,3,45,4,Credit Card,0,0,0,No,7.1,7.3,7,0
NET18184,31,Basic,8,249,5.6,3,5,3,27,2,UPI,0,0,0,No,3.3,6.8,13,0
NET18185,19,Premium+,15,879,21.6,10,21,3,55,3,Debit Card,0,2,2,No,7.8,6.4,20,0
NET18186,36,Premium+,8,899,15.2,7,3,3,57,4,UPI,0,0,0,No,6.9,7.1,8,1
NET18187,36,Standard,22,399,16.8,12,1,2,32,1,Wallet,0,1,1,Yes,8.5,9.1,23,1
NET18188,37,Standard,14,419,31.8,23,1,2,5,4,Net Banking,0,0,1,Yes,7.2,5.8,17,0
NET18189,39,Standard,2,399,33.6,15,11,4,35,4,Credit Card,1,0,2,No,8.6,9.2,2,1
NET18190,36,Premium,4,629,48.3,27,3,3,68,2,Credit Card,0,0,2,No,6.5,5.9,6,0
NET18191,27,Premium,1,649,39.9,22,2,5,33,3,Net Banking,0,0,0,No,9.1,6.9,6,0
NET18192,30,Standard,40,379,9.8,5,9,5,24,4,Net Banking,0,0,0,No,7.1,7.8,42,0
NET18193,31,Standard,30,379,14.5,6,8,4,5,3,Debit Card,2,0,0,No,5.3,8.4,34,0
NET18194,31,Standard,1,399,17.5,12,14,6,55,9,Credit Card,0,0,0,No,7.7,4.0,4,0
NET18195,39,Premium+,11,879,42.6,22,12,2,15,0,Wallet,1,2,3,No,9.6,7.3,15,0
NET18196,36,Basic,45,199,10.2,7,0,3,29,2,UPI,1,2,2,No,8.2,8.0,46,0
NET18197,49,Basic,19,219,13.3,7,1,1,65,9,Credit Card,0,1,2,No,7.8,7.9,20,0
NET18198,50,Premium,9,669,9.5,5,3,2,38,4,UPI,0,0,1,No,7.3,9.2,14,0
NET18199,31,Premium,3,629,45.9,29,13,3,61,5,Credit Card,0,0,1,No,9.6,5.1,3,1
NET18200,15,Premium,4,649,42.6,25,8,2,48,3,Credit Card,0,1,1,No,8.5,9.3,9,0
NET18201,42,Standard,18,449,64.7,33,0,2,33,4,Credit Card,0,0,1,No,6.2,7.1,21,0
NET18202,26,Premium,21,629,29.7,14,1,6,30,8,Credit Card,1,1,1,Yes,5.9,6.3,21,0
NET18203,23,Standard,10,379,17.3,8,3,3,37,2,UPI,0,0,0,No,6.8,4.9,10,0
NET18204,27,Basic,1,249,6.9,3,6,4,29,6,Net Banking,0,1,2,No,6.2,9.1,2,1
NET18205,26,Standard,38,419,32.9,15,1,4,48,6,Credit Card,0,2,2,Yes,9.0,7.4,39,0
NET18206,36,Basic,26,219,28.4,14,0,2,54,4,UPI,0,1,2,No,8.4,5.2,31,0
NET18207,16,Standard,2,449,11.5,5,0,1,43,5,Net Banking,1,0,0,No,10.0,5.4,5,0
NET18208,21,Premium+,1,899,19.8,11,0,2,13,1,Credit Card,1,1,1,Yes,6.5,8.0,2,0
NET18209,34,Standard,10,379,20.1,10,3,2,88,6,Net Banking,0,0,0,No,6.7,5.6,13,0
NET18210,36,Premium+,4,899,36.2,26,11,3,46,1,Net Banking,0,0,0,No,5.2,9.0,8,1
NET18211,36,Standard,4,419,45.9,21,0,2,39,3,Net Banking,0,0,0,No,7.9,6.4,9,0
NET18212,23,Standard,1,419,11.3,6,6,4,67,4,Wallet,0,0,1,Yes,7.4,8.6,3,0
NET18213,22,Premium,42,669,40.1,19,0,4,27,6,Credit Card,0,1,2,No,7.2,8.7,47,0
NET18214,26,Premium,24,649,62.0,35,1,3,43,5,UPI,1,0,0,Yes,9.0,7.0,28,0
NET18215,33,Standard,1,449,16.9,12,2,2,48,3,Wallet,0,1,1,No,8.1,7.7,2,0
NET18216,44,Premium,29,649,33.3,19,10,2,60,2,Debit Card,0,1,1,No,9.5,4.3,31,0
NET18217,15,Basic,16,219,14.9,7,6,2,64,2,UPI,0,0,0,Yes,6.4,6.1,18,0
NET18218,29,Premium+,5,879,10.3,7,2,2,60,4,UPI,0,0,0,No,7.7,9.9,10,0
NET18219,19,Basic,28,219,13.7,9,4,6,57,3,Credit Card,0,0,0,Yes,7.7,10.0,33,0
NET18220,16,Premium,12,629,29.0,21,8,3,53,8,Debit Card,0,0,0,No,9.0,4.9,12,0
NET18221,39,Standard,26,379,24.4,17,12,4,25,6,Debit Card,0,2,2,Yes,8.3,9.0,28,0
NET18222,35,Premium,8,669,7.9,4,5,6,18,4,UPI,0,0,0,No,8.9,5.9,11,0
NET18223,35,Premium,9,669,21.3,10,5,6,51,4,UPI,0,1,1,Yes,7.2,6.5,10,0
NET18224,39,Basic,4,179,24.1,13,0,2,26,1,UPI,0,0,0,Yes,7.8,4.6,5,0
NET18225,26,Premium+,6,899,31.1,15,4,5,32,4,Credit Card,0,0,0,Yes,8.9,6.9,6,0
NET18226,27,Basic,11,199,24.6,14,10,3,30,3,Net Banking,0,0,2,No,7.2,3.8,16,0
NET18227,50,Basic,41,199,10.7,5,6,2,46,8,UPI,0,1,2,Yes,6.9,6.0,46,0
NET18228,28,Premium,12,649,58.7,40,0,3,50,4,UPI,0,0,0,No,4.1,5.4,12,0
NET18229,37,Basic,2,179,24.6,13,7,3,37,3,Credit Card,0,0,0,No,7.4,9.5,3,0
NET18230,31,Basic,1,199,4.9,2,3,2,46,6,UPI,1,1,1,No,5.2,6.0,1,1
NET18231,15,Standard,26,399,35.1,25,6,6,25,2,UPI,0,1,1,Yes,5.5,6.6,28,0
NET18232,15,Premium,6,629,30.0,19,10,5,42,6,UPI,0,0,1,No,6.0,7.4,8,0
NET18233,25,Basic,5,199,7.8,4,1,5,47,5,Credit Card,0,0,0,No,5.0,7.9,8,0
NET18234,40,Standard,22,379,20.2,10,12,3,55,5,UPI,0,0,0,No,7.9,5.1,27,0
NET18235,38,Premium,40,699,23.5,11,1,6,14,2,UPI,0,1,1,No,5.1,7.4,40,0
NET18236,39,Premium,19,699,20.1,10,2,3,13,4,Debit Card,0,0,0,No,7.4,5.6,20,0
NET18237,22,Premium+,2,879,20.9,13,6,2,34,3,UPI,0,0,0,No,8.6,9.3,7,0
NET18238,45,Premium,6,629,12.7,9,7,2,30,3,Net Banking,0,1,1,No,8.6,8.9,11,0
NET18239,22,Premium,19,629,6.7,3,3,2,20,3,Credit Card,0,1,2,No,7.6,8.1,23,0
NET18240,32,Standard,33,399,32.2,20,0,5,78,2,Net Banking,0,1,1,No,10.0,4.0,34,0
NET18241,30,Basic,91,179,10.8,5,14,3,71,1,Debit Card,0,1,1,No,7.2,6.1,96,0
NET18242,29,Premium,10,669,48.1,29,2,2,49,1,Credit Card,1,1,1,No,2.9,8.6,14,0
NET18243,43,Premium+,24,949,33.8,20,20,4,32,3,UPI,0,0,0,No,7.0,6.7,28,0
NET18244,24,Premium,1,699,34.0,16,11,2,40,2,UPI,1,1,1,No,3.4,7.3,4,0
NET18245,18,Basic,4,179,12.3,6,2,3,46,8,Credit Card,0,0,1,No,5.9,8.5,8,0
NET18246,31,Standard,6,449,3.3,1,8,3,20,7,UPI,0,0,0,Yes,6.3,8.9,8,0
NET18247,27,Premium,51,629,63.8,44,0,2,55,2,Credit Card,0,0,0,No,7.5,6.7,53,0
NET18248,61,Premium,1,629,45.8,27,0,2,57,3,Net Banking,0,0,0,No,4.3,7.2,6,0
NET18249,37,Premium,5,699,66.1,33,0,2,57,3,UPI,0,0,0,No,7.6,8.3,8,0
NET18250,27,Standard,37,449,35.5,19,1,1,40,6,Credit Card,0,1,1,No,5.3,4.1,38,0
NET18251,21,Basic,5,219,12.7,7,2,1,78,3,Net Banking,0,0,0,Yes,6.8,8.3,6,1
NET18252,15,Premium+,3,899,41.4,19,3,2,49,5,Debit Card,1,2,3,No,8.8,6.3,8,0
NET18253,21,Premium,18,669,31.0,21,0,1,53,5,UPI,1,0,0,No,8.1,4.6,23,0
NET18254,32,Basic,19,219,10.2,7,0,4,60,4,UPI,0,2,4,No,7.7,7.6,20,0
NET18255,43,Standard,8,449,37.4,20,4,4,42,1,UPI,0,0,1,Yes,6.3,8.5,9,0
NET18256,41,Premium+,41,919,95.3,57,0,2,31,5,Debit Card,0,1,2,No,9.5,6.8,43,0
NET18257,33,Premium,3,699,74.9,43,0,5,44,3,Wallet,0,0,0,No,8.7,6.3,5,0
NET18258,28,Standard,34,399,28.9,16,27,1,73,2,Wallet,0,0,0,No,5.8,6.2,37,0
NET18259,33,Basic,19,179,8.4,5,2,2,32,6,UPI,1,0,0,No,10.0,4.4,22,0
NET18260,26,Basic,6,199,22.4,14,5,2,46,2,Wallet,1,0,1,Yes,9.1,5.0,9,1
NET18261,46,Standard,23,399,100.1,56,0,3,25,2,Debit Card,0,0,0,No,2.6,7.1,24,0
NET18262,29,Premium,2,629,24.7,16,8,2,51,2,UPI,0,1,1,No,5.3,7.4,3,0
NET18263,30,Standard,1,379,37.8,18,25,2,42,3,Net Banking,0,1,1,Yes,6.0,10.0,3,0
NET18264,15,Premium,37,649,41.3,20,4,2,5,4,Debit Card,0,0,0,No,7.2,7.7,39,0
NET18265,29,Premium,1,669,33.3,18,2,3,41,4,Credit Card,1,0,0,No,6.2,9.8,1,0
NET18266,38,Basic,1,179,17.8,10,1,5,65,2,UPI,0,0,2,Yes,8.6,6.6,1,0
NET18267,21,Basic,6,199,15.3,7,10,3,63,3,Net Banking,0,0,0,No,7.7,8.5,11,0
NET18268,24,Standard,1,449,20.3,10,0,3,55,3,Credit Card,0,0,0,Yes,8.1,7.0,2,0
NET18269,38,Basic,27,179,9.5,7,5,2,48,1,UPI,0,0,0,Yes,9.3,6.7,32,0
NET18270,17,Basic,35,179,28.4,18,8,5,46,6,Credit Card,0,0,0,No,6.9,8.8,37,0
NET18271,40,Premium,9,669,32.1,23,1,5,56,0,Credit Card,0,0,2,No,7.5,5.6,10,0
NET18272,26,Premium,7,669,52.1,23,3,1,32,3,UPI,0,0,1,No,8.7,8.5,12,0
NET18273,27,Premium,10,699,40.1,23,3,3,55,4,Net Banking,0,0,0,Yes,6.5,9.5,15,0
NET18274,20,Premium,3,629,39.9,28,1,2,40,1,Debit Card,0,1,2,No,10.0,5.6,7,0
NET18275,34,Premium,4,669,26.1,16,12,2,34,5,Wallet,0,2,2,Yes,8.5,7.0,4,0
NET18276,53,Premium,1,649,7.8,3,4,1,7,3,UPI,0,0,0,Yes,8.6,8.4,4,1
NET18277,38,Standard,8,379,31.0,21,11,1,39,4,Net Banking,0,0,0,Yes,4.2,7.3,9,1
NET18278,23,Premium+,13,899,41.3,25,11,1,68,3,Credit Card,0,0,0,No,6.2,7.4,17,0
NET18279,41,Basic,37,199,9.1,5,23,4,5,6,Credit Card,0,1,1,No,6.0,9.3,40,1
NET18280,28,Basic,18,249,4.3,2,15,3,64,10,Credit Card,2,0,0,No,5.5,4.8,23,1
NET18281,43,Standard,17,419,36.4,27,7,2,33,6,Wallet,2,0,0,No,8.2,4.7,21,1
NET18282,38,Premium+,5,899,42.5,19,6,3,59,3,Net Banking,1,2,2,No,8.5,7.4,7,0
NET18283,15,Premium+,30,919,15.5,7,1,4,46,5,UPI,1,0,0,No,7.4,5.9,32,0
NET18284,21,Premium,41,649,22.7,13,3,5,38,5,UPI,1,0,0,Yes,8.3,6.3,43,0
NET18285,39,Premium,37,669,22.9,10,4,4,31,1,UPI,0,0,0,Yes,7.6,3.5,42,0
NET18286,32,Standard,1,449,39.3,23,0,2,74,3,Credit Card,1,0,0,No,4.1,10.0,4,0
NET18287,21,Premium+,12,879,91.5,58,0,5,57,6,Credit Card,0,0,0,Yes,4.8,5.7,15,0
NET18288,25,Premium,14,649,43.4,26,6,4,52,3,Debit Card,2,0,0,Yes,8.5,3.7,16,1
NET18289,15,Premium+,4,899,51.9,25,0,2,77,5,UPI,0,0,0,Yes,4.9,8.9,9,0
NET18290,30,Standard,68,399,34.5,19,2,5,5,1,Debit Card,2,0,0,No,8.0,7.3,71,0
NET18291,50,Standard,4,399,47.7,31,0,3,41,4,UPI,1,0,0,Yes,7.7,8.9,6,1
NET18292,38,Premium,3,669,39.8,29,1,2,49,7,UPI,0,1,1,No,4.4,7.2,4,0
NET18293,50,Basic,9,179,24.9,13,4,2,53,4,UPI,0,1,3,No,6.6,4.8,11,0
NET18294,38,Premium+,5,919,85.9,42,1,4,59,6,UPI,0,1,1,Yes,8.9,7.6,10,0
NET18295,40,Standard,36,399,13.3,6,0,6,48,5,Credit Card,0,1,1,Yes,6.0,8.2,36,0
NET18296,48,Premium+,8,949,38.1,18,1,3,57,7,Credit Card,0,0,0,Yes,8.2,6.5,9,0
NET18297,34,Standard,7,379,25.4,14,3,3,54,5,UPI,1,1,1,Yes,7.7,10.0,12,0
NET18298,29,Premium,13,629,22.6,13,6,2,47,5,UPI,0,2,2,No,7.6,6.8,15,0
NET18299,40,Standard,1,399,2.0,0,0,4,56,1,UPI,0,1,1,No,3.6,7.4,1,1
NET18300,44,Premium,19,669,47.0,22,3,1,51,6,Debit Card,0,1,1,Yes,6.3,10.0,21,0
NET18301,26,Standard,20,449,24.6,12,8,2,33,2,Wallet,1,0,0,No,3.8,9.4,21,0
NET18302,24,Premium+,8,899,59.1,35,0,2,46,7,UPI,0,1,1,No,9.9,8.2,10,0
NET18303,32,Premium,43,669,59.9,27,4,4,50,3,UPI,1,0,0,No,8.0,10.0,46,0
NET18304,38,Standard,12,379,7.7,4,3,5,40,6,Wallet,0,1,1,Yes,6.7,5.9,14,0
NET18305,38,Premium+,16,919,31.3,16,2,4,62,8,UPI,0,0,0,No,5.6,7.4,17,0
NET18306,18,Standard,36,399,17.3,11,16,1,57,3,Credit Card,1,0,0,No,7.6,5.0,40,0
NET18307,48,Standard,15,449,34.3,16,3,4,45,7,Credit Card,0,1,2,No,4.3,8.7,17,0
NET18308,25,Basic,7,249,11.5,5,3,4,56,5,Net Banking,2,0,1,Yes,4.2,7.9,10,0
NET18309,28,Premium,1,649,25.8,14,0,2,33,6,Credit Card,0,1,1,Yes,6.8,6.7,2,1
NET18310,22,Standard,18,399,34.9,19,2,1,23,6,Debit Card,0,0,0,Yes,7.5,5.6,18,1
NET18311,55,Standard,46,399,18.8,8,4,2,32,3,UPI,0,0,0,Yes,6.8,8.0,50,0
NET18312,33,Premium+,8,879,51.6,36,0,2,23,8,UPI,0,1,1,No,6.9,7.6,13,0
NET18313,23,Premium,5,649,82.5,47,0,3,7,4,Credit Card,1,1,2,No,8.0,8.3,7,0
NET18314,38,Basic,10,219,23.7,13,1,1,18,1,UPI,1,0,0,No,5.3,4.6,11,0
NET18315,37,Premium,18,649,19.4,9,8,3,38,3,Debit Card,0,0,2,No,9.4,5.5,21,0
NET18316,29,Premium+,1,899,35.0,17,9,1,56,4,Credit Card,0,2,2,No,5.2,6.9,4,0
NET18317,38,Basic,30,179,3.5,1,9,3,63,6,Credit Card,0,1,1,No,4.1,6.8,31,0
NET18318,23,Premium,30,629,21.1,14,5,4,42,2,UPI,0,0,0,Yes,10.0,8.9,33,0
NET18319,26,Standard,10,399,35.8,21,10,2,31,2,Credit Card,0,0,0,No,8.5,9.0,15,0
NET18320,15,Premium,1,649,28.2,20,0,3,62,4,UPI,1,1,1,No,7.1,7.3,5,0
NET18321,19,Standard,15,449,17.2,11,15,4,40,3,Credit Card,0,0,0,No,10.0,8.5,15,0
NET18322,47,Premium,2,649,17.8,11,9,2,75,4,Debit Card,0,0,0,No,4.0,7.3,5,0
NET18323,45,Basic,9,219,12.9,8,5,3,58,3,UPI,0,0,0,No,2.4,9.9,12,0
NET18324,31,Premium,1,649,10.2,6,5,2,23,6,Credit Card,0,1,1,No,7.3,7.4,1,0
NET18325,45,Basic,12,199,15.8,8,0,4,52,3,UPI,0,1,1,Yes,6.1,6.5,16,0
NET18326,29,Standard,5,399,35.1,26,9,5,28,5,Credit Card,0,2,2,No,4.1,10.0,9,0
NET18327,28,Basic,24,199,26.0,12,4,1,50,3,UPI,1,0,0,Yes,3.7,6.1,28,0
NET18328,31,Premium,22,649,22.3,10,10,3,25,3,Net Banking,0,1,1,No,7.0,5.9,27,0
NET18329,29,Standard,90,419,30.7,14,2,4,33,4,UPI,0,1,1,Yes,7.3,7.4,93,0
NET18330,29,Standard,4,419,63.1,37,0,6,70,4,UPI,0,0,1,Yes,10.0,10.0,7,0
NET18331,41,Standard,1,449,37.1,22,4,4,74,5,Credit Card,0,0,0,No,5.1,8.9,5,0
NET18332,32,Premium,8,669,52.9,29,12,2,26,1,Credit Card,0,1,1,No,4.8,7.2,11,0
NET18333,37,Standard,1,449,13.8,7,0,4,38,6,Credit Card,2,0,0,No,6.5,9.1,3,1
NET18334,40,Premium,2,669,27.6,17,3,2,39,1,UPI,0,2,2,Yes,5.9,7.0,5,1
NET18335,34,Basic,12,249,24.5,12,10,4,60,1,UPI,0,2,2,No,7.0,6.2,17,0
NET18336,22,Basic,12,219,13.5,8,1,2,19,6,Debit Card,0,1,1,No,10.0,7.7,16,0
NET18337,18,Standard,1,419,11.4,6,1,1,33,2,Debit Card,0,0,1,Yes,7.1,7.7,2,0
NET18338,32,Premium+,8,899,23.8,12,5,2,36,4,Wallet,0,0,0,No,6.0,4.1,12,0
NET18339,29,Basic,10,219,13.9,10,11,3,49,5,Credit Card,0,0,0,Yes,5.9,6.1,11,0
NET18340,31,Basic,4,249,9.1,4,5,2,60,4,UPI,2,0,0,No,5.3,6.5,7,0
NET18341,30,Basic,28,199,22.3,15,0,4,54,4,Net Banking,0,0,0,No,6.9,5.3,31,0
NET18342,54,Premium,2,699,19.2,8,15,5,85,3,Credit Card,0,0,0,No,8.4,6.0,7,0
NET18343,19,Standard,4,419,34.4,19,4,3,44,3,Credit Card,2,1,1,Yes,8.5,6.9,5,0
NET18344,15,Premium,2,669,31.8,19,2,2,38,8,Credit Card,1,1,1,No,7.5,6.3,6,0
NET18345,33,Basic,1,249,17.2,12,8,5,20,6,UPI,0,0,1,No,9.0,5.2,1,0
NET18346,27,Basic,29,199,5.1,2,7,3,34,6,Credit Card,0,0,0,No,6.4,4.1,29,1
NET18347,33,Standard,4,399,6.6,4,2,1,52,2,Credit Card,0,0,0,No,8.5,8.5,8,0
NET18348,36,Premium,17,649,16.0,7,11,2,74,3,UPI,1,1,1,Yes,6.7,5.2,20,0
NET18349,42,Premium,7,669,13.1,6,0,2,71,5,Credit Card,0,0,0,Yes,7.7,6.3,8,0
NET18350,17,Basic,14,199,10.0,7,12,4,32,8,Credit Card,0,0,0,No,4.2,9.0,15,0
NET18351,25,Premium+,36,949,45.0,26,0,5,57,2,UPI,0,0,1,No,8.6,6.2,40,0
NET18352,34,Standard,26,419,22.7,13,0,2,55,6,UPI,0,1,1,Yes,7.5,5.8,30,0
NET18353,37,Premium,1,649,61.7,31,3,2,39,6,Net Banking,0,0,0,No,9.1,8.7,3,0
NET18354,50,Standard,26,379,26.4,17,0,2,58,3,UPI,0,1,2,Yes,7.6,7.7,31,0
NET18355,39,Basic,8,199,14.0,6,28,4,39,4,UPI,1,1,1,Yes,8.1,7.5,9,0
NET18356,30,Premium,6,699,24.5,11,0,3,29,6,Wallet,2,0,0,No,7.3,7.9,11,0
NET18357,22,Premium,15,649,23.0,12,10,4,37,3,UPI,0,0,0,No,3.9,9.2,17,0
NET18358,25,Standard,41,399,79.7,37,5,3,28,3,UPI,1,0,0,No,5.7,3.6,44,0
NET18359,25,Standard,1,399,19.9,12,5,2,55,3,Credit Card,0,1,2,Yes,7.0,6.7,2,0
NET18360,36,Standard,20,419,30.1,18,1,2,26,4,UPI,0,0,0,No,7.7,8.7,25,0
NET18361,33,Premium,3,649,14.7,7,1,2,47,5,Debit Card,2,1,2,No,7.6,7.3,7,0
NET18362,19,Standard,6,449,48.4,28,8,1,76,2,UPI,0,1,1,Yes,2.4,6.3,10,0
NET18363,27,Premium,28,629,21.6,13,0,3,71,5,UPI,0,0,0,No,10.0,10.0,31,0
NET18364,38,Basic,11,179,4.4,2,6,2,58,5,UPI,2,0,0,Yes,5.0,7.7,16,1
NET18365,34,Basic,1,219,15.1,7,2,1,47,1,Net Banking,0,2,2,Yes,7.2,6.7,6,0
NET18366,36,Standard,9,419,15.2,8,15,3,44,8,Net Banking,1,0,1,Yes,5.2,6.7,9,0
NET18367,34,Basic,21,199,17.1,8,4,1,38,5,Credit Card,0,1,1,Yes,7.2,8.3,23,0
NET18368,45,Standard,10,449,11.4,6,1,3,59,3,Wallet,0,0,0,No,9.9,9.1,14,0
NET18369,33,Basic,2,199,10.0,4,11,3,51,5,Credit Card,0,1,1,Yes,9.0,6.9,7,0
NET18370,27,Premium,8,699,34.4,16,24,2,36,7,UPI,0,0,1,Yes,6.4,10.0,9,0
NET18371,22,Basic,36,249,11.5,8,8,6,64,2,Credit Card,0,0,1,Yes,8.4,5.9,41,0
NET18372,33,Premium,15,629,36.6,22,7,2,18,5,UPI,0,1,1,Yes,5.8,8.6,16,0
NET18373,15,Standard,18,449,33.1,24,11,2,18,1,UPI,1,0,0,No,6.9,7.4,19,0
NET18374,29,Premium+,21,899,33.1,21,0,2,16,12,Net Banking,0,1,1,No,4.0,6.8,24,0
NET18375,29,Premium+,1,949,30.3,14,13,4,22,8,UPI,0,0,0,No,8.7,6.8,1,0
NET18376,18,Premium,12,629,61.4,29,0,3,52,4,Debit Card,1,0,0,No,7.9,6.6,14,0
NET18377,22,Premium,6,649,20.2,14,5,3,39,7,Debit Card,0,0,0,No,5.5,7.1,7,0
NET18378,38,Standard,2,449,43.8,32,3,3,30,3,Net Banking,0,0,0,No,9.8,9.3,3,0
NET18379,33,Premium,3,649,26.3,13,3,2,61,3,UPI,0,2,3,Yes,6.1,8.5,7,0
NET18380,31,Premium+,21,919,37.9,25,3,4,22,2,UPI,0,1,1,Yes,8.3,7.1,21,0
NET18381,33,Basic,2,199,8.6,6,6,2,46,4,UPI,1,1,1,Yes,5.4,6.9,6,1
NET18382,31,Standard,5,419,45.0,21,6,3,26,4,UPI,0,0,0,No,6.3,7.7,8,0
NET18383,42,Basic,4,199,7.9,4,2,1,55,3,Net Banking,0,0,1,No,9.2,7.1,7,1
NET18384,32,Standard,1,379,14.1,8,29,1,56,2,Net Banking,0,2,3,No,6.8,7.2,3,1
NET18385,17,Standard,8,379,15.1,10,20,2,57,2,UPI,0,2,2,No,5.3,6.5,11,0
NET18386,45,Standard,20,399,33.0,19,1,4,52,6,UPI,0,0,0,No,8.2,8.3,22,0
NET18387,34,Standard,1,449,8.4,4,6,2,67,5,UPI,0,1,1,No,5.1,5.9,5,0
NET18388,25,Premium+,1,949,44.2,28,4,4,42,3,Credit Card,0,1,3,Yes,9.3,6.8,2,0
NET18389,19,Standard,17,419,20.7,10,1,1,33,8,Net Banking,0,1,1,No,7.8,9.0,18,0
NET18390,34,Premium,12,629,19.8,10,9,3,41,3,Net Banking,0,0,0,No,4.9,6.0,12,0
NET18391,29,Standard,17,449,18.9,11,1,3,28,6,Credit Card,1,1,1,No,4.8,10.0,20,0
NET18392,45,Standard,3,449,44.1,25,6,2,39,3,Credit Card,0,1,2,No,10.0,7.7,3,0
NET18393,27,Standard,22,379,13.6,9,7,5,58,4,UPI,0,0,0,No,4.6,6.2,22,1
NET18394,23,Standard,9,379,18.7,8,3,1,71,5,UPI,0,0,0,Yes,9.6,8.4,10,0
NET18395,39,Standard,13,399,8.9,4,0,2,36,6,UPI,2,0,0,No,6.1,7.8,16,0
NET18396,39,Standard,1,419,5.4,3,2,2,56,4,UPI,1,0,0,Yes,8.7,8.7,2,1
NET18397,32,Standard,3,379,31.5,16,9,1,35,2,UPI,0,0,1,No,5.7,6.7,8,1
NET18398,37,Premium,20,649,11.5,5,6,3,44,5,Debit Card,0,1,1,Yes,10.0,10.0,20,0
NET18399,30,Standard,3,379,67.5,33,0,2,34,5,Net Banking,0,0,1,No,5.1,3.9,6,0
NET18400,33,Standard,1,399,13.5,6,7,4,77,2,Credit Card,1,1,3,No,4.0,8.7,6,0
NET18401,41,Premium,12,649,22.9,13,1,4,31,6,Credit Card,0,0,0,Yes,5.3,8.0,17,0
NET18402,36,Basic,11,199,30.0,15,15,3,46,1,UPI,0,2,2,No,8.3,9.2,16,0
NET18403,29,Standard,13,379,37.4,17,10,4,37,9,UPI,0,2,2,No,7.5,7.6,14,0
NET18404,43,Basic,13,249,29.4,17,0,3,48,10,Debit Card,0,0,0,Yes,6.3,6.9,15,0
NET18405,15,Basic,9,249,11.6,8,6,2,34,4,Debit Card,1,0,0,No,5.0,7.5,14,0
NET18406,49,Basic,9,199,8.6,4,1,3,82,2,Debit Card,0,1,1,Yes,5.9,6.8,11,1
NET18407,15,Basic,36,219,20.5,10,4,2,42,3,UPI,1,0,2,Yes,5.4,7.9,40,0
NET18408,25,Basic,10,199,13.0,8,1,2,50,6,Net Banking,0,0,0,Yes,5.7,6.6,14,0
NET18409,30,Premium,13,649,34.5,18,7,4,32,1,UPI,0,0,1,No,7.1,4.5,16,0
NET18410,29,Basic,4,199,13.6,9,0,4,39,7,UPI,0,1,1,No,7.1,7.5,8,0
NET18411,40,Standard,28,399,31.6,18,4,5,60,4,UPI,0,0,1,No,8.1,5.0,31,0
NET18412,21,Premium+,1,899,31.5,18,0,2,45,4,Debit Card,0,1,1,No,8.8,4.5,1,0
NET18413,33,Premium,11,699,43.7,28,2,3,59,5,UPI,0,1,1,No,4.3,7.4,13,0
NET18414,25,Standard,6,419,24.2,16,1,3,52,4,Wallet,0,1,1,No,6.6,6.8,9,0
NET18415,33,Premium+,12,899,29.9,18,3,2,33,1,Debit Card,0,0,0,No,7.6,7.9,12,0
NET18416,30,Standard,6,399,32.4,15,3,2,16,6,Wallet,1,0,1,No,5.5,5.9,8,0
NET18417,31,Basic,17,179,7.2,4,6,3,40,7,Debit Card,1,1,1,Yes,5.6,8.0,18,1
NET18418,26,Premium+,1,879,39.4,26,3,5,38,4,UPI,1,2,3,No,7.1,6.1,1,0
NET18419,26,Premium,7,649,55.0,26,7,1,50,6,UPI,1,1,1,No,6.9,6.3,8,0
NET18420,33,Standard,24,399,15.3,9,9,5,47,2,UPI,0,0,0,Yes,5.3,10.0,28,0
NET18421,39,Premium,4,699,31.8,15,30,1,43,4,UPI,0,1,1,No,5.5,6.8,7,1
NET18422,25,Premium,1,649,12.8,9,0,4,39,8,Debit Card,1,0,1,No,7.3,10.0,3,0
NET18423,23,Basic,9,219,7.8,3,3,2,48,3,UPI,1,0,0,No,4.8,9.4,13,1
NET18424,36,Basic,52,179,33.5,18,1,1,50,3,UPI,2,0,0,No,6.7,6.7,52,0
NET18425,30,Standard,1,399,67.0,33,2,1,59,1,Credit Card,0,0,0,No,8.9,3.9,5,0
NET18426,38,Premium+,1,949,33.1,20,4,1,42,4,Credit Card,0,1,1,Yes,3.6,8.7,2,1
NET18427,22,Basic,12,199,31.4,15,0,2,70,6,Wallet,1,0,0,Yes,5.8,6.0,13,0
NET18428,15,Premium,4,669,57.8,30,0,4,49,2,Credit Card,0,1,1,Yes,6.4,7.5,9,0
NET18429,26,Basic,7,199,19.1,14,4,5,27,7,Credit Card,0,0,1,No,10.0,7.3,10,0
NET18430,24,Standard,24,419,27.8,20,2,3,55,7,UPI,0,1,1,No,6.3,8.6,28,0
NET18431,30,Premium,3,649,30.6,18,4,2,64,2,UPI,0,2,4,No,7.6,4.4,8,0
NET18432,25,Premium,17,699,10.3,7,1,1,53,5,UPI,0,0,1,No,8.2,6.3,19,0
NET18433,37,Basic,9,249,24.1,17,2,3,63,1,UPI,0,0,1,No,7.1,5.1,10,0
NET18434,28,Standard,32,399,18.9,11,21,1,51,3,Debit Card,0,0,0,No,5.9,7.1,32,0
NET18435,32,Standard,50,449,14.5,9,1,2,38,5,Debit Card,0,1,2,No,8.1,5.6,54,0
NET18436,32,Basic,9,219,2.3,1,0,5,58,4,Debit Card,1,0,1,No,9.1,6.8,11,0
NET18437,32,Basic,12,199,8.8,5,15,2,5,2,Credit Card,0,1,1,Yes,4.2,8.0,14,1
NET18438,30,Premium,19,699,25.7,18,9,4,34,2,Credit Card,2,0,0,No,9.9,7.4,21,1
NET18439,35,Standard,5,379,19.7,10,3,2,50,4,Debit Card,0,1,1,No,9.8,6.1,7,0
NET18440,23,Basic,3,219,25.5,15,4,4,36,5,UPI,0,0,0,No,7.0,8.1,8,0
NET18441,43,Standard,46,399,37.9,19,2,6,35,3,Credit Card,1,1,1,Yes,8.5,7.6,47,0
NET18442,28,Premium+,7,919,12.0,5,0,1,54,4,Credit Card,0,0,1,No,8.3,8.5,10,0
NET18443,19,Basic,1,199,18.3,11,1,4,17,3,Credit Card,1,0,1,No,8.6,9.0,5,0
NET18444,32,Premium,25,669,48.1,24,2,3,57,3,Credit Card,0,0,2,No,9.8,7.4,26,0
NET18445,23,Basic,12,179,25.8,16,4,2,60,3,Net Banking,1,1,1,No,4.0,6.7,15,0
NET18446,36,Basic,2,249,11.3,5,1,5,40,3,UPI,0,1,1,No,7.8,7.2,4,0
NET18447,50,Basic,1,199,10.6,5,2,4,26,2,Net Banking,0,1,1,No,10.0,6.8,1,0
NET18448,23,Standard,4,399,32.7,21,4,3,32,5,UPI,0,0,0,Yes,8.4,9.9,6,0
NET18449,33,Premium,36,649,16.4,9,1,3,67,7,Debit Card,0,0,0,Yes,8.1,5.1,39,0
NET18450,15,Standard,37,399,12.7,6,21,4,39,4,Wallet,0,0,1,No,7.6,7.0,40,0
NET18451,35,Premium,5,699,22.8,11,3,5,41,4,Debit Card,0,0,0,No,8.8,6.9,5,0
NET18452,23,Standard,25,399,18.6,14,9,2,18,6,Credit Card,0,0,0,Yes,8.5,5.3,30,0
NET18453,25,Basic,8,199,11.6,8,6,4,53,3,UPI,0,0,0,No,6.3,7.7,9,1
NET18454,21,Standard,14,399,1.5,0,0,4,28,3,UPI,0,0,1,No,4.0,5.2,19,0
NET18455,37,Premium,5,649,24.5,14,9,5,6,2,Net Banking,0,0,0,Yes,6.8,6.0,5,0
NET18456,40,Premium,10,699,13.8,7,1,2,38,9,Credit Card,0,0,1,No,6.1,10.0,12,0
NET18457,31,Premium,4,649,41.8,19,13,2,50,2,UPI,1,0,1,No,6.8,10.0,8,0
NET18458,23,Standard,1,419,16.7,11,7,2,42,3,Debit Card,1,1,2,No,8.4,7.1,2,0
NET18459,45,Premium,2,649,20.3,15,7,1,27,5,UPI,0,0,0,No,6.0,5.8,6,0
NET18460,24,Basic,4,249,17.3,11,2,3,21,3,UPI,0,0,0,No,5.3,4.4,8,0
NET18461,15,Premium,52,629,21.3,10,2,5,47,4,Credit Card,0,1,1,No,10.0,8.0,53,0
NET18462,35,Premium+,47,919,45.0,30,7,5,57,3,Net Banking,0,2,3,Yes,5.0,8.8,49,0
NET18463,21,Basic,24,199,8.9,5,2,6,88,3,UPI,2,0,1,No,9.8,5.7,29,1
NET18464,39,Standard,3,399,22.8,11,3,5,17,3,UPI,1,1,1,No,9.4,8.2,6,0
NET18465,27,Premium,8,669,33.5,16,4,1,37,5,Credit Card,0,0,0,No,7.9,6.5,10,0
NET18466,36,Premium,8,669,15.6,10,2,4,56,3,Credit Card,0,1,1,No,3.7,6.7,13,0
NET18467,43,Basic,6,199,10.3,4,8,4,42,3,UPI,1,0,0,Yes,7.1,6.8,9,0
NET18468,20,Premium+,1,949,20.1,9,1,3,71,6,Credit Card,0,0,1,No,5.1,7.1,4,0
NET18469,25,Premium,10,629,2.6,1,0,3,35,1,UPI,0,0,0,No,7.5,7.8,11,0
NET18470,30,Basic,1,249,19.5,9,9,4,58,3,Net Banking,0,0,1,No,5.4,6.2,2,0
NET18471,44,Basic,22,199,22.1,16,2,4,23,2,Net Banking,1,0,0,No,9.2,8.5,22,0
NET18472,25,Premium,16,649,10.6,5,11,6,87,0,UPI,0,1,1,No,8.1,4.6,21,0
NET18473,25,Basic,6,199,37.6,22,5,4,61,1,Credit Card,1,0,0,No,7.6,7.8,10,0
NET18474,35,Basic,14,199,15.7,10,10,4,72,5,Debit Card,0,0,0,No,7.6,8.6,18,1
NET18475,25,Standard,3,379,24.0,15,2,3,38,4,UPI,0,0,0,No,5.3,6.9,7,0
NET18476,32,Premium,4,629,93.5,43,1,2,42,5,UPI,0,0,0,No,8.1,6.3,8,0
NET18477,17,Premium,5,649,86.7,40,0,3,27,6,UPI,0,1,2,No,7.1,7.6,5,0
NET18478,50,Standard,22,399,32.0,23,1,2,32,4,Wallet,1,0,0,Yes,7.9,8.8,25,0
NET18479,18,Premium,3,649,12.1,8,12,2,72,6,Credit Card,1,0,2,No,6.8,7.3,3,0
NET18480,28,Premium+,11,879,19.2,9,3,4,39,7,Credit Card,1,0,0,Yes,6.1,8.6,16,0
NET18481,30,Standard,3,399,29.3,15,6,4,5,8,Debit Card,1,0,0,Yes,7.0,6.1,4,0
NET18482,48,Premium,4,669,20.2,10,1,3,57,1,UPI,1,0,0,No,4.9,8.7,6,0
NET18483,19,Premium+,3,919,16.5,10,11,4,54,2,Credit Card,1,0,0,No,7.9,4.3,6,0
NET18484,48,Premium,14,669,15.2,10,5,3,51,1,Credit Card,2,0,0,No,8.6,9.6,17,0
NET18485,37,Premium,10,649,26.0,15,14,1,37,1,Credit Card,0,0,0,No,9.2,8.3,10,0
NET18486,34,Basic,17,219,16.8,10,1,1,52,3,Wallet,0,0,0,Yes,10.0,8.7,18,0
NET18487,22,Standard,3,399,10.5,4,7,4,49,2,Net Banking,0,1,1,No,4.7,6.7,4,1
NET18488,36,Standard,1,419,12.1,8,0,5,31,7,Net Banking,0,0,0,No,7.3,5.4,6,0
NET18489,24,Premium,15,649,13.6,6,5,3,41,5,UPI,0,1,1,No,5.7,5.7,18,0
NET18490,42,Premium+,1,949,47.6,22,2,1,55,4,Wallet,0,0,0,No,6.2,9.5,1,1
NET18491,22,Basic,3,199,9.3,5,0,1,56,2,Credit Card,0,0,0,Yes,10.0,6.2,7,0
NET18492,29,Basic,5,249,6.2,3,5,2,37,3,UPI,1,0,0,Yes,9.0,8.4,8,0
NET18493,26,Basic,19,199,8.8,4,0,4,87,3,UPI,0,0,0,Yes,7.2,6.2,23,0
NET18494,22,Premium,13,649,43.4,25,1,2,49,7,UPI,0,0,2,No,6.4,6.3,15,0
NET18495,37,Basic,2,219,11.8,7,2,4,42,6,UPI,0,0,0,No,8.0,5.3,3,0
NET18496,35,Premium,12,649,84.1,52,0,2,36,4,Wallet,0,0,0,No,9.5,10.0,15,0
NET18497,41,Standard,17,399,33.3,24,14,3,76,1,Debit Card,0,1,2,Yes,10.0,7.4,19,0
NET18498,15,Standard,6,449,24.4,14,2,3,73,4,Wallet,0,1,1,Yes,3.4,7.0,10,1
NET18499,40,Basic,3,199,29.0,19,0,2,26,3,Credit Card,0,1,1,No,8.0,8.4,6,0
NET18500,53,Premium,15,649,30.3,22,19,5,20,5,UPI,0,0,1,No,6.9,8.3,17,0
NET18501,26,Standard,13,399,15.8,10,10,4,35,6,Net Banking,0,0,0,No,8.0,8.7,16,0
NET18502,48,Premium+,1,919,58.6,38,1,6,74,2,Credit Card,1,0,0,Yes,7.9,6.5,3,0
NET18503,28,Standard,15,449,18.8,11,4,4,47,5,UPI,0,0,1,No,4.8,6.5,17,1
NET18504,18,Basic,9,179,34.9,16,1,3,30,2,UPI,0,0,0,Yes,6.3,4.3,13,0
NET18505,28,Basic,19,249,13.9,6,18,3,39,6,Debit Card,1,0,1,No,8.2,3.9,20,0
NET18506,40,Premium+,2,879,49.8,37,4,5,52,6,Net Banking,0,0,0,No,9.3,8.9,2,0
NET18507,23,Premium,4,649,26.7,17,3,3,62,2,UPI,0,0,1,Yes,6.6,7.3,6,0
NET18508,25,Basic,10,179,9.8,5,10,6,68,6,Credit Card,0,0,0,No,6.3,6.9,11,0
NET18509,36,Premium,9,649,29.1,18,0,3,40,5,UPI,0,0,0,No,5.7,5.4,14,0
NET18510,31,Standard,6,449,43.1,26,1,6,48,4,Wallet,0,0,0,No,7.1,6.9,6,0
NET18511,36,Standard,19,449,44.4,21,7,4,25,4,UPI,0,1,2,No,8.4,7.6,23,0
NET18512,33,Basic,11,219,13.7,7,5,1,43,6,Credit Card,0,1,1,No,7.1,5.9,14,0
NET18513,35,Premium,17,669,14.7,8,1,1,45,5,Credit Card,0,0,0,Yes,7.1,8.4,18,0
NET18514,27,Basic,2,199,2.4,1,1,4,36,5,UPI,0,1,1,No,5.4,7.4,5,0
NET18515,33,Standard,18,399,38.1,24,12,3,11,3,Debit Card,1,0,1,No,7.1,6.2,21,0
NET18516,22,Standard,8,399,38.0,25,10,2,48,4,Debit Card,0,0,2,No,9.4,5.6,8,0
NET18517,42,Basic,1,199,14.7,9,0,2,64,3,Net Banking,1,1,1,No,8.0,9.5,6,0
NET18518,25,Standard,3,399,34.0,16,18,3,30,3,Wallet,0,2,2,Yes,10.0,7.0,4,0
NET18519,41,Basic,1,249,17.5,11,5,3,30,3,Wallet,2,0,0,Yes,8.8,3.9,3,1
NET18520,28,Standard,8,379,27.1,12,3,3,44,4,UPI,0,0,0,No,9.5,4.8,13,1
NET18521,32,Premium+,5,899,47.7,27,2,2,64,4,UPI,0,0,1,Yes,9.6,7.8,5,0
NET18522,26,Standard,61,419,10.4,5,2,1,51,2,UPI,0,0,0,No,6.7,5.5,62,0
NET18523,21,Standard,28,399,22.0,11,4,2,58,4,UPI,0,1,1,No,5.2,8.6,30,0
NET18524,15,Standard,24,379,39.4,25,1,1,58,8,Credit Card,1,0,0,No,7.9,6.4,27,0
NET18525,21,Standard,9,399,25.6,12,0,1,43,3,Credit Card,0,1,1,Yes,6.6,6.3,13,0
NET18526,28,Premium,23,669,7.5,4,4,4,49,2,UPI,0,1,1,No,4.7,6.8,27,0
NET18527,32,Basic,4,219,19.3,9,3,2,31,7,Net Banking,1,2,3,No,6.7,6.4,4,1
NET18528,40,Premium,11,629,39.6,22,6,3,18,6,UPI,0,1,1,No,7.5,7.5,16,0
NET18529,26,Premium,6,669,21.3,15,4,4,37,7,Debit Card,4,0,1,Yes,10.0,9.6,8,0
NET18530,23,Premium,2,699,12.8,9,2,3,54,5,Credit Card,0,0,0,Yes,9.0,5.8,4,0
NET18531,18,Basic,1,219,17.2,10,2,2,5,0,Credit Card,0,0,0,Yes,8.8,10.0,5,0
NET18532,35,Basic,11,179,21.5,10,5,2,10,7,UPI,0,0,0,No,6.4,5.2,13,0
NET18533,43,Standard,1,379,12.8,8,1,3,41,8,UPI,0,0,0,No,7.0,6.8,2,0
NET18534,42,Premium,17,649,33.8,19,10,5,69,5,Credit Card,2,0,0,No,7.5,7.4,18,0
NET18535,37,Standard,35,419,6.2,4,9,3,24,2,Credit Card,0,1,1,No,8.6,8.1,39,0
NET18536,36,Basic,2,219,27.4,13,6,2,89,1,UPI,0,1,1,No,7.9,8.6,5,0
NET18537,46,Basic,8,179,10.4,5,2,2,51,2,Net Banking,1,0,1,Yes,9.0,6.2,11,0
NET18538,33,Premium,18,649,36.9,17,5,2,36,1,UPI,0,1,1,Yes,6.8,9.3,21,0
NET18539,36,Premium,4,649,44.8,27,5,2,32,5,UPI,0,1,1,Yes,10.0,8.5,8,0
NET18540,28,Basic,35,249,14.2,6,6,3,28,3,UPI,1,0,0,Yes,9.5,10.0,35,0
NET18541,18,Basic,30,249,27.0,12,2,1,41,2,UPI,0,0,1,Yes,7.9,6.5,32,0
NET18542,24,Standard,1,379,1.8,1,3,5,42,2,Net Banking,1,0,0,No,6.6,6.3,2,0
NET18543,30,Standard,1,399,15.4,7,14,1,55,7,Credit Card,0,0,0,Yes,9.5,7.9,6,0
NET18544,31,Premium,52,649,44.3,26,0,4,47,5,UPI,0,0,1,Yes,7.1,5.6,53,0
NET18545,48,Premium,43,699,53.0,26,0,1,63,1,Credit Card,0,0,0,No,6.6,6.1,48,0
NET18546,31,Premium,7,699,33.8,20,28,5,45,2,UPI,0,0,0,No,9.2,6.5,7,0
NET18547,41,Basic,1,179,3.5,2,5,4,50,5,Credit Card,1,0,0,Yes,6.9,8.3,3,1
NET18548,27,Premium,13,649,42.6,21,3,4,48,2,UPI,0,1,1,No,8.2,5.0,16,0
NET18549,28,Premium+,4,879,27.2,12,0,2,32,1,UPI,0,2,2,No,5.8,8.1,9,0
NET18550,19,Premium+,38,949,39.9,20,6,2,70,2,UPI,0,2,4,Yes,8.4,8.8,39,1
NET18551,24,Premium,22,669,42.0,19,8,2,30,4,UPI,0,0,0,No,8.6,7.5,25,0
NET18552,35,Standard,14,449,20.9,9,4,5,19,6,UPI,1,0,0,No,3.7,7.5,17,0
NET18553,31,Premium,4,649,52.9,31,0,3,24,5,Wallet,0,0,1,No,10.0,9.1,8,0
NET18554,39,Premium,16,629,42.7,24,4,5,32,4,Net Banking,1,1,1,No,5.5,6.9,20,0
NET18555,32,Premium,4,649,28.8,19,0,2,50,6,Wallet,0,0,0,No,6.2,3.1,6,1
NET18556,27,Standard,1,449,24.7,14,3,3,38,5,Net Banking,0,1,1,Yes,7.8,6.4,2,0
NET18557,50,Premium+,9,949,47.9,24,2,2,22,6,Net Banking,0,0,1,Yes,5.7,4.3,13,0
NET18558,30,Standard,9,399,40.9,23,0,2,75,5,Debit Card,1,0,0,No,7.7,5.8,11,0
NET18559,41,Basic,20,249,8.4,3,0,1,52,2,Credit Card,0,0,0,No,6.1,9.0,20,0
NET18560,27,Basic,28,199,25.7,18,5,2,29,2,Debit Card,2,0,1,Yes,7.0,7.5,31,0
NET18561,37,Premium,6,629,31.8,18,5,4,8,5,Debit Card,0,0,0,No,8.4,7.2,7,0
NET18562,39,Standard,8,379,46.9,26,1,5,33,2,Credit Card,0,0,0,Yes,7.5,7.4,9,0
NET18563,32,Basic,8,199,8.4,5,14,3,40,3,Net Banking,0,0,1,Yes,9.7,4.2,10,1
NET18564,15,Premium,5,649,24.9,12,12,4,44,5,Wallet,1,0,0,No,4.8,5.9,9,0
NET18565,31,Premium,19,699,97.0,47,0,6,57,6,Wallet,1,0,0,No,4.5,6.2,22,0
NET18566,42,Premium,10,669,19.9,9,4,2,62,6,UPI,1,0,0,No,5.2,10.0,13,0
NET18567,35,Basic,34,179,24.4,11,4,2,5,4,Credit Card,0,0,0,No,8.4,6.5,35,0
NET18568,35,Premium,14,649,35.0,17,1,4,42,2,UPI,1,0,0,Yes,7.7,4.9,15,0
NET18569,15,Basic,3,199,29.1,14,3,6,73,6,UPI,1,0,1,No,9.1,4.6,6,0
NET18570,24,Standard,2,419,45.7,33,6,2,31,6,Credit Card,0,0,0,No,5.7,7.2,2,0
NET18571,34,Standard,6,399,16.5,10,4,4,45,6,Credit Card,0,1,2,No,5.6,8.0,8,0
NET18572,34,Premium,5,699,53.3,34,2,3,15,6,Credit Card,0,0,2,No,6.4,8.2,5,0
NET18573,41,Standard,7,379,28.4,14,3,2,43,6,Net Banking,0,0,1,No,10.0,10.0,11,1
NET18574,29,Basic,2,249,18.1,11,6,3,68,5,Net Banking,0,0,1,Yes,7.5,7.4,2,0
NET18575,34,Standard,53,399,29.8,17,15,1,12,3,Debit Card,0,0,0,No,6.6,4.5,53,0
NET18576,31,Standard,2,379,35.8,21,14,3,75,6,UPI,1,2,3,No,8.7,6.2,6,0
NET18577,22,Premium+,14,919,27.6,13,11,2,25,3,Debit Card,0,0,0,No,5.9,7.3,19,0
NET18578,15,Premium+,1,879,15.4,8,3,6,49,6,UPI,0,0,0,No,5.8,6.3,6,0
NET18579,34,Basic,7,249,15.1,9,28,6,46,3,UPI,1,2,2,Yes,7.7,7.4,9,1
NET18580,32,Basic,5,199,5.7,4,1,5,37,5,Credit Card,1,0,0,No,6.9,4.2,8,1
NET18581,25,Basic,6,199,12.5,8,3,1,55,2,Credit Card,0,0,0,No,7.7,6.1,6,1
NET18582,16,Premium,9,649,30.6,15,4,1,81,2,UPI,1,0,0,Yes,8.4,6.1,11,0
NET18583,36,Basic,12,199,13.4,10,21,2,30,7,Net Banking,0,0,0,No,9.7,7.9,16,0
NET18584,28,Basic,12,199,22.0,12,3,3,73,2,UPI,0,0,0,No,8.2,6.4,17,0
NET18585,36,Standard,13,399,28.0,14,6,3,62,5,UPI,0,1,1,No,7.5,6.4,15,0
NET18586,47,Basic,26,219,51.2,31,1,3,49,7,Credit Card,0,0,0,No,4.3,8.5,31,0
NET18587,15,Basic,30,249,9.4,4,4,2,61,7,Credit Card,0,1,2,No,7.0,7.5,30,1
NET18588,24,Standard,18,419,10.3,5,6,5,70,1,UPI,1,0,0,No,9.1,6.2,21,0
NET18589,29,Standard,1,399,13.1,6,1,4,53,5,Wallet,0,0,0,No,4.3,5.0,5,1
NET18590,44,Standard,45,449,14.2,9,4,2,57,3,Wallet,0,0,0,Yes,5.0,8.2,49,0
NET18591,16,Premium+,41,899,24.8,12,6,2,74,4,UPI,1,0,0,No,10.0,4.7,41,1
NET18592,48,Basic,17,179,13.0,7,1,4,80,4,UPI,0,1,1,No,8.1,5.9,22,0
NET18593,32,Standard,10,379,68.4,39,0,2,42,7,Credit Card,1,3,3,No,7.4,6.9,12,0
NET18594,30,Premium+,4,949,7.4,4,10,2,45,2,UPI,1,1,1,Yes,6.1,8.8,7,0
NET18595,29,Premium,19,669,27.5,13,4,3,30,3,Wallet,0,0,0,Yes,4.0,7.0,23,0
NET18596,27,Standard,29,449,13.3,9,1,6,54,1,Credit Card,0,1,1,No,5.7,6.2,29,0
NET18597,40,Premium,15,669,33.8,16,1,3,22,6,Debit Card,0,1,1,No,7.1,8.3,15,0
NET18598,21,Basic,13,219,13.6,9,7,5,5,1,Credit Card,0,0,1,Yes,8.8,7.5,14,0
NET18599,34,Premium,3,629,26.2,14,1,3,78,2,UPI,0,0,1,No,4.7,8.7,8,0
NET18600,27,Premium+,6,899,29.2,20,0,4,41,4,Credit Card,0,1,1,Yes,4.8,6.5,7,0
NET18601,24,Standard,17,399,10.6,6,11,2,50,5,Net Banking,0,0,0,No,4.4,8.2,19,0
NET18602,54,Standard,1,399,24.2,13,0,2,71,9,Credit Card,1,0,1,Yes,5.8,6.1,1,1
NET18603,34,Basic,14,199,4.5,2,4,3,41,6,Net Banking,0,1,1,Yes,4.6,4.0,19,1
NET18604,36,Premium,20,629,29.4,19,1,2,37,2,Net Banking,0,1,1,Yes,7.3,5.0,22,0
NET18605,41,Standard,5,399,32.3,20,9,5,36,3,UPI,0,1,1,No,8.2,10.0,7,0
NET18606,18,Premium,1,669,38.7,22,0,2,54,7,Debit Card,0,0,0,No,7.1,6.8,4,1
NET18607,46,Basic,23,249,7.2,3,11,2,43,6,UPI,1,1,1,No,7.3,9.1,24,1
NET18608,15,Standard,2,399,14.4,8,5,2,47,7,Credit Card,0,2,2,No,6.5,7.3,4,0
NET18609,24,Standard,6,399,26.9,13,1,3,42,4,Credit Card,0,0,0,No,7.0,7.7,9,0
NET18610,26,Basic,17,179,33.1,17,6,3,91,3,Credit Card,0,0,0,Yes,7.9,4.1,20,0
NET18611,36,Basic,23,179,39.4,18,0,3,58,4,UPI,0,1,2,Yes,8.7,8.2,28,1
NET18612,32,Standard,27,449,31.5,16,5,4,21,5,Wallet,1,0,2,No,10.0,7.3,28,0
NET18613,29,Premium,10,669,32.6,20,8,1,36,5,Credit Card,0,1,1,No,6.4,8.5,11,0
NET18614,30,Premium,9,669,19.0,13,3,1,47,7,Debit Card,0,0,0,No,6.1,7.8,9,0
NET18615,22,Premium,26,629,32.4,16,0,4,75,6,Credit Card,0,0,0,Yes,8.3,7.2,28,0
NET18616,17,Standard,11,419,14.0,6,1,5,40,6,Credit Card,0,0,0,No,7.9,5.0,14,1
NET18617,37,Premium+,12,949,56.0,32,0,2,52,4,UPI,0,0,0,Yes,2.9,6.3,12,0
NET18618,37,Premium,7,629,34.9,24,3,3,46,5,UPI,0,0,0,No,5.8,7.7,12,0
NET18619,45,Standard,6,419,36.3,22,1,3,20,4,UPI,0,1,1,No,8.9,9.5,8,0
NET18620,23,Basic,9,199,11.3,6,2,1,47,3,UPI,0,1,1,No,7.9,7.7,11,0
NET18621,37,Standard,6,399,12.0,8,0,3,11,4,Debit Card,1,0,0,No,4.4,6.3,6,0
NET18622,28,Premium+,5,919,20.4,12,1,1,41,5,UPI,0,0,0,Yes,8.5,7.7,8,1
NET18623,41,Standard,70,399,25.8,12,16,3,19,3,Wallet,0,0,0,Yes,4.9,7.2,70,0
NET18624,40,Standard,5,449,27.3,17,0,5,60,4,Net Banking,0,1,3,Yes,8.3,5.3,7,0
NET18625,32,Basic,4,199,11.0,5,4,3,53,6,Debit Card,0,1,1,No,5.4,8.1,4,0
NET18626,27,Premium,6,699,12.7,8,3,1,54,7,Net Banking,1,1,2,Yes,4.3,5.1,6,0
NET18627,39,Standard,12,449,50.6,36,1,4,76,6,Net Banking,1,0,1,Yes,4.1,7.0,17,0
NET18628,36,Standard,33,419,5.8,2,9,5,49,5,Credit Card,2,2,3,Yes,3.6,7.5,35,1
NET18629,24,Standard,21,449,31.0,22,1,3,52,4,Credit Card,0,1,1,No,8.0,4.2,22,0
NET18630,19,Standard,25,419,45.1,33,13,3,66,4,UPI,0,0,0,Yes,6.3,7.0,30,0
NET18631,28,Standard,27,379,12.9,7,6,4,52,4,UPI,0,1,1,No,6.2,5.8,30,0
NET18632,44,Standard,35,419,16.3,7,6,1,40,3,UPI,0,0,1,No,6.2,6.0,37,0
NET18633,41,Premium,3,669,14.1,7,19,3,43,4,UPI,0,1,1,Yes,5.9,6.6,8,1
NET18634,20,Premium,8,629,43.8,20,12,3,52,3,Credit Card,0,0,0,Yes,6.0,7.1,13,0
NET18635,20,Premium,6,649,29.7,14,4,5,40,6,Debit Card,0,1,2,No,7.5,8.1,7,0
NET18636,42,Basic,6,179,11.7,8,5,4,37,3,UPI,0,1,1,No,9.4,6.5,6,0
NET18637,20,Premium,14,669,44.5,32,8,3,60,3,UPI,0,1,2,Yes,7.1,9.5,15,0
NET18638,35,Basic,7,199,13.9,8,1,3,50,4,Net Banking,0,0,0,Yes,9.8,6.6,9,0
NET18639,25,Basic,13,219,9.7,4,6,2,59,5,Net Banking,0,0,0,Yes,4.2,4.5,18,1
NET18640,45,Premium+,6,879,76.5,43,0,3,83,3,Credit Card,0,0,0,No,8.3,8.8,11,0
NET18641,24,Premium,5,669,12.6,5,0,3,27,3,Wallet,0,0,0,Yes,3.8,9.5,7,0
NET18642,41,Standard,6,379,4.0,2,24,2,30,8,Credit Card,0,0,0,No,8.0,8.7,6,1
NET18643,32,Premium,22,699,8.7,5,7,3,7,2,UPI,0,1,1,No,6.0,7.1,27,0
NET18644,33,Premium+,12,899,11.6,8,7,3,23,7,Credit Card,0,1,1,No,7.9,7.0,14,0
NET18645,15,Premium,51,649,32.2,15,3,3,23,9,Debit Card,0,0,0,Yes,9.4,5.7,55,0
NET18646,15,Premium,25,629,34.4,23,1,1,31,3,Net Banking,0,0,0,No,7.8,5.9,26,0
NET18647,29,Premium,9,649,21.8,9,12,4,21,2,Net Banking,2,1,1,No,8.1,7.5,13,0
NET18648,33,Basic,3,199,17.6,11,5,3,37,4,UPI,0,1,2,No,6.9,6.5,7,0
NET18649,20,Basic,15,199,16.1,7,1,4,71,5,Wallet,1,0,1,No,5.2,6.5,16,0
NET18650,21,Premium,18,649,12.4,6,1,3,64,2,UPI,0,0,0,No,4.6,7.6,20,0
NET18651,36,Standard,8,379,30.3,16,8,5,68,2,UPI,0,0,0,No,7.9,8.7,9,0
NET18652,36,Basic,3,199,28.8,20,1,2,66,3,UPI,0,0,0,No,6.0,7.4,3,1
NET18653,29,Standard,11,399,44.1,31,1,3,56,4,Wallet,0,2,2,No,4.5,6.8,15,0
NET18654,38,Standard,4,419,17.0,11,0,3,36,5,Credit Card,0,0,0,No,8.4,5.5,9,0
NET18655,20,Premium+,39,899,58.0,35,8,2,74,2,Debit Card,0,0,0,No,6.6,8.5,43,0
NET18656,27,Premium,13,699,51.8,27,5,5,50,5,UPI,1,0,0,No,6.1,6.1,15,0
NET18657,45,Standard,4,399,18.4,12,3,2,13,4,UPI,0,0,0,Yes,7.9,6.0,5,0
NET18658,31,Premium+,3,899,95.4,49,0,4,21,5,Credit Card,0,0,0,Yes,6.9,6.4,8,0
NET18659,32,Premium+,17,899,90.1,66,1,5,27,4,Debit Card,0,0,0,No,10.0,4.0,20,0
NET18660,51,Standard,17,399,5.9,2,6,2,40,7,Wallet,0,0,0,No,7.3,9.7,22,0
NET18661,18,Premium+,12,879,35.5,16,1,2,5,4,Wallet,0,1,1,No,9.4,7.9,14,0
NET18662,38,Standard,13,379,29.8,14,2,2,57,3,Credit Card,0,1,1,No,4.4,9.0,15,0
NET18663,45,Basic,12,219,5.4,3,1,3,33,8,Wallet,0,0,0,No,9.0,7.3,14,0
NET18664,28,Basic,6,219,8.1,5,2,2,50,5,UPI,0,1,1,Yes,5.0,10.0,7,0
NET18665,38,Premium,38,649,30.3,17,1,2,38,3,Net Banking,1,0,0,Yes,2.8,8.8,40,1
NET18666,22,Standard,9,399,24.9,12,3,1,48,6,UPI,1,0,1,No,6.0,5.1,9,1
NET18667,24,Premium,1,669,18.4,11,16,3,21,2,UPI,0,0,0,No,9.9,6.6,1,0
NET18668,34,Premium,5,649,18.5,9,1,2,52,1,Wallet,1,0,0,No,7.7,9.0,9,0
NET18669,38,Basic,1,199,22.6,17,3,3,33,2,Wallet,0,0,0,Yes,6.9,4.0,5,0
NET18670,41,Basic,6,179,8.1,3,2,2,36,5,Debit Card,0,1,1,No,3.8,7.2,7,0
NET18671,45,Standard,13,419,30.7,20,1,2,80,4,Debit Card,1,1,1,Yes,6.4,3.4,16,0
NET18672,30,Basic,1,249,12.2,5,21,3,35,2,UPI,2,0,0,No,7.0,5.8,5,0
NET18673,41,Premium,28,699,22.2,12,4,1,65,2,Wallet,0,0,1,No,6.3,3.5,32,0
NET18674,27,Standard,13,449,19.5,11,5,4,26,6,Credit Card,0,1,1,Yes,4.5,6.6,17,0
NET18675,39,Standard,4,449,26.5,13,1,2,26,2,UPI,2,0,0,No,9.5,8.6,9,0
NET18676,32,Standard,5,449,22.0,13,9,3,10,4,UPI,1,0,0,No,8.8,7.1,9,0
NET18677,35,Premium,8,699,36.1,18,12,3,15,4,Credit Card,0,0,0,Yes,9.0,8.5,10,0
NET18678,34,Premium,3,699,11.0,6,4,4,57,4,UPI,1,0,1,No,4.8,7.9,7,0
NET18679,16,Premium+,1,919,45.7,22,2,5,36,7,UPI,2,0,0,No,6.8,6.8,6,0
NET18680,20,Premium,1,699,32.0,14,1,1,51,2,UPI,1,0,2,No,5.2,9.7,2,1
NET18681,31,Standard,6,449,34.1,18,0,6,55,4,UPI,0,1,2,No,7.0,7.9,11,0
NET18682,15,Basic,1,199,12.1,6,3,3,64,4,Credit Card,0,1,1,No,5.8,8.5,3,0
NET18683,38,Premium,1,669,20.2,11,5,3,14,5,Debit Card,1,1,1,No,5.1,9.4,6,0
NET18684,38,Premium+,27,899,37.1,17,3,1,47,2,Debit Card,0,1,1,No,8.8,7.1,29,0
NET18685,33,Basic,4,199,9.1,5,4,3,21,4,Credit Card,1,0,1,No,6.2,6.9,5,0
NET18686,20,Standard,9,449,12.3,6,13,6,41,3,UPI,0,1,2,No,5.4,7.3,12,0
NET18687,43,Basic,2,179,14.3,10,1,2,40,7,Credit Card,0,1,1,No,7.1,8.0,6,1
NET18688,49,Premium,1,699,14.7,6,5,3,40,1,Debit Card,1,0,1,No,8.6,7.6,1,0
NET18689,32,Standard,19,449,34.4,20,0,1,88,3,Credit Card,1,0,1,No,7.8,8.3,22,0
NET18690,35,Basic,1,199,18.1,11,5,2,49,5,Wallet,0,0,0,No,7.8,5.9,5,1
NET18691,32,Premium,1,649,35.8,24,0,2,49,3,Debit Card,1,2,2,No,6.4,6.3,1,0
NET18692,35,Standard,12,399,27.9,20,0,2,45,0,Credit Card,1,0,1,Yes,6.0,7.8,14,0
NET18693,29,Standard,1,419,25.2,12,1,2,60,5,UPI,0,0,0,No,6.0,10.0,6,0
NET18694,30,Standard,8,399,9.7,6,5,4,42,5,UPI,0,2,3,No,5.6,6.2,10,0
NET18695,39,Standard,4,399,29.4,13,6,3,72,3,Debit Card,1,0,0,Yes,4.4,8.9,6,1
NET18696,52,Standard,5,399,12.3,7,0,4,47,3,Debit Card,0,0,0,Yes,6.1,7.8,9,0
NET18697,18,Standard,1,399,24.4,11,10,3,59,4,UPI,0,0,0,No,7.8,10.0,2,0
NET18698,30,Standard,46,449,19.4,10,9,3,10,9,Wallet,0,0,2,No,9.3,8.8,48,0
NET18699,20,Premium,10,699,14.3,9,1,4,14,4,UPI,0,0,0,No,6.3,4.6,12,0
NET18700,45,Premium,11,699,4.9,3,0,4,19,3,Credit Card,0,0,0,No,8.4,5.6,13,0
NET18701,25,Standard,15,449,13.8,6,5,2,47,6,Debit Card,0,1,1,Yes,6.7,6.8,20,0
NET18702,18,Standard,22,449,7.0,4,12,1,30,4,Net Banking,0,0,0,Yes,6.4,6.8,26,0
NET18703,36,Premium,13,669,7.2,5,2,3,19,4,UPI,1,1,1,No,7.2,7.7,13,0
NET18704,46,Basic,20,179,7.1,4,20,2,43,4,UPI,0,0,0,Yes,5.6,8.5,23,0
NET18705,36,Basic,8,199,9.0,4,21,1,43,6,Credit Card,0,0,1,No,4.3,9.8,10,1
NET18706,32,Standard,6,379,25.8,11,0,4,43,5,UPI,0,2,2,No,5.9,6.9,9,0
NET18707,34,Premium,24,669,33.1,24,6,3,47,2,Net Banking,0,1,1,No,7.9,8.3,25,0
NET18708,43,Basic,28,249,27.0,15,2,6,43,4,UPI,0,1,1,No,7.4,4.5,29,0
NET18709,23,Premium,2,669,45.4,29,0,3,73,2,UPI,0,0,0,No,5.2,5.8,3,0
NET18710,29,Premium,10,669,53.8,24,8,6,64,2,UPI,0,0,0,Yes,9.0,6.6,12,0
NET18711,26,Premium+,16,879,54.4,33,7,4,63,4,UPI,1,1,2,Yes,7.0,7.7,19,0
NET18712,20,Basic,1,199,16.7,7,0,1,30,4,Net Banking,0,0,0,No,9.2,8.5,1,0
NET18713,28,Premium,37,649,19.9,10,0,3,62,5,UPI,0,1,1,No,7.5,7.4,41,0
NET18714,40,Basic,10,199,17.4,8,0,6,5,5,UPI,1,0,0,No,7.8,6.7,13,0
NET18715,36,Standard,14,399,27.5,12,5,5,52,3,Credit Card,0,0,0,No,7.2,8.2,18,0
NET18716,36,Standard,2,449,48.3,34,2,4,58,6,Debit Card,0,1,1,No,7.5,6.8,5,0
NET18717,32,Standard,4,419,44.6,30,4,3,79,5,Net Banking,0,1,1,Yes,6.4,6.4,6,0
NET18718,35,Premium,1,699,36.6,23,6,6,38,3,Wallet,1,1,1,No,6.2,5.8,1,0
NET18719,23,Basic,4,219,8.7,4,2,2,31,2,Credit Card,1,0,0,No,8.4,8.8,6,0
NET18720,28,Standard,9,399,3.8,2,2,1,7,2,Credit Card,0,0,1,Yes,7.5,6.7,10,0
NET18721,32,Basic,25,199,55.0,25,8,4,23,3,Net Banking,0,1,2,Yes,4.2,10.0,25,0
NET18722,33,Premium,10,629,6.5,4,2,5,36,1,Net Banking,0,0,0,No,9.0,7.0,15,0
NET18723,33,Basic,3,179,13.1,9,2,2,45,6,Credit Card,1,0,0,Yes,8.7,6.7,8,0
NET18724,29,Premium,1,649,48.3,33,5,2,23,3,Debit Card,1,1,1,No,8.6,9.5,4,0
NET18725,27,Premium,13,649,17.3,10,0,5,42,7,Wallet,0,0,0,No,5.4,8.1,15,0
NET18726,59,Premium,7,669,22.6,16,2,1,41,6,Debit Card,0,0,0,No,6.1,6.6,11,0
NET18727,39,Basic,58,179,7.3,3,0,3,40,3,Wallet,1,1,1,Yes,5.8,9.2,60,1
NET18728,34,Premium,21,649,27.7,18,12,4,47,4,Debit Card,0,0,0,No,8.1,8.0,23,0
NET18729,28,Basic,23,199,29.4,13,2,4,60,3,Credit Card,0,1,1,No,7.0,8.3,26,0
NET18730,26,Premium,1,699,33.1,22,3,3,52,5,Credit Card,0,0,0,Yes,7.6,9.0,4,0
NET18731,29,Premium,21,649,16.6,12,0,3,60,5,Credit Card,0,1,1,No,6.7,9.4,22,0
NET18732,33,Standard,3,399,26.8,16,4,3,42,6,Credit Card,0,1,1,No,4.3,6.1,3,0
NET18733,15,Premium,12,699,24.3,15,6,3,27,3,UPI,1,0,0,Yes,7.5,9.4,14,0
NET18734,16,Basic,8,199,19.1,9,0,4,51,6,Debit Card,0,0,1,No,7.6,9.2,12,0
NET18735,25,Standard,11,379,8.1,4,2,3,58,6,UPI,2,2,3,Yes,8.6,7.1,16,0
NET18736,32,Standard,2,379,14.0,8,4,4,55,1,Credit Card,0,0,0,No,9.8,9.4,7,1
NET18737,28,Premium+,8,879,64.9,32,9,2,38,2,UPI,0,0,0,No,5.5,5.9,11,0
NET18738,44,Premium,1,649,13.2,6,8,2,25,5,UPI,0,1,2,Yes,8.8,9.7,4,0
NET18739,17,Premium,1,649,17.4,13,5,3,39,0,Net Banking,0,2,2,No,3.9,3.9,2,0
NET18740,24,Premium+,15,899,40.0,20,1,2,68,6,UPI,0,0,0,No,8.8,3.6,15,0
NET18741,44,Standard,42,399,79.3,40,6,2,48,4,Debit Card,0,0,0,No,8.8,8.7,47,0
NET18742,32,Premium+,21,949,23.0,15,1,1,35,5,Net Banking,0,2,2,Yes,6.0,6.2,22,0
NET18743,38,Standard,8,399,25.6,13,1,1,21,4,UPI,0,0,0,No,6.6,9.4,11,0
NET18744,49,Premium,1,699,13.9,6,3,3,53,2,UPI,0,0,0,No,8.9,6.5,5,0
NET18745,24,Premium,1,669,25.4,16,8,1,36,1,UPI,0,0,0,No,9.1,4.8,2,0
NET18746,30,Basic,2,179,24.8,18,0,1,42,4,Credit Card,0,0,1,No,7.2,8.5,4,0
NET18747,28,Standard,52,399,3.5,1,1,3,17,5,Net Banking,0,1,1,Yes,9.2,8.8,55,0
NET18748,15,Basic,7,249,6.8,4,5,2,48,7,Credit Card,0,0,0,Yes,2.5,2.5,10,1
NET18749,28,Premium+,25,879,120.3,60,0,5,46,5,Credit Card,1,0,0,Yes,7.6,7.6,26,0
NET18750,38,Basic,17,199,31.8,19,6,4,37,2,Debit Card,0,1,1,Yes,5.6,6.5,21,0
NET18751,35,Standard,13,379,37.3,17,0,2,42,6,Wallet,0,0,0,No,6.5,7.5,14,0
NET18752,36,Premium,41,649,7.8,3,2,2,57,5,Credit Card,0,0,0,No,7.0,4.9,45,0
NET18753,27,Basic,3,199,12.3,7,3,2,54,6,UPI,0,2,3,No,6.5,6.8,6,0
NET18754,25,Standard,8,379,13.7,6,6,2,43,4,UPI,0,0,1,No,4.6,7.2,9,0
NET18755,42,Premium,28,649,53.1,40,2,2,76,7,Debit Card,0,0,1,No,5.6,5.9,28,0
NET18756,26,Basic,11,179,14.3,7,0,3,36,3,Credit Card,0,0,0,No,6.4,7.3,16,0
NET18757,33,Premium,3,669,35.0,17,0,3,18,6,UPI,0,0,0,No,10.0,4.3,4,0
NET18758,32,Standard,3,399,17.2,10,3,4,51,3,UPI,0,1,1,Yes,9.7,6.1,4,0
NET18759,44,Basic,19,199,10.5,5,5,4,26,3,UPI,0,0,0,Yes,8.8,3.8,19,0
NET18760,39,Standard,1,379,13.7,8,16,4,75,5,UPI,1,0,0,No,8.4,7.0,1,1
NET18761,19,Standard,34,449,14.4,10,4,3,65,2,UPI,0,0,0,Yes,5.2,3.6,36,1
NET18762,20,Premium+,1,879,27.4,13,7,4,21,5,Credit Card,0,0,0,No,5.1,9.5,1,0
NET18763,36,Premium,13,699,30.2,19,1,3,42,0,Wallet,0,1,1,Yes,8.1,9.6,17,0
NET18764,30,Standard,12,399,17.0,11,28,2,27,4,Debit Card,2,1,1,No,4.0,9.8,17,1
NET18765,26,Standard,12,399,16.7,11,0,4,28,4,UPI,0,1,1,Yes,6.5,3.8,17,1
NET18766,40,Standard,9,399,21.1,10,4,1,39,3,UPI,0,0,0,Yes,5.9,6.8,11,0
NET18767,32,Standard,26,379,21.3,15,17,3,42,7,UPI,0,0,0,No,8.2,7.1,30,0
NET18768,31,Standard,15,449,16.5,9,3,4,33,3,Debit Card,0,0,0,Yes,4.9,5.9,17,1
NET18769,38,Premium,21,629,39.9,27,14,4,33,5,Net Banking,0,0,0,Yes,7.3,6.3,23,0
NET18770,27,Standard,1,419,14.0,7,5,4,58,8,Credit Card,0,0,0,No,6.2,4.8,6,1
NET18771,45,Basic,1,179,7.3,3,11,4,5,7,UPI,1,1,1,Yes,6.0,7.7,5,1
NET18772,23,Standard,1,379,11.6,6,7,6,37,4,Net Banking,0,0,0,No,7.6,10.0,4,0
NET18773,36,Basic,2,179,17.4,9,5,4,49,2,UPI,2,0,1,No,10.0,9.2,7,1
NET18774,43,Premium,15,629,22.5,12,0,2,36,7,UPI,1,2,2,Yes,6.2,6.2,18,0
NET18775,18,Standard,9,449,10.3,5,2,4,74,3,Credit Card,1,1,1,No,4.7,9.0,10,0
NET18776,27,Standard,19,449,7.0,4,0,3,58,8,UPI,0,0,0,No,5.5,7.3,22,0
NET18777,41,Standard,2,449,31.6,16,4,5,49,2,Credit Card,0,1,1,No,3.6,4.5,7,1
NET18778,41,Premium+,6,919,12.4,6,3,4,62,6,UPI,0,0,0,No,7.4,4.7,7,1
NET18779,29,Basic,30,219,36.7,17,3,1,67,4,UPI,0,1,2,Yes,4.6,6.2,33,1
NET18780,24,Premium,38,629,22.9,16,1,4,39,6,Credit Card,0,1,1,No,7.1,10.0,39,0
NET18781,39,Standard,35,449,20.3,12,10,2,64,3,Debit Card,0,0,0,No,6.2,5.1,40,0
NET18782,41,Premium,23,669,41.6,25,3,5,30,4,UPI,1,0,0,No,6.4,8.2,24,0
NET18783,20,Premium,16,649,21.7,10,1,2,5,5,Wallet,0,0,0,No,4.4,9.3,21,0
NET18784,20,Basic,34,179,24.3,12,1,3,51,5,UPI,0,2,2,No,7.4,8.9,34,0
NET18785,33,Premium,17,649,20.3,11,2,6,49,5,UPI,0,0,0,No,5.0,3.7,22,1
NET18786,36,Premium,43,699,50.9,23,10,5,82,2,UPI,1,0,0,No,7.0,3.5,44,0
NET18787,28,Basic,1,179,18.3,12,2,3,34,2,Wallet,0,2,2,Yes,8.1,7.1,6,0
NET18788,37,Basic,35,179,22.2,13,1,2,42,3,Credit Card,0,0,0,No,8.2,8.8,40,0
NET18789,24,Premium,11,649,38.1,20,13,1,74,4,Credit Card,0,0,1,No,9.2,6.1,15,0
NET18790,15,Premium,1,649,63.3,35,3,2,80,5,Wallet,0,0,0,Yes,4.5,6.2,5,0
NET18791,27,Premium,3,669,21.5,11,6,4,31,1,Net Banking,0,0,0,No,5.0,7.1,4,0
NET18792,31,Premium,26,669,57.6,29,10,1,35,3,Wallet,0,1,2,No,4.3,8.0,30,0
NET18793,28,Premium,9,649,81.7,42,3,4,27,5,Net Banking,0,1,2,No,8.8,7.2,12,0
NET18794,20,Premium,56,649,48.5,25,7,3,33,0,Credit Card,0,1,1,No,3.3,6.7,60,0
NET18795,15,Standard,1,419,27.6,14,3,2,26,3,UPI,0,0,0,No,9.7,8.2,1,0
NET18796,26,Standard,7,399,6.8,3,17,2,37,2,UPI,0,1,1,Yes,4.3,6.1,11,1
NET18797,39,Premium+,5,899,42.1,28,2,3,43,3,Credit Card,0,1,1,No,9.0,9.0,8,1
NET18798,42,Basic,10,179,10.1,5,9,1,10,3,Net Banking,0,0,1,Yes,7.0,8.1,15,0
NET18799,41,Standard,14,399,11.6,6,1,1,38,4,Wallet,0,0,0,No,9.0,6.8,17,0
NET18800,23,Premium,15,649,20.9,10,6,2,24,4,Wallet,1,1,1,No,6.8,7.8,16,0
NET18801,20,Standard,1,399,17.1,11,10,5,45,1,Credit Card,1,1,2,No,6.8,5.9,3,0
NET18802,35,Basic,1,219,33.0,21,7,3,72,6,UPI,1,1,1,Yes,6.0,5.7,4,0
NET18803,36,Basic,1,219,11.5,5,7,3,37,5,UPI,0,0,0,No,5.4,10.0,2,0
NET18804,34,Premium,27,669,15.8,9,3,3,62,4,Wallet,0,0,2,No,7.4,10.0,28,0
NET18805,15,Premium+,5,899,11.1,5,13,1,39,8,Wallet,0,2,3,Yes,4.9,8.8,9,0
NET18806,23,Standard,6,419,26.7,19,2,3,37,5,Credit Card,1,0,0,No,5.6,9.8,10,0
NET18807,30,Standard,8,379,27.1,18,14,2,24,2,UPI,1,1,1,Yes,6.1,4.8,9,0
NET18808,35,Standard,26,419,30.8,20,0,3,72,5,Net Banking,0,0,1,Yes,6.8,4.9,31,0
NET18809,37,Standard,1,399,10.4,6,5,2,51,3,Debit Card,0,1,1,No,7.1,8.0,1,0
NET18810,32,Basic,1,199,11.4,5,5,3,41,3,UPI,1,0,1,No,4.4,7.4,6,1
NET18811,33,Standard,16,379,11.2,6,1,2,56,4,Debit Card,0,0,0,No,7.3,7.9,17,0
NET18812,31,Standard,46,399,13.6,7,8,3,40,8,Wallet,0,0,0,No,8.6,8.2,50,0
NET18813,37,Basic,14,249,11.3,6,1,4,19,4,UPI,1,1,1,Yes,8.0,8.2,17,0
NET18814,33,Basic,4,199,17.2,8,3,1,33,4,UPI,0,0,1,Yes,9.7,6.4,4,0
NET18815,31,Premium,10,669,10.1,6,13,2,64,5,Debit Card,0,1,1,No,5.7,10.0,12,0
NET18816,28,Premium,51,649,13.3,6,3,5,48,4,UPI,0,1,1,No,6.2,4.5,56,0
NET18817,31,Premium+,10,949,38.1,21,10,5,53,3,Credit Card,0,0,0,Yes,7.7,5.0,13,0
NET18818,35,Premium,6,649,9.9,6,0,4,94,2,UPI,1,0,0,No,8.4,5.9,10,1
NET18819,33,Basic,6,219,31.9,18,0,4,43,9,UPI,0,0,2,Yes,5.7,4.8,9,0
NET18820,34,Premium,47,649,14.7,8,1,4,79,3,UPI,1,2,2,Yes,9.5,6.9,50,0
NET18821,43,Basic,17,249,3.5,2,1,2,65,6,Debit Card,0,0,0,No,3.3,9.6,21,1
NET18822,33,Premium,16,649,16.8,11,23,3,57,3,UPI,0,0,0,Yes,5.2,6.9,19,0
NET18823,25,Premium,3,629,18.9,9,0,4,58,5,Net Banking,1,0,2,No,10.0,4.7,4,0
NET18824,38,Premium,11,629,24.5,13,0,4,8,4,Net Banking,1,0,0,No,8.6,5.7,16,0
NET18825,18,Premium+,6,919,23.1,15,1,3,5,4,Credit Card,0,0,0,No,2.7,4.2,6,1
NET18826,21,Premium,3,699,25.2,14,5,3,20,3,Credit Card,0,1,1,No,8.0,8.8,8,0
NET18827,34,Premium,31,699,58.2,31,4,1,48,4,UPI,0,0,1,Yes,7.6,8.1,35,0
NET18828,35,Standard,6,449,16.7,8,7,4,66,3,Debit Card,0,1,1,Yes,5.8,8.3,6,0
NET18829,19,Premium+,4,949,46.8,25,2,2,52,4,Net Banking,0,0,0,No,6.2,7.2,5,0
NET18830,27,Basic,37,249,25.4,16,0,4,21,4,Net Banking,0,1,1,No,7.9,9.9,41,0
NET18831,25,Premium+,3,899,13.1,9,2,1,16,2,UPI,1,2,2,No,7.8,7.3,4,0
NET18832,26,Standard,19,399,25.6,18,8,1,20,5,UPI,0,0,0,No,5.3,5.2,21,0
NET18833,39,Basic,14,249,5.8,4,10,1,79,3,Credit Card,0,2,2,No,5.9,7.2,16,0
NET18834,37,Premium,35,629,72.4,44,2,2,16,3,Wallet,0,0,0,Yes,7.7,10.0,37,0
NET18835,30,Basic,24,199,15.2,9,3,3,74,3,Credit Card,1,0,0,Yes,5.6,7.6,24,0
NET18836,26,Premium,17,669,19.8,9,5,3,57,7,Credit Card,0,0,0,Yes,4.3,8.6,22,0
NET18837,18,Standard,5,419,13.8,10,0,1,60,6,UPI,0,0,0,Yes,6.2,8.1,10,0
NET18838,43,Premium,9,699,60.4,32,0,5,46,3,Debit Card,0,1,2,No,6.5,8.4,11,0
NET18839,36,Premium,40,649,56.7,32,1,1,60,4,Debit Card,0,0,0,No,8.8,7.3,42,0
NET18840,24,Premium,1,649,26.1,18,0,1,36,1,UPI,0,1,1,No,6.1,6.1,2,0
NET18841,37,Standard,22,399,12.2,5,16,4,31,2,Debit Card,0,0,0,No,4.1,7.5,25,0
NET18842,30,Basic,4,199,13.9,6,3,2,41,6,UPI,0,1,1,No,4.2,6.9,7,1
NET18843,28,Premium,2,669,27.1,18,12,5,53,4,Debit Card,0,0,0,Yes,5.1,7.3,7,1
NET18844,34,Basic,3,249,21.8,13,1,2,5,5,UPI,0,0,0,No,9.1,6.2,8,0
NET18845,24,Standard,1,379,29.9,20,8,2,33,3,Net Banking,0,0,0,No,6.7,9.0,3,0
NET18846,27,Premium,67,669,42.0,26,9,2,48,3,Credit Card,0,0,0,No,7.5,8.2,72,0
NET18847,32,Standard,28,419,24.5,16,0,5,50,4,UPI,0,1,1,No,8.2,6.0,31,0
NET18848,26,Basic,10,199,4.9,3,0,6,44,2,Credit Card,1,1,1,No,8.1,7.3,12,0
NET18849,37,Basic,17,199,33.3,18,15,6,35,5,Debit Card,0,1,2,Yes,8.5,9.1,19,0
NET18850,47,Basic,11,179,25.3,15,5,2,31,4,Debit Card,0,0,0,No,6.7,5.7,11,0
NET18851,24,Premium,23,629,59.5,34,2,4,44,5,Wallet,0,0,0,Yes,9.3,6.5,27,0
NET18852,16,Basic,26,199,10.7,8,1,3,26,5,UPI,1,2,2,No,7.7,4.0,29,0
NET18853,15,Premium+,3,949,35.7,18,10,1,12,1,Net Banking,1,0,0,No,4.3,6.9,5,0
NET18854,29,Basic,8,199,8.8,4,1,2,52,4,UPI,0,2,2,No,7.2,8.5,11,0
NET18855,25,Basic,14,249,20.7,9,11,1,7,3,UPI,0,0,0,No,6.0,8.6,14,0
NET18856,32,Standard,53,379,25.3,17,5,3,44,4,Credit Card,0,1,1,No,9.6,6.9,53,0
NET18857,32,Basic,16,199,18.1,10,6,2,58,2,Net Banking,0,0,0,No,5.3,5.4,18,0
NET18858,16,Premium,31,669,20.8,9,3,1,32,2,Credit Card,0,0,0,No,6.8,6.3,34,0
NET18859,15,Premium,26,629,39.6,26,0,6,39,7,Credit Card,1,0,0,Yes,7.4,10.0,29,0
NET18860,33,Basic,12,179,15.5,8,4,2,75,4,UPI,1,1,2,No,10.0,10.0,15,0
NET18861,32,Premium,31,629,24.7,12,7,1,68,4,UPI,0,0,0,Yes,5.8,7.2,31,0
NET18862,27,Standard,6,419,20.1,15,0,2,77,5,Debit Card,0,0,1,No,5.9,7.3,7,0
NET18863,16,Basic,6,249,26.7,19,0,2,38,3,Wallet,0,0,0,No,7.4,6.8,7,0
NET18864,35,Basic,21,199,21.1,14,14,2,76,7,Net Banking,1,3,3,Yes,4.9,4.0,24,0
NET18865,42,Premium+,2,899,38.6,22,6,2,44,5,Debit Card,1,0,0,No,6.6,9.4,5,1
NET18866,33,Basic,5,199,35.8,27,9,3,57,2,UPI,1,1,1,No,8.3,7.3,9,0
NET18867,23,Premium,13,699,18.0,10,0,3,55,2,Net Banking,0,0,0,Yes,7.8,10.0,15,0
NET18868,31,Standard,7,399,9.8,6,3,6,84,2,Debit Card,0,0,0,No,6.7,9.9,7,0
NET18869,18,Basic,39,199,34.2,16,8,2,58,5,UPI,0,0,1,Yes,8.9,6.2,43,0
NET18870,40,Standard,44,399,47.2,27,0,4,36,4,UPI,0,0,0,No,5.8,7.6,47,0
NET18871,31,Premium,9,629,4.1,3,1,2,56,8,UPI,0,0,1,Yes,7.4,8.6,14,0
NET18872,15,Premium,10,629,17.9,10,4,3,85,4,Credit Card,0,0,0,No,3.6,2.3,11,0
NET18873,28,Standard,18,419,23.6,13,13,1,59,5,UPI,0,1,1,No,6.8,7.9,19,0
NET18874,35,Premium,8,649,28.9,18,2,6,36,6,UPI,0,1,2,Yes,7.1,8.1,12,0
NET18875,28,Basic,2,179,6.0,3,10,2,44,5,UPI,0,0,0,No,8.3,5.9,3,0
NET18876,28,Premium+,19,899,17.0,7,0,3,27,5,Debit Card,0,0,0,No,6.7,6.3,20,0
NET18877,19,Premium,18,669,38.0,24,1,3,38,4,UPI,1,2,2,No,6.5,7.1,23,0
NET18878,36,Premium,3,649,116.3,60,0,4,58,5,Net Banking,1,1,3,No,9.4,7.7,5,0
NET18879,25,Premium,25,669,28.6,15,7,2,65,4,Wallet,1,1,1,No,9.1,8.2,28,0
NET18880,15,Standard,13,379,8.6,5,5,5,67,2,UPI,0,0,0,Yes,6.9,8.5,17,0
NET18881,27,Premium,3,649,27.1,12,1,3,46,5,Net Banking,0,0,0,Yes,5.5,7.5,8,0
NET18882,39,Standard,14,399,58.6,29,5,1,15,4,Credit Card,0,0,1,Yes,7.5,10.0,14,0
NET18883,27,Standard,3,399,11.4,8,13,5,31,10,Credit Card,0,0,0,No,7.5,5.7,3,1
NET18884,46,Standard,4,379,41.1,23,3,4,25,4,UPI,0,0,0,No,7.6,4.6,9,1
NET18885,34,Standard,26,449,14.7,10,7,2,40,9,UPI,0,0,0,Yes,5.9,7.7,29,0
NET18886,34,Standard,37,399,51.4,32,2,2,41,4,Net Banking,1,1,2,Yes,7.8,6.1,37,0
NET18887,29,Standard,4,449,22.3,14,7,4,84,6,Net Banking,0,0,0,Yes,7.9,5.1,9,0
NET18888,30,Basic,36,199,13.3,6,12,2,46,4,Wallet,1,0,0,No,8.7,7.2,37,0
NET18889,28,Standard,3,449,25.1,16,5,3,50,4,Debit Card,0,0,0,Yes,7.8,7.6,5,0
NET18890,28,Premium,1,649,37.9,17,2,5,68,3,Credit Card,1,0,1,No,7.4,7.9,5,0
NET18891,35,Standard,1,399,22.5,15,8,5,65,2,Credit Card,0,0,0,Yes,7.9,8.2,5,0
NET18892,22,Premium,3,649,24.6,14,18,3,18,1,UPI,0,1,2,No,9.1,5.8,4,0
NET18893,21,Basic,6,219,17.3,9,0,1,34,6,UPI,0,0,0,No,4.0,2.8,9,0
NET18894,20,Standard,36,419,9.1,5,4,3,19,6,Credit Card,0,0,0,No,3.3,6.9,38,0
NET18895,49,Basic,3,179,5.8,4,1,4,70,2,Net Banking,0,0,0,Yes,8.3,7.5,3,0
NET18896,35,Basic,6,199,22.8,15,1,3,63,3,Wallet,1,2,2,Yes,7.0,4.7,10,0
NET18897,33,Premium,18,649,34.3,19,6,4,12,4,Net Banking,1,0,1,No,9.1,6.3,22,0
NET18898,21,Premium,5,669,10.4,5,19,4,30,3,UPI,2,0,0,Yes,6.8,6.8,8,0
NET18899,36,Basic,16,199,22.1,11,11,2,24,2,Credit Card,0,0,0,No,5.7,7.6,18,0
NET18900,29,Standard,7,379,9.1,5,1,6,63,2,Net Banking,1,0,1,Yes,7.9,7.2,12,0
NET18901,32,Premium,3,649,30.1,13,0,4,36,5,UPI,2,1,1,Yes,9.6,9.8,3,1
NET18902,22,Basic,18,179,12.8,6,5,5,44,3,UPI,0,0,0,Yes,8.2,7.6,22,0
NET18903,32,Basic,1,199,6.2,2,4,1,32,2,Net Banking,0,1,1,No,5.7,10.0,5,1
NET18904,27,Premium,4,699,7.8,5,3,1,52,3,Wallet,0,0,1,No,7.6,7.5,4,1
NET18905,24,Basic,6,249,10.0,6,3,3,51,1,UPI,0,3,5,No,8.4,8.8,8,0
NET18906,37,Premium+,8,879,49.2,25,5,5,15,1,UPI,1,0,0,No,7.3,7.7,10,0
NET18907,17,Premium,15,669,43.6,28,3,1,67,5,Net Banking,1,1,2,No,9.3,9.3,17,0
NET18908,36,Standard,8,419,50.3,31,1,4,22,3,UPI,0,0,0,No,6.1,9.5,12,0
NET18909,37,Standard,12,399,24.2,13,1,2,59,5,Credit Card,0,0,0,No,8.0,10.0,17,0
NET18910,23,Standard,12,449,29.3,16,0,1,37,3,Wallet,0,0,1,No,8.4,5.8,13,0
NET18911,23,Basic,6,249,23.1,15,0,2,35,4,Debit Card,1,0,2,No,5.3,4.4,10,0
NET18912,28,Premium+,38,879,15.8,7,12,4,59,3,Net Banking,0,1,1,Yes,5.6,5.6,41,0
NET18913,33,Premium,43,629,27.5,14,0,2,54,3,Debit Card,1,0,1,Yes,7.1,8.7,46,0
NET18914,29,Basic,12,219,20.2,10,0,3,58,5,Wallet,0,0,0,Yes,5.5,6.2,17,0
NET18915,34,Standard,1,419,17.8,8,10,2,36,5,UPI,0,0,0,No,6.9,7.7,5,0
NET18916,46,Basic,9,219,26.0,18,18,5,21,1,UPI,1,0,0,Yes,1.3,3.2,13,0
NET18917,26,Basic,2,199,23.5,13,1,3,68,3,UPI,0,1,3,No,6.1,4.5,2,0
NET18918,15,Premium,9,699,20.2,14,8,2,55,4,Credit Card,0,1,1,No,8.3,3.4,11,0
NET18919,38,Premium,2,699,23.7,17,1,2,64,3,UPI,0,0,0,Yes,5.9,10.0,7,1
NET18920,46,Standard,17,379,12.3,6,6,3,67,1,UPI,1,0,0,No,8.9,5.2,17,0
NET18921,34,Basic,1,249,15.0,7,6,2,41,2,UPI,1,0,1,No,6.1,8.2,6,1
NET18922,21,Premium,42,629,31.5,23,3,5,83,1,UPI,0,0,1,Yes,6.5,7.9,45,0
NET18923,29,Basic,3,199,17.8,8,12,1,44,4,UPI,0,1,1,Yes,8.2,6.8,6,0
NET18924,20,Premium,15,669,46.4,29,0,2,35,5,Debit Card,0,0,1,No,9.0,8.0,16,0
NET18925,36,Standard,34,399,4.8,2,3,6,50,3,Debit Card,0,0,1,No,6.9,7.3,36,0
NET18926,18,Premium,3,669,23.8,12,5,1,5,3,Debit Card,0,1,2,No,9.0,8.7,5,0
NET18927,28,Premium,38,669,14.7,7,8,4,30,4,Credit Card,0,1,1,No,6.3,8.4,43,0
NET18928,21,Premium,6,629,27.7,15,0,4,29,5,Credit Card,0,0,2,No,7.0,7.4,9,0
NET18929,32,Premium+,45,919,29.7,21,4,1,44,5,Wallet,1,0,0,Yes,4.5,6.3,45,0
NET18930,27,Premium+,49,899,57.6,41,3,3,72,6,Net Banking,0,0,0,No,4.4,7.0,53,0
NET18931,32,Premium,2,649,27.1,18,3,4,66,3,UPI,0,0,0,No,8.4,7.4,4,0
NET18932,31,Premium+,24,879,24.9,11,2,4,72,3,UPI,0,1,1,No,9.3,5.1,28,0
NET18933,22,Premium,3,669,13.4,8,34,4,55,7,UPI,1,0,0,No,6.3,3.7,6,1
NET18934,36,Premium,3,669,35.8,24,1,4,52,4,Credit Card,0,0,0,Yes,7.4,7.4,4,0
NET18935,30,Basic,1,249,18.8,8,8,3,43,4,UPI,0,1,2,No,8.4,7.5,4,0
NET18936,22,Basic,2,179,16.1,12,2,3,58,3,Credit Card,0,0,0,No,2.7,5.1,6,1
NET18937,51,Premium,14,629,15.9,7,6,4,50,3,Credit Card,0,2,2,No,6.5,5.9,17,0
NET18938,35,Standard,8,399,11.1,5,26,5,29,4,UPI,3,0,0,No,10.0,5.4,10,0
NET18939,29,Premium,21,649,8.6,4,3,3,40,4,UPI,1,1,1,Yes,5.4,8.2,26,1
NET18940,43,Standard,5,399,46.7,21,10,2,36,1,Credit Card,0,2,2,No,8.8,6.8,10,0
NET18941,47,Standard,48,399,36.5,22,0,3,26,7,Credit Card,0,1,1,Yes,7.6,7.4,52,0
NET18942,29,Premium,1,649,15.4,11,4,2,48,2,UPI,0,1,1,No,7.9,7.0,5,0
NET18943,34,Premium+,1,899,13.0,8,2,6,64,1,Debit Card,0,1,1,Yes,3.9,6.8,2,0
NET18944,22,Basic,16,199,21.1,15,7,2,66,1,UPI,0,0,0,No,6.8,8.5,18,0
NET18945,29,Premium,30,629,34.3,19,0,3,49,2,Credit Card,0,0,0,No,10.0,6.4,30,0
NET18946,29,Premium,22,649,57.2,26,3,2,42,4,UPI,0,1,1,Yes,6.9,6.1,23,0
NET18947,32,Standard,9,419,28.4,16,4,3,33,7,UPI,0,1,1,No,9.7,5.2,11,0
NET18948,33,Standard,4,449,15.8,9,11,4,31,4,UPI,0,0,0,No,9.8,7.1,9,0
NET18949,36,Basic,1,249,9.9,4,2,4,49,2,Wallet,1,1,1,No,6.6,6.3,1,0
NET18950,33,Basic,9,179,7.2,3,2,3,42,11,Net Banking,1,0,0,No,6.5,8.8,14,0
NET18951,20,Standard,9,449,22.3,10,2,1,41,4,Wallet,1,0,0,No,9.2,4.6,13,1
NET18952,22,Basic,5,249,5.8,2,3,5,66,3,Credit Card,0,1,1,No,7.5,7.4,10,1
NET18953,26,Basic,12,249,28.3,13,1,3,50,9,UPI,0,0,0,No,9.5,9.7,13,0
NET18954,28,Premium,18,669,69.3,36,0,2,74,4,Credit Card,0,3,3,No,8.4,6.3,22,0
NET18955,40,Standard,16,449,28.8,16,27,3,63,2,Credit Card,0,0,0,No,8.5,5.9,20,0
NET18956,20,Premium,4,649,46.3,29,8,2,29,3,Wallet,0,0,0,No,7.2,4.9,8,0
NET18957,27,Basic,12,179,10.2,4,25,2,14,3,UPI,1,0,0,No,7.3,6.8,14,1
NET18958,39,Premium,2,629,28.4,15,6,4,56,3,UPI,0,1,1,No,6.0,8.8,2,0
NET18959,28,Premium,1,629,23.1,10,12,1,57,6,Credit Card,0,0,1,No,7.7,6.8,3,0
NET18960,35,Standard,21,419,36.1,16,3,2,40,1,Debit Card,1,0,1,Yes,6.6,6.6,25,0
NET18961,29,Premium+,16,919,11.5,7,2,3,57,5,Net Banking,0,0,0,Yes,4.7,6.4,17,0
NET18962,33,Premium,20,699,23.5,11,30,3,6,4,Credit Card,0,1,1,Yes,5.6,6.9,25,1
NET18963,28,Premium,2,649,22.5,12,1,3,5,7,Net Banking,0,0,0,No,8.9,6.7,6,0
NET18964,37,Premium,34,699,16.0,8,1,3,19,4,UPI,0,0,0,No,7.6,6.5,34,0
NET18965,17,Basic,1,179,1.7,0,6,5,73,5,Debit Card,1,0,0,No,6.1,6.6,3,0
NET18966,27,Standard,28,399,39.1,17,1,3,55,4,Credit Card,0,2,2,No,7.6,10.0,28,0
NET18967,33,Basic,6,179,7.5,4,3,2,46,4,UPI,0,0,0,No,9.7,9.0,8,0
NET18968,35,Basic,1,199,13.7,9,16,4,55,5,Credit Card,1,0,0,No,8.5,6.7,6,0
NET18969,44,Basic,4,199,16.8,8,1,2,16,3,Debit Card,0,0,0,Yes,5.4,6.5,4,0
NET18970,27,Premium,2,669,57.9,29,4,3,43,6,Net Banking,0,0,0,No,7.9,8.0,2,0
NET18971,44,Basic,9,219,8.9,6,8,3,43,3,Debit Card,2,0,0,No,7.0,7.4,11,0
NET18972,25,Premium+,41,879,9.9,5,0,4,57,1,Debit Card,1,1,2,No,6.2,6.9,43,0
NET18973,42,Standard,5,379,3.6,1,0,1,73,7,UPI,1,1,1,No,4.3,8.0,7,1
NET18974,38,Basic,13,199,23.6,14,8,3,46,4,UPI,0,0,1,Yes,8.0,6.4,16,0
NET18975,22,Standard,31,449,10.0,4,15,4,36,6,Credit Card,0,0,1,No,8.2,5.5,36,0
NET18976,33,Basic,13,199,6.5,3,5,2,24,3,Credit Card,0,0,1,No,7.2,8.8,13,0
NET18977,30,Premium+,6,899,6.3,3,0,6,44,5,Credit Card,0,0,0,Yes,7.5,6.5,9,0
NET18978,36,Premium,65,649,87.2,49,0,4,73,2,Net Banking,1,0,1,Yes,8.7,6.6,68,0
NET18979,28,Basic,2,179,11.0,6,7,3,51,4,UPI,0,1,3,Yes,8.0,4.4,6,0
NET18980,28,Premium+,10,879,46.0,25,5,4,38,5,Debit Card,0,0,0,No,2.7,6.5,13,0
NET18981,43,Premium,22,699,23.1,13,1,4,25,3,Credit Card,1,0,0,Yes,10.0,8.5,25,0
NET18982,30,Basic,1,249,11.2,8,0,3,83,4,UPI,0,0,0,No,7.2,7.0,3,0
NET18983,38,Premium,16,629,51.3,25,13,5,34,7,UPI,0,0,0,Yes,7.1,5.1,18,0
NET18984,28,Premium,4,669,9.8,4,1,4,54,8,UPI,0,0,0,No,7.9,5.8,5,1
NET18985,45,Basic,2,249,21.5,12,32,1,81,8,UPI,1,0,0,Yes,6.3,8.1,7,0
NET18986,24,Premium,4,649,52.2,38,0,5,45,3,Credit Card,0,0,0,No,7.2,6.3,4,0
NET18987,25,Basic,47,179,7.1,4,0,3,34,10,Credit Card,0,0,1,Yes,9.2,6.6,52,0
NET18988,44,Standard,31,399,14.3,10,6,3,39,3,Debit Card,0,0,0,No,7.2,9.4,34,0
NET18989,26,Basic,3,199,10.7,4,1,2,75,4,UPI,0,1,1,No,4.6,8.2,6,0
NET18990,45,Premium+,1,919,101.0,70,6,1,7,1,Wallet,1,1,1,No,6.1,5.9,1,0
NET18991,39,Premium,6,629,18.9,13,1,2,67,4,UPI,0,0,0,Yes,5.8,4.7,11,0
NET18992,29,Basic,12,199,17.6,9,5,2,38,2,Debit Card,0,1,1,Yes,6.7,8.2,14,0
NET18993,15,Standard,28,419,6.4,4,3,3,74,3,Wallet,2,1,1,No,9.7,3.5,30,0
NET18994,30,Basic,47,199,3.8,2,0,1,37,6,UPI,0,0,1,No,8.2,8.0,47,0
NET18995,31,Premium,19,649,25.4,12,7,3,33,6,UPI,0,0,0,Yes,6.3,9.0,19,0
NET18996,41,Basic,12,199,15.6,10,9,2,36,4,Credit Card,0,0,0,No,5.9,5.2,14,0
NET18997,45,Premium,2,649,22.1,10,10,4,46,2,Wallet,0,0,1,Yes,4.1,9.0,2,1
NET18998,24,Premium+,1,949,17.6,9,4,3,18,0,UPI,0,1,1,No,5.9,7.3,6,1
NET18999,38,Premium,12,649,43.4,30,22,2,62,4,UPI,1,0,2,No,6.6,9.5,14,0
NET19000,37,Basic,10,199,14.0,7,9,3,50,4,UPI,0,1,1,No,10.0,8.5,10,0
NET19001,40,Standard,26,419,48.0,35,3,3,20,3,Credit Card,1,0,1,No,6.4,7.3,28,0
NET19002,35,Standard,5,419,37.8,23,0,3,5,4,UPI,0,0,1,No,5.6,7.0,6,0
NET19003,15,Premium,1,629,36.6,27,1,2,40,5,Debit Card,0,0,2,Yes,4.1,7.1,3,1
NET19004,29,Premium,7,629,39.6,23,8,3,28,4,Credit Card,0,0,0,Yes,6.2,8.6,9,0
NET19005,20,Standard,48,399,42.3,20,12,3,20,3,Credit Card,0,1,2,Yes,5.5,9.1,51,0
NET19006,29,Standard,22,449,7.2,3,6,4,28,4,UPI,0,1,1,Yes,6.5,10.0,27,0
NET19007,39,Premium,1,629,24.4,16,2,1,62,1,UPI,1,1,1,No,6.3,4.3,3,0
NET19008,33,Basic,29,199,22.2,15,2,4,17,5,Wallet,0,1,1,No,6.0,6.3,29,0
NET19009,41,Standard,8,419,24.6,12,2,5,54,6,Credit Card,0,1,2,No,8.5,7.4,12,1
NET19010,34,Premium,6,629,48.7,25,4,4,42,2,Net Banking,0,0,1,No,8.4,8.3,6,0
NET19011,19,Basic,5,179,16.8,11,7,4,37,4,UPI,0,1,2,No,10.0,5.5,8,0
NET19012,15,Premium,12,649,34.1,17,1,3,52,6,UPI,0,1,1,No,8.1,9.2,12,0
NET19013,32,Premium,10,649,11.7,5,0,4,34,1,UPI,2,0,0,No,6.3,5.3,11,1
NET19014,29,Premium,14,649,17.3,8,0,3,42,3,Net Banking,0,1,2,Yes,9.0,6.1,18,0
NET19015,22,Basic,11,199,13.9,8,6,1,49,3,UPI,0,0,1,No,4.3,6.7,15,0
NET19016,15,Basic,2,249,20.3,9,11,3,44,3,UPI,2,0,0,No,10.0,4.7,7,1
NET19017,24,Standard,4,379,8.8,5,3,3,45,5,Credit Card,0,0,0,No,3.5,6.9,7,1
NET19018,29,Basic,25,199,26.4,14,2,2,63,6,Net Banking,0,2,2,No,4.8,10.0,30,0
NET19019,36,Premium+,15,899,54.8,27,0,3,15,6,Credit Card,0,0,1,No,4.5,5.4,19,0
NET19020,32,Premium,8,629,18.2,9,0,3,38,1,UPI,0,0,1,No,8.0,8.4,10,0
NET19021,45,Standard,2,399,20.5,12,8,1,57,1,Credit Card,0,0,0,No,10.0,6.7,5,0
NET19022,21,Premium+,1,949,35.4,19,0,5,85,5,Wallet,1,2,2,No,10.0,6.7,6,0
NET19023,38,Premium,5,699,77.7,41,3,5,47,4,Debit Card,0,0,0,No,7.3,10.0,6,0
NET19024,31,Standard,1,449,15.9,10,9,3,42,1,UPI,1,0,0,Yes,8.3,8.1,5,0
NET19025,37,Standard,9,449,11.3,8,10,3,22,4,Wallet,0,0,0,No,8.2,6.0,13,0
NET19026,27,Basic,24,199,11.9,8,6,1,28,3,Debit Card,1,0,1,No,5.7,8.6,27,0
NET19027,40,Premium+,4,949,15.2,11,0,3,50,3,UPI,0,0,0,No,9.4,7.9,8,0
NET19028,33,Standard,26,419,26.8,17,3,2,63,4,Net Banking,0,0,0,No,7.2,6.7,30,0
NET19029,24,Premium,17,699,37.4,23,1,1,51,1,UPI,0,0,0,No,4.6,5.7,18,0
NET19030,30,Standard,1,399,14.5,6,2,1,73,1,UPI,1,0,1,Yes,5.7,7.3,2,0
NET19031,28,Premium,14,629,17.1,12,4,2,11,7,UPI,0,1,1,No,8.5,6.9,17,0
NET19032,35,Basic,2,199,12.6,8,7,3,78,4,Credit Card,1,0,0,Yes,8.2,5.8,6,0
NET19033,20,Premium+,14,879,10.2,5,1,2,69,2,Credit Card,0,1,1,No,7.2,4.1,19,0
NET19034,30,Premium+,2,899,56.3,32,2,3,7,3,Credit Card,0,0,1,Yes,5.4,9.1,2,0
NET19035,34,Standard,6,379,11.3,5,1,2,51,3,Credit Card,0,0,1,Yes,6.7,6.4,9,0
NET19036,31,Premium,11,669,19.9,10,24,2,39,3,Net Banking,0,1,2,Yes,5.5,6.1,16,1
NET19037,43,Premium,1,699,31.3,20,15,4,21,4,UPI,0,1,2,Yes,7.7,8.0,2,0
NET19038,37,Premium+,2,899,6.2,3,6,5,44,6,Credit Card,0,0,1,No,8.4,6.2,2,0
NET19039,30,Standard,5,379,23.0,15,10,3,54,6,UPI,0,0,0,No,6.1,8.4,10,0
NET19040,32,Standard,8,399,20.1,10,7,1,71,10,UPI,0,1,2,No,4.4,3.9,13,0
NET19041,33,Premium,27,699,36.1,27,11,6,22,7,Wallet,0,0,1,No,4.7,7.3,31,0
NET19042,34,Premium,2,649,34.0,22,16,2,27,2,UPI,0,0,0,No,8.3,6.0,5,0
NET19043,15,Standard,5,449,50.7,36,15,2,86,3,Debit Card,0,0,1,Yes,5.4,10.0,8,0
NET19044,28,Premium,9,649,17.3,10,5,1,74,6,UPI,0,0,0,No,9.1,7.6,10,0
NET19045,17,Basic,4,199,15.2,8,20,2,62,3,UPI,1,1,1,No,5.6,9.1,6,0
NET19046,42,Premium,13,649,50.1,32,3,3,33,3,UPI,0,0,0,No,4.1,3.5,15,0
NET19047,30,Basic,4,199,18.7,8,1,4,65,2,Net Banking,0,1,1,Yes,8.1,10.0,6,0
NET19048,29,Standard,20,399,8.3,4,1,2,53,4,UPI,0,0,0,Yes,9.7,9.2,23,0
NET19049,39,Standard,9,399,37.0,20,3,1,12,2,Net Banking,0,0,0,No,5.7,5.9,10,0
NET19050,34,Standard,1,399,35.0,20,1,3,30,3,UPI,0,0,0,No,5.1,10.0,2,0
NET19051,20,Standard,13,379,34.9,16,0,5,48,1,UPI,2,1,1,Yes,8.7,8.0,15,0
NET19052,30,Standard,11,399,14.0,8,3,4,30,3,UPI,0,0,0,No,5.1,4.6,11,0
NET19053,27,Standard,5,399,5.2,2,5,2,54,4,UPI,0,0,0,No,9.3,4.1,7,0
NET19054,15,Basic,1,249,15.0,7,20,3,32,3,UPI,0,1,2,No,8.1,5.3,4,0
NET19055,24,Premium,3,699,14.3,10,5,2,54,4,UPI,0,1,1,No,5.9,4.4,3,0
NET19056,29,Standard,7,449,17.6,8,8,5,25,3,Credit Card,1,0,0,Yes,6.0,9.2,8,0
NET19057,29,Standard,3,399,38.7,26,6,3,22,4,Credit Card,2,1,1,No,4.7,8.8,7,0
NET19058,17,Premium,12,699,38.2,28,2,5,42,4,Credit Card,0,0,0,No,9.4,7.2,17,0
NET19059,41,Premium+,17,879,64.1,42,0,6,47,8,Wallet,0,0,1,No,9.2,5.7,17,0
NET19060,30,Premium,27,649,36.3,26,1,4,26,5,Wallet,0,0,0,No,5.8,6.9,28,0
NET19061,31,Basic,14,249,5.1,2,12,4,77,8,UPI,0,0,0,No,8.8,7.2,14,0
NET19062,34,Premium,16,699,58.3,34,1,5,33,5,Wallet,0,1,1,No,6.6,6.9,18,0
NET19063,23,Premium+,13,879,23.2,13,0,3,54,6,Debit Card,1,0,0,Yes,5.0,5.6,13,0
NET19064,35,Standard,59,419,12.1,6,11,3,44,3,Wallet,1,0,0,Yes,7.0,6.5,59,0
NET19065,27,Premium+,4,919,25.2,14,4,4,51,2,UPI,2,1,1,Yes,8.1,8.0,4,1
NET19066,22,Standard,4,379,16.4,7,6,2,9,6,Credit Card,0,1,1,Yes,7.1,7.0,7,0
NET19067,36,Standard,1,449,28.2,15,10,1,63,10,Credit Card,1,0,0,No,7.1,8.8,6,0
NET19068,44,Standard,9,399,23.8,13,2,4,67,4,UPI,0,0,0,Yes,3.5,6.0,12,0
NET19069,37,Premium,1,699,12.1,7,8,3,49,3,UPI,0,1,1,No,8.2,7.2,6,1
NET19070,39,Basic,4,179,8.1,4,5,1,60,4,Net Banking,0,0,1,No,5.7,7.7,6,1
NET19071,26,Basic,9,179,20.9,9,0,1,54,6,Debit Card,0,0,0,Yes,4.3,7.3,13,0
NET19072,16,Basic,44,199,9.2,7,7,5,49,5,Wallet,0,0,0,No,7.8,7.1,47,0
NET19073,44,Standard,46,379,27.4,19,2,3,21,2,Credit Card,0,1,1,No,7.2,8.6,50,0
NET19074,49,Standard,19,399,10.1,6,1,3,27,3,Credit Card,0,0,2,No,5.6,8.0,22,0
NET19075,44,Standard,6,379,15.1,7,19,3,40,3,Credit Card,1,0,0,Yes,6.6,3.7,7,0
NET19076,27,Standard,28,399,15.2,7,8,5,37,6,UPI,0,0,0,No,7.4,4.9,29,0
NET19077,20,Premium+,29,899,20.4,15,0,1,51,4,Debit Card,1,0,0,No,6.2,7.5,29,0
NET19078,21,Standard,33,449,32.9,23,8,1,52,7,UPI,0,1,1,Yes,4.6,7.7,37,0
NET19079,15,Standard,14,399,12.0,5,11,3,54,2,Debit Card,1,0,0,Yes,9.1,1.0,14,0
NET19080,30,Basic,3,219,33.8,21,2,2,54,5,Net Banking,0,0,0,Yes,5.8,7.1,8,0
NET19081,45,Standard,1,379,24.2,14,2,1,71,2,UPI,1,0,1,Yes,7.1,9.2,1,0
NET19082,29,Basic,34,199,21.7,16,3,5,58,2,UPI,0,0,0,No,8.8,3.2,37,0
NET19083,33,Standard,1,379,5.7,3,3,2,72,3,UPI,0,0,2,No,7.4,10.0,4,0
NET19084,43,Premium,4,699,10.3,4,2,2,35,5,Wallet,0,1,1,No,4.7,10.0,4,0
NET19085,27,Basic,9,249,11.2,6,4,4,28,8,Credit Card,0,1,1,No,7.6,7.5,14,0
NET19086,49,Standard,1,399,14.6,6,21,2,30,5,UPI,0,0,0,No,4.3,4.3,4,1
NET19087,48,Basic,33,249,12.4,7,0,1,12,6,Credit Card,0,1,2,No,9.0,4.5,38,0
NET19088,29,Premium,4,699,35.5,18,24,2,25,4,Wallet,0,0,1,Yes,6.7,7.9,5,0
NET19089,25,Premium,1,629,21.0,13,11,1,50,3,Credit Card,0,0,0,Yes,9.4,7.7,2,0
NET19090,37,Basic,70,219,39.5,22,9,3,34,4,UPI,0,0,0,No,9.2,7.2,74,0
NET19091,27,Standard,5,419,13.3,6,3,2,45,9,Credit Card,0,1,1,No,8.5,10.0,6,0
NET19092,20,Premium+,29,899,40.4,19,0,5,51,2,UPI,0,1,2,No,8.1,5.2,34,0
NET19093,42,Standard,8,449,15.9,11,5,3,13,6,UPI,1,0,0,Yes,7.5,6.6,8,0
NET19094,41,Standard,15,449,20.8,9,13,1,31,3,Net Banking,2,1,1,No,8.5,9.0,17,0
NET19095,32,Standard,3,419,23.4,13,3,4,81,4,Credit Card,1,0,0,No,7.2,10.0,6,0
NET19096,19,Standard,9,399,17.2,11,0,6,55,4,UPI,0,1,1,No,8.2,6.5,9,0
NET19097,19,Premium+,4,949,59.1,28,0,5,84,6,UPI,1,0,1,Yes,10.0,7.7,7,0
NET19098,31,Premium+,42,899,44.1,23,0,5,32,3,UPI,0,0,1,No,6.1,9.9,46,0
NET19099,26,Premium,1,629,23.7,13,5,3,24,5,Net Banking,0,1,1,Yes,5.3,7.8,1,1
NET19100,27,Standard,4,449,8.0,3,28,3,26,9,Debit Card,1,0,0,Yes,10.0,6.2,4,1
NET19101,40,Standard,31,449,27.7,18,7,2,5,3,UPI,0,0,0,Yes,9.3,7.1,31,0
NET19102,37,Standard,9,449,8.4,4,1,4,41,3,Wallet,1,1,1,No,6.7,9.1,13,0
NET19103,43,Premium+,12,919,48.9,22,11,4,24,7,Net Banking,1,0,1,Yes,9.1,5.6,12,0
NET19104,22,Premium,14,669,36.1,19,6,4,54,3,Credit Card,0,1,2,No,7.2,6.4,17,0
NET19105,27,Standard,1,449,29.9,16,2,2,36,4,UPI,1,0,0,No,4.8,8.4,3,1
NET19106,37,Basic,1,249,10.1,7,4,5,34,3,UPI,0,0,0,Yes,6.7,7.3,1,0
NET19107,35,Standard,38,379,3.0,2,3,1,24,3,Debit Card,1,0,0,No,5.3,6.5,42,0
NET19108,44,Premium+,4,879,52.5,28,12,4,33,7,UPI,0,0,0,No,4.0,7.7,8,0
NET19109,34,Standard,6,399,16.2,8,18,2,10,2,UPI,0,1,1,No,6.8,8.5,6,1
NET19110,47,Basic,16,199,6.7,3,0,2,50,4,Net Banking,0,0,0,No,7.0,6.0,20,0
NET19111,35,Basic,3,219,21.7,10,0,5,35,3,Debit Card,0,1,1,No,6.6,8.0,4,0
NET19112,40,Standard,18,399,20.4,12,0,1,46,5,UPI,1,1,1,No,7.9,6.0,23,0
NET19113,28,Premium+,8,879,58.4,30,2,3,40,6,Debit Card,1,0,0,No,7.1,2.7,12,0
NET19114,31,Premium+,27,899,39.9,23,21,3,66,3,Wallet,0,0,0,Yes,5.8,7.5,29,1
NET19115,39,Premium+,4,879,47.5,27,26,1,46,2,Net Banking,0,0,0,Yes,5.7,5.9,5,1
NET19116,45,Premium,3,629,23.7,11,5,4,28,2,UPI,0,0,0,No,5.3,6.9,6,0
NET19117,37,Standard,24,399,23.4,11,3,3,18,3,Wallet,0,1,2,Yes,6.6,6.5,25,0
NET19118,30,Standard,5,379,35.3,16,2,2,28,2,UPI,1,0,0,No,5.9,9.1,7,0
NET19119,43,Standard,7,399,5.4,2,0,1,30,3,Net Banking,1,1,1,No,7.4,9.5,12,0
NET19120,15,Premium,22,649,67.6,34,0,2,5,5,UPI,0,1,1,Yes,6.2,4.2,23,1
NET19121,18,Standard,14,379,15.6,9,0,2,51,2,UPI,1,1,1,No,8.9,9.0,14,0
NET19122,37,Premium,8,629,30.3,21,0,3,63,5,Wallet,0,0,0,No,7.5,6.3,12,0
NET19123,31,Basic,4,199,9.0,4,13,6,51,2,Debit Card,0,1,1,No,7.3,6.8,4,0
NET19124,36,Standard,20,379,24.9,14,0,4,14,3,Credit Card,0,0,0,Yes,6.1,9.6,20,0
NET19125,31,Premium,2,629,62.1,33,2,3,33,5,Credit Card,0,1,1,Yes,8.3,7.4,2,0
NET19126,36,Premium+,36,879,51.3,33,15,3,76,1,Credit Card,0,0,0,No,5.9,6.2,37,0
NET19127,23,Standard,2,399,14.0,9,0,3,42,1,Credit Card,0,0,0,No,3.7,6.4,5,0
NET19128,36,Basic,22,199,9.5,6,1,3,30,2,Debit Card,1,2,2,No,8.8,6.7,27,0
NET19129,39,Premium+,7,899,14.6,7,1,4,50,7,Net Banking,0,2,2,No,3.7,9.1,11,0
NET19130,41,Premium,2,629,16.1,7,0,3,33,3,UPI,0,0,1,No,7.1,5.8,3,0
NET19131,49,Standard,7,449,7.1,3,14,4,25,0,Wallet,0,3,3,No,7.8,6.3,12,0
NET19132,33,Standard,3,379,13.2,6,11,1,74,4,Credit Card,0,0,0,No,7.0,5.8,3,0
NET19133,33,Standard,2,399,41.4,19,2,4,59,5,UPI,0,1,1,No,7.4,5.1,4,0
NET19134,17,Standard,3,399,37.8,24,8,3,41,4,Debit Card,0,1,2,No,6.8,7.2,5,0
NET19135,26,Premium,28,669,12.3,9,4,3,33,1,UPI,1,0,0,Yes,7.1,8.5,28,0
NET19136,29,Basic,1,249,5.2,3,6,2,44,7,Debit Card,0,2,2,No,8.5,8.2,4,0
NET19137,40,Basic,50,199,18.0,9,7,2,46,2,Wallet,2,1,1,No,3.2,9.0,55,0
NET19138,25,Basic,1,199,33.0,15,8,1,65,5,Credit Card,0,0,0,Yes,5.8,5.9,5,0
NET19139,38,Standard,15,379,33.2,15,13,3,5,5,Net Banking,2,2,2,No,6.5,6.9,20,0
NET19140,30,Basic,27,199,16.7,8,9,3,52,4,UPI,1,0,0,No,7.4,10.0,28,0
NET19141,29,Basic,38,199,28.1,14,7,4,48,2,Credit Card,1,1,2,No,10.0,5.6,41,0
NET19142,33,Basic,2,199,11.4,7,5,3,61,3,Debit Card,0,0,0,Yes,10.0,6.5,4,1
NET19143,27,Basic,16,199,14.2,10,1,4,52,5,UPI,0,0,0,No,10.0,4.6,16,0
NET19144,27,Standard,1,399,23.7,13,1,6,66,2,UPI,0,0,0,No,9.2,7.7,2,0
NET19145,15,Basic,6,219,15.4,9,0,4,43,4,Wallet,0,0,0,Yes,7.9,7.8,9,0
NET19146,28,Premium,18,629,20.8,14,1,1,5,4,Credit Card,0,0,0,Yes,8.6,6.0,23,0
NET19147,26,Standard,5,399,11.3,6,4,4,47,4,Wallet,1,0,0,No,8.9,9.6,8,0
NET19148,26,Basic,5,179,20.2,11,18,3,53,3,UPI,2,2,2,No,8.1,6.7,8,0
NET19149,34,Standard,1,449,28.3,14,0,3,55,6,Debit Card,0,1,2,No,8.8,10.0,6,0
NET19150,36,Premium+,1,899,17.8,8,3,5,72,5,UPI,1,0,1,Yes,7.8,8.1,2,0
NET19151,33,Premium+,1,899,80.8,46,2,3,56,8,Net Banking,1,0,0,Yes,7.4,10.0,5,0
NET19152,39,Basic,29,249,54.1,25,9,2,18,6,Credit Card,0,3,3,No,4.5,7.5,34,0
NET19153,36,Premium,1,649,23.0,11,1,4,31,4,Wallet,0,1,1,No,6.4,4.6,2,1
NET19154,28,Standard,16,419,31.1,18,1,1,55,9,Net Banking,0,1,1,No,4.9,6.7,21,0
NET19155,26,Basic,20,199,20.2,12,5,2,25,4,UPI,1,0,0,No,5.8,10.0,20,0
NET19156,33,Standard,11,399,13.2,8,14,2,62,2,UPI,1,1,1,No,3.6,5.8,12,0
NET19157,36,Standard,18,449,24.0,13,9,1,56,5,Credit Card,0,0,0,Yes,6.4,8.0,21,0
NET19158,43,Standard,14,449,23.7,14,2,3,31,3,UPI,0,0,0,Yes,7.6,6.8,18,0
NET19159,41,Premium,8,699,52.2,30,6,2,21,6,Credit Card,1,1,1,No,3.9,9.6,12,1
NET19160,26,Premium,6,649,9.7,5,1,2,46,1,UPI,0,1,1,Yes,6.4,7.2,6,0
NET19161,30,Basic,39,179,26.3,18,3,5,52,3,Net Banking,0,1,1,No,7.1,7.4,39,0
NET19162,37,Standard,50,379,21.8,10,4,3,40,2,UPI,0,0,0,Yes,7.9,8.0,52,0
NET19163,40,Standard,14,399,89.4,63,1,1,60,5,UPI,0,1,1,No,6.7,5.7,16,0
NET19164,39,Standard,3,399,27.4,16,3,1,52,2,UPI,1,0,1,No,5.4,7.6,5,0
NET19165,30,Premium+,8,899,38.9,26,0,4,39,3,Credit Card,1,1,2,Yes,7.1,7.6,9,0
NET19166,19,Premium,9,629,29.4,18,15,4,22,7,UPI,0,0,0,Yes,10.0,5.5,13,0
NET19167,22,Premium+,19,899,20.5,11,18,3,73,4,UPI,0,0,1,No,9.6,3.0,19,1
NET19168,33,Premium,15,699,23.4,11,6,2,75,2,Debit Card,0,0,0,No,7.4,6.9,17,0
NET19169,34,Standard,10,399,16.2,8,1,2,38,1,Credit Card,0,0,0,No,5.1,8.7,10,1
NET19170,21,Standard,15,399,39.4,24,5,4,41,4,Wallet,0,0,2,No,10.0,6.6,17,0
NET19171,31,Standard,1,419,16.9,9,1,6,82,4,Net Banking,0,0,1,No,4.7,10.0,2,0
NET19172,36,Standard,20,399,12.2,7,7,4,37,4,Debit Card,0,0,0,No,8.4,7.5,25,0
NET19173,20,Premium,3,699,53.6,26,2,4,46,5,Credit Card,1,1,1,No,8.7,8.4,4,0
NET19174,40,Standard,14,399,14.0,8,4,4,36,2,Debit Card,0,1,1,No,7.0,6.5,17,0
NET19175,27,Standard,1,419,17.5,8,0,4,40,6,Debit Card,0,0,0,No,7.6,9.0,1,0
NET19176,42,Premium,1,669,14.6,9,33,5,29,6,Wallet,0,0,0,No,6.5,6.9,6,1
NET19177,26,Premium,1,649,47.1,24,6,4,66,3,Debit Card,0,0,1,Yes,7.3,4.4,6,0
NET19178,21,Standard,33,399,54.3,25,16,3,46,4,Debit Card,0,0,1,No,5.3,5.2,36,0
NET19179,26,Premium,12,649,38.0,27,8,4,40,4,Wallet,0,0,0,No,10.0,7.2,17,0
NET19180,30,Basic,6,179,7.6,4,4,3,25,1,UPI,0,1,1,No,5.0,6.4,7,0
NET19181,27,Standard,21,419,16.6,9,8,4,64,4,Wallet,1,0,0,Yes,6.2,5.6,26,0
NET19182,29,Basic,13,199,26.0,14,3,2,45,4,Credit Card,1,0,1,Yes,9.1,6.7,14,0
NET19183,34,Basic,13,179,14.9,10,19,1,36,8,Debit Card,0,0,0,Yes,8.1,4.9,18,0
NET19184,29,Premium,9,699,13.4,10,8,4,57,4,Credit Card,0,0,1,No,9.9,6.8,14,0
NET19185,30,Standard,1,399,36.0,26,0,4,48,4,Wallet,0,1,2,No,8.4,8.9,1,0
NET19186,15,Premium,4,649,26.9,17,18,3,5,9,Debit Card,1,1,2,No,5.8,10.0,7,0
NET19187,34,Premium,1,649,36.5,17,5,5,67,11,UPI,0,1,1,No,5.3,8.0,6,0
NET19188,30,Basic,15,219,38.1,18,3,4,49,6,UPI,0,0,0,No,7.6,6.5,20,0
NET19189,45,Premium,4,699,39.9,18,9,2,49,3,Wallet,0,0,0,No,7.0,6.2,7,0
NET19190,22,Standard,8,379,9.4,4,1,4,25,5,Credit Card,0,1,1,No,7.5,7.4,11,0
NET19191,15,Basic,6,249,16.1,9,19,2,49,2,UPI,0,1,3,Yes,8.5,7.1,6,0
NET19192,36,Premium,2,629,53.7,25,1,2,31,2,Debit Card,0,0,2,Yes,6.1,4.2,2,0
NET19193,34,Premium,44,669,8.3,4,2,2,42,9,Credit Card,1,0,0,No,9.3,7.7,44,1
NET19194,21,Standard,37,449,25.3,13,13,6,48,7,UPI,1,0,1,No,8.6,7.5,41,0
NET19195,17,Premium+,1,899,34.4,19,5,4,50,6,UPI,0,0,0,Yes,5.7,10.0,6,0
NET19196,44,Standard,24,449,17.1,8,11,1,25,4,UPI,0,0,0,Yes,10.0,6.3,25,0
NET19197,43,Premium+,9,919,7.4,3,1,6,52,3,Debit Card,0,0,0,Yes,4.6,8.8,13,1
NET19198,15,Standard,20,419,8.9,4,9,1,7,4,Debit Card,1,0,1,No,5.3,10.0,24,0
NET19199,26,Basic,2,219,21.5,14,1,3,34,1,UPI,0,0,0,No,8.0,6.6,3,0
NET19200,45,Standard,1,379,32.5,23,8,1,33,6,Debit Card,1,0,2,Yes,9.2,7.6,6,0
NET19201,26,Basic,30,249,12.7,9,1,3,5,4,UPI,0,0,0,Yes,3.2,6.3,32,0
NET19202,26,Standard,31,399,7.4,3,2,3,45,3,Wallet,1,0,0,No,6.7,9.0,33,0
NET19203,28,Premium,8,649,37.3,24,3,4,32,3,UPI,0,1,1,No,8.7,8.4,10,0
NET19204,20,Standard,28,399,29.8,15,15,1,61,2,UPI,1,0,0,No,8.9,6.6,28,0
NET19205,15,Basic,15,219,20.5,13,7,3,32,5,Wallet,1,0,1,No,8.4,8.6,15,0
NET19206,40,Standard,2,399,10.2,6,1,1,56,7,Credit Card,0,0,0,Yes,6.2,6.5,5,0
NET19207,15,Basic,5,219,11.9,9,3,6,42,1,UPI,0,0,0,No,7.8,7.5,8,0
NET19208,33,Premium,2,649,48.0,34,2,3,48,5,UPI,0,2,3,No,5.4,5.0,6,0
NET19209,38,Premium,20,699,41.5,30,16,4,65,4,Credit Card,1,0,0,No,7.0,8.2,23,0
NET19210,17,Premium+,59,899,56.4,28,1,1,18,5,Credit Card,0,0,1,No,5.6,6.9,59,0
NET19211,22,Basic,11,219,7.6,3,14,2,37,5,UPI,2,0,1,No,4.9,8.1,15,1
NET19212,41,Standard,14,379,6.8,4,10,2,53,3,Debit Card,0,0,1,No,5.4,5.6,17,0
NET19213,35,Standard,19,379,19.9,11,0,1,92,4,UPI,0,1,1,Yes,9.2,6.8,22,0
NET19214,25,Premium+,3,899,72.5,50,0,1,43,4,UPI,1,0,1,Yes,8.1,7.0,5,0
NET19215,41,Premium,5,699,28.0,13,7,3,74,5,Credit Card,0,0,0,No,7.9,9.0,5,0
NET19216,41,Basic,7,219,11.1,5,7,2,55,8,Credit Card,1,0,0,Yes,7.1,9.4,11,0
NET19217,33,Standard,12,399,48.9,24,1,4,62,7,UPI,0,1,2,No,7.2,7.5,13,0
NET19218,22,Premium,26,699,34.5,22,6,3,26,2,Credit Card,0,0,0,No,9.3,10.0,31,0
NET19219,27,Premium,4,649,29.1,18,6,2,55,2,Debit Card,0,0,0,No,9.5,5.7,7,0
NET19220,33,Premium,8,699,21.4,14,0,1,29,2,Debit Card,0,0,0,No,9.1,6.4,8,0
NET19221,29,Basic,19,199,11.6,8,2,5,53,2,UPI,0,0,1,No,5.9,4.6,23,1
NET19222,39,Premium+,1,949,21.3,15,14,4,29,4,Debit Card,1,1,1,No,4.5,6.3,6,0
NET19223,17,Basic,10,219,14.2,6,13,5,53,5,UPI,0,1,1,No,7.8,6.4,10,0
NET19224,17,Premium+,2,899,23.3,10,6,3,23,5,UPI,0,0,0,Yes,7.2,4.7,2,0
NET19225,32,Premium,10,649,59.3,43,6,3,42,1,Wallet,2,1,1,No,7.1,6.6,14,0
NET19226,26,Premium,20,649,20.2,11,11,2,27,4,Net Banking,1,1,1,No,6.8,6.1,22,1
NET19227,25,Premium,3,669,13.0,5,2,3,45,4,UPI,1,0,0,Yes,6.8,5.9,8,0
NET19228,15,Basic,26,199,11.1,8,0,1,5,3,UPI,0,0,1,No,4.6,7.9,28,0
NET19229,31,Basic,5,199,16.1,8,11,3,21,7,UPI,0,0,1,Yes,8.2,7.6,8,0
NET19230,30,Basic,2,199,7.0,5,2,2,57,3,UPI,1,0,0,Yes,5.8,7.6,4,1
NET19231,36,Basic,8,249,6.1,3,6,3,24,3,UPI,1,0,0,Yes,7.4,7.4,11,0
NET19232,31,Standard,29,449,39.6,29,4,4,39,5,UPI,0,1,1,No,8.4,6.2,32,0
NET19233,29,Basic,1,179,16.6,9,0,1,38,5,UPI,0,0,0,No,6.4,9.0,5,0
NET19234,41,Premium,5,629,48.3,24,3,4,67,6,UPI,1,2,3,No,5.9,5.7,5,1
NET19235,19,Standard,14,399,17.4,13,1,3,59,4,Debit Card,1,1,3,Yes,6.0,8.0,15,0
NET19236,35,Premium,6,649,7.1,4,0,6,96,4,Debit Card,0,1,1,No,9.0,4.4,7,0
NET19237,15,Premium,1,649,40.5,25,4,1,25,5,UPI,0,0,0,No,5.9,3.6,3,1
NET19238,23,Standard,5,399,20.4,10,4,2,47,4,UPI,0,0,0,Yes,6.0,5.2,9,0
NET19239,20,Basic,24,219,14.7,8,2,4,38,1,UPI,0,0,0,Yes,9.0,6.7,25,0
NET19240,38,Standard,48,379,36.5,27,2,4,26,2,Credit Card,0,0,0,No,4.7,10.0,48,0
NET19241,30,Premium,1,649,24.5,15,3,3,52,3,Credit Card,0,2,2,No,5.9,8.8,4,0
NET19242,30,Standard,11,419,22.1,12,5,2,41,4,Debit Card,0,0,0,No,8.6,8.6,14,0
NET19243,21,Standard,1,449,30.1,21,20,3,39,2,Wallet,0,0,0,Yes,6.4,6.5,5,0
NET19244,28,Premium,15,629,13.5,6,3,1,42,3,Debit Card,0,1,2,Yes,8.4,5.1,17,0
NET19245,24,Basic,1,199,32.0,15,16,4,40,3,UPI,0,0,0,No,7.1,7.6,1,0
NET19246,34,Premium,1,699,71.7,51,6,6,91,1,UPI,0,0,0,Yes,8.7,9.6,3,0
NET19247,22,Standard,21,449,13.9,6,5,3,60,3,UPI,1,1,1,No,9.0,6.1,23,1
NET19248,42,Premium,1,669,20.6,11,4,2,41,8,Credit Card,0,0,1,No,6.5,9.2,5,0
NET19249,15,Premium+,5,899,25.2,12,0,3,54,6,Wallet,0,2,2,No,6.4,6.4,8,0
NET19250,23,Premium,44,649,16.7,8,1,1,12,4,Credit Card,1,0,0,No,5.1,7.8,46,1
NET19251,46,Standard,59,419,21.8,10,37,5,42,6,Credit Card,1,0,0,No,10.0,10.0,61,0
NET19252,27,Basic,2,249,1.1,0,8,3,49,5,Credit Card,0,0,0,No,8.9,4.9,2,0
NET19253,19,Premium,11,629,37.3,16,6,2,23,0,UPI,2,0,2,No,7.6,8.4,16,1
NET19254,32,Standard,11,449,36.7,17,5,1,49,6,UPI,0,0,0,No,6.9,7.3,14,0
NET19255,26,Basic,8,219,4.7,2,6,2,29,4,UPI,1,2,2,No,8.2,6.5,10,1
NET19256,23,Premium,36,699,21.6,13,6,4,46,1,Credit Card,0,0,1,No,7.9,6.3,41,0
NET19257,21,Standard,19,449,18.7,10,1,5,52,4,Credit Card,0,0,1,No,6.6,8.5,20,0
NET19258,55,Basic,20,249,3.7,1,9,3,35,3,Debit Card,0,0,0,No,6.9,5.9,25,0
NET19259,28,Premium+,4,949,31.2,19,3,3,20,7,Net Banking,0,1,1,Yes,10.0,7.6,5,0
NET19260,15,Standard,7,379,44.4,24,7,1,29,3,Debit Card,0,0,0,No,8.6,7.0,10,0
NET19261,44,Standard,9,399,24.2,11,2,5,43,2,Debit Card,0,0,0,Yes,7.3,7.2,12,0
NET19262,36,Premium,4,649,22.6,10,5,4,55,5,Credit Card,0,0,0,No,7.6,8.8,8,0
NET19263,24,Premium,1,649,46.3,24,7,2,50,4,UPI,0,0,1,Yes,5.6,7.7,6,0
NET19264,22,Basic,1,199,11.1,7,5,4,41,3,Credit Card,0,0,1,Yes,6.8,5.2,3,0
NET19265,37,Premium,2,649,29.7,14,6,2,64,2,UPI,0,2,2,Yes,9.3,6.9,3,0
NET19266,28,Premium,3,649,29.5,19,1,2,47,0,Credit Card,0,2,2,No,7.2,7.8,8,0
NET19267,15,Basic,3,249,11.4,8,4,3,41,6,Debit Card,1,0,0,No,9.5,7.9,4,0
NET19268,47,Standard,4,449,24.6,15,1,2,57,6,UPI,2,0,0,No,4.2,6.2,7,1
NET19269,27,Basic,8,179,9.3,6,2,2,38,5,UPI,0,0,0,Yes,6.7,8.6,11,1
NET19270,44,Premium,9,699,20.5,11,9,2,40,1,Net Banking,2,0,0,Yes,6.9,7.6,9,0
NET19271,42,Premium,5,699,28.2,21,0,4,59,3,Credit Card,0,0,1,Yes,5.5,6.3,5,0
NET19272,21,Basic,33,199,11.1,5,1,6,57,5,UPI,0,0,0,Yes,3.6,6.1,36,0
NET19273,40,Premium,11,629,46.7,27,9,4,40,1,UPI,0,0,0,Yes,6.1,6.1,11,0
NET19274,25,Premium,21,629,40.2,26,11,5,23,2,Debit Card,0,1,2,No,10.0,7.3,24,1
NET19275,15,Standard,36,399,12.2,7,1,3,34,7,Wallet,0,2,2,Yes,9.5,7.1,41,0
NET19276,27,Premium,2,649,13.2,9,1,2,60,7,Wallet,0,0,0,No,9.8,7.0,5,0
NET19277,34,Basic,7,179,18.0,11,9,4,58,4,UPI,0,1,1,Yes,4.5,6.9,11,0
NET19278,26,Premium+,7,919,25.4,18,7,2,55,3,Credit Card,0,0,0,No,4.5,6.0,7,0
NET19279,28,Standard,6,399,53.1,31,4,3,37,3,UPI,0,0,0,No,8.1,6.5,8,0
NET19280,41,Premium,1,649,18.6,10,3,1,61,5,UPI,0,1,1,No,4.6,4.9,3,0
NET19281,31,Premium,23,629,7.8,3,12,3,64,5,Credit Card,0,0,0,No,6.9,7.7,28,0
NET19282,23,Standard,1,419,17.9,9,1,2,60,6,UPI,0,1,2,Yes,5.5,7.2,5,0
NET19283,37,Premium,75,669,36.0,19,6,3,50,6,Credit Card,1,0,0,No,6.6,4.9,77,0
NET19284,32,Premium,20,649,99.6,71,4,4,66,1,Debit Card,0,0,2,Yes,6.4,10.0,22,0
NET19285,15,Premium+,12,919,29.2,18,1,2,34,3,UPI,0,0,0,No,8.3,5.8,17,0
NET19286,34,Standard,2,399,51.6,25,1,5,65,5,UPI,1,0,0,No,9.2,5.8,7,0
NET19287,34,Basic,10,249,23.1,12,0,6,34,3,UPI,0,2,2,No,7.2,6.7,14,0
NET19288,31,Premium+,4,879,26.0,15,1,3,51,6,UPI,0,0,0,No,7.9,7.1,5,0
NET19289,39,Premium,4,649,14.7,8,5,4,27,5,UPI,0,0,1,Yes,6.1,6.6,8,1
NET19290,24,Premium,24,629,31.6,22,2,3,29,5,Credit Card,0,0,0,No,8.0,9.0,28,0
NET19291,34,Premium+,6,919,49.7,37,4,2,30,5,Debit Card,0,1,1,No,8.0,6.3,6,0
NET19292,16,Basic,8,179,22.6,15,3,2,58,1,UPI,0,0,0,No,6.4,9.2,10,0
NET19293,34,Standard,25,399,43.3,27,4,2,52,8,Credit Card,0,0,0,Yes,6.8,4.2,27,0
NET19294,48,Basic,1,249,30.3,19,18,1,36,3,Credit Card,0,0,0,No,6.1,8.1,2,0
NET19295,22,Premium,12,649,15.1,7,1,1,68,6,UPI,0,0,1,Yes,10.0,8.8,16,0
NET19296,24,Premium,12,649,21.9,15,6,2,36,3,Credit Card,0,0,0,Yes,4.9,7.6,15,0
NET19297,24,Premium+,7,879,46.2,23,3,3,49,2,UPI,0,1,1,No,5.9,8.7,8,0
NET19298,32,Standard,24,399,2.9,1,6,3,52,6,Credit Card,0,0,1,No,9.5,5.4,25,0
NET19299,21,Premium,40,669,5.8,4,5,1,48,5,Wallet,1,0,1,No,8.7,7.8,42,1
NET19300,34,Premium+,8,919,28.8,15,8,2,23,4,Credit Card,1,0,0,No,10.0,5.8,10,0
NET19301,38,Premium,8,649,19.0,11,4,1,47,8,UPI,0,1,1,No,7.8,5.0,10,0
NET19302,35,Basic,9,199,4.8,3,7,4,20,3,UPI,1,1,1,Yes,4.2,6.7,11,1
NET19303,15,Premium,17,629,14.6,7,7,1,62,3,Debit Card,0,0,0,Yes,5.3,7.1,18,0
NET19304,39,Premium+,15,899,28.2,14,1,2,32,9,Credit Card,0,1,2,Yes,7.9,9.1,20,0
NET19305,39,Premium+,3,949,22.8,10,15,3,44,1,Debit Card,2,0,0,No,8.1,8.5,7,1
NET19306,38,Premium,1,649,33.5,18,7,2,47,7,Net Banking,0,0,0,No,6.9,7.5,6,0
NET19307,34,Premium,41,649,5.8,3,0,6,44,3,Net Banking,0,0,0,No,5.1,8.9,46,0
NET19308,32,Basic,4,249,34.0,19,11,4,27,0,Net Banking,1,0,0,No,8.0,7.2,6,0
NET19309,40,Basic,14,199,14.8,9,1,2,58,3,UPI,1,1,2,No,8.8,7.0,14,0
NET19310,48,Premium+,24,949,62.4,43,1,3,46,4,Credit Card,0,0,0,No,1.2,5.7,25,0
NET19311,22,Basic,4,219,3.4,2,2,4,41,5,Credit Card,0,1,1,Yes,4.8,5.4,7,1
NET19312,40,Basic,14,219,6.5,4,5,4,47,6,UPI,0,0,1,Yes,7.7,5.6,17,0
NET19313,30,Standard,1,399,13.7,6,13,4,58,4,Debit Card,0,0,1,Yes,4.4,6.7,5,1
NET19314,29,Standard,49,399,12.3,8,13,2,67,4,UPI,0,0,0,No,8.0,8.1,50,0
NET19315,17,Premium,1,669,65.4,44,2,1,40,1,Debit Card,1,1,2,Yes,5.8,5.6,2,0
NET19316,28,Standard,8,379,15.0,6,10,2,63,3,UPI,1,0,0,Yes,5.2,10.0,9,0
NET19317,22,Premium+,10,919,41.2,30,4,1,45,3,UPI,0,0,0,Yes,3.8,7.6,15,1
NET19318,26,Premium+,21,919,80.8,37,3,3,38,4,UPI,0,1,1,Yes,4.5,6.3,21,0
NET19319,21,Standard,1,399,9.0,6,3,2,47,4,Credit Card,0,1,1,No,8.2,7.8,1,0
NET19320,26,Standard,8,449,3.9,2,1,2,21,5,Credit Card,0,0,1,Yes,6.8,2.8,13,0
NET19321,27,Premium,4,629,65.5,39,3,2,76,3,Credit Card,1,0,0,No,5.1,5.2,6,0
NET19322,31,Premium,5,629,34.8,20,3,2,87,5,Credit Card,0,0,0,No,8.4,8.9,10,0
NET19323,16,Standard,21,449,7.5,3,5,2,48,4,Debit Card,0,0,0,No,7.3,5.8,24,0
NET19324,17,Standard,1,399,14.9,7,5,3,35,5,UPI,0,0,0,No,7.8,7.1,6,0
NET19325,34,Standard,19,419,36.4,16,0,5,55,7,UPI,2,0,0,Yes,8.9,6.9,19,0
NET19326,23,Basic,23,249,28.1,14,2,1,27,6,UPI,0,1,1,No,7.7,7.0,26,0
NET19327,40,Standard,32,379,20.6,11,2,4,39,2,UPI,0,0,0,Yes,5.2,5.8,37,0
NET19328,33,Premium,13,629,27.8,19,7,3,90,0,Wallet,0,0,0,Yes,4.9,8.8,14,0
NET19329,36,Premium,5,669,58.6,33,6,4,47,2,UPI,0,2,2,Yes,4.4,7.2,5,0
NET19330,43,Premium,7,669,34.8,19,27,3,43,4,Wallet,0,1,2,No,10.0,8.0,10,1
NET19331,28,Standard,48,399,12.4,6,7,1,33,3,UPI,1,0,0,Yes,6.4,7.7,48,0
NET19332,25,Premium,29,699,26.2,16,1,3,49,6,UPI,0,1,1,No,8.7,7.6,30,0
NET19333,38,Basic,8,219,12.3,8,2,3,17,3,Wallet,1,0,0,No,6.7,6.4,9,0
NET19334,35,Standard,40,399,3.4,1,1,4,71,3,Debit Card,1,0,0,Yes,6.8,9.1,41,0
NET19335,29,Premium,24,649,28.8,21,11,2,69,5,Credit Card,0,0,0,Yes,5.3,8.0,26,0
NET19336,43,Premium,32,629,8.8,6,11,5,77,2,Credit Card,0,0,1,No,7.0,9.0,37,0
NET19337,29,Standard,16,449,25.1,14,14,3,43,4,UPI,0,0,0,No,10.0,6.7,19,0
NET19338,31,Premium,27,649,45.1,21,6,1,33,3,UPI,0,1,1,Yes,10.0,7.6,29,0
NET19339,31,Premium+,31,949,32.1,23,1,3,16,4,Wallet,0,2,3,Yes,5.5,8.0,35,0
NET19340,22,Standard,1,449,9.2,4,13,3,34,1,Credit Card,0,0,0,No,4.1,5.8,5,1
NET19341,31,Premium,47,669,12.1,7,1,2,59,8,Debit Card,0,1,1,Yes,6.7,7.6,47,0
NET19342,43,Premium+,5,899,28.1,20,2,1,45,6,Net Banking,1,1,3,No,4.1,6.5,5,0
NET19343,35,Premium,8,699,32.3,15,0,1,58,5,Net Banking,1,1,1,Yes,8.8,6.0,8,0
NET19344,31,Standard,21,399,62.5,28,1,5,48,6,UPI,1,0,0,Yes,5.3,6.2,23,0
NET19345,29,Basic,15,249,12.8,9,3,2,49,3,UPI,0,1,1,No,7.0,7.1,20,0
NET19346,33,Standard,31,399,12.6,5,6,2,54,4,UPI,0,2,3,Yes,7.3,6.4,32,0
NET19347,37,Standard,7,379,7.8,4,20,3,34,2,UPI,0,0,0,No,4.8,7.9,7,0
NET19348,36,Premium,6,699,31.9,21,0,2,7,2,UPI,0,2,3,No,7.5,6.2,6,0
NET19349,28,Standard,1,399,59.6,31,0,5,31,5,Wallet,0,0,1,Yes,6.2,6.2,6,0
NET19350,33,Premium+,8,879,27.6,13,4,2,33,3,UPI,0,0,2,No,8.1,5.3,12,0
NET19351,35,Standard,18,379,39.5,22,36,2,42,4,Credit Card,0,0,0,No,7.1,9.4,19,0
NET19352,21,Premium,5,669,19.1,9,2,2,49,5,Net Banking,0,0,0,No,8.4,10.0,7,0
NET19353,32,Standard,8,419,35.5,19,4,4,46,3,Debit Card,0,0,0,No,6.9,6.2,13,0
NET19354,15,Standard,3,449,25.9,17,1,5,80,5,UPI,0,0,0,No,6.2,7.6,4,0
NET19355,35,Premium,20,649,13.6,7,4,2,21,5,UPI,0,1,1,No,7.3,5.5,24,0
NET19356,36,Standard,1,419,17.5,9,1,5,37,5,UPI,0,0,0,No,7.1,8.0,3,0
NET19357,37,Basic,17,199,29.6,15,1,3,58,4,UPI,0,0,1,No,6.9,5.7,20,0
NET19358,27,Standard,6,399,20.3,9,2,1,29,2,Credit Card,2,2,2,No,6.8,8.9,6,0
NET19359,33,Standard,1,379,36.8,20,16,1,26,4,Wallet,1,0,0,No,7.2,6.1,3,0
NET19360,43,Premium,26,629,121.1,62,1,2,53,4,Credit Card,0,0,0,Yes,4.2,6.4,30,0
NET19361,43,Premium+,9,879,17.4,8,2,1,81,7,UPI,1,0,0,No,7.1,5.8,10,0
NET19362,30,Basic,12,199,18.9,13,6,3,57,8,UPI,0,0,0,No,10.0,9.8,14,0
NET19363,32,Standard,18,419,22.1,13,1,5,36,5,Wallet,0,1,2,No,7.9,4.0,22,0
NET19364,40,Premium,14,669,7.0,4,6,5,40,4,UPI,0,0,0,Yes,5.3,4.0,19,0
NET19365,17,Premium+,18,949,44.9,28,15,1,45,3,Credit Card,1,0,0,Yes,5.1,9.4,20,0
NET19366,28,Premium+,20,899,14.4,8,16,4,45,5,UPI,0,0,0,No,10.0,8.4,20,0
NET19367,43,Premium,12,649,32.8,15,5,2,41,8,UPI,0,0,0,No,9.3,5.2,17,0
NET19368,39,Standard,6,379,32.3,19,12,2,22,2,Credit Card,1,0,0,No,8.7,5.2,7,0
NET19369,34,Basic,3,199,12.7,7,2,6,13,2,UPI,1,0,1,Yes,5.4,6.8,8,0
NET19370,17,Standard,32,379,8.3,4,13,1,39,5,UPI,1,0,0,No,5.6,9.3,33,0
NET19371,30,Standard,49,399,21.4,10,2,3,50,4,UPI,0,1,1,No,6.2,8.5,51,0
NET19372,25,Premium,6,649,10.9,6,7,3,62,1,UPI,1,1,2,No,10.0,8.2,11,0
NET19373,33,Premium,1,669,13.9,9,15,4,21,6,Debit Card,1,1,1,No,4.8,6.4,5,0
NET19374,23,Premium,3,699,18.6,10,4,4,28,4,UPI,0,1,1,No,10.0,6.9,3,0
NET19375,21,Standard,15,449,34.5,16,1,4,38,4,Wallet,0,1,1,Yes,5.0,5.8,15,0
NET19376,15,Premium,2,629,54.3,35,7,5,55,4,UPI,0,0,1,No,6.3,5.8,4,0
NET19377,41,Basic,21,199,5.0,2,0,2,51,4,Credit Card,0,1,1,Yes,8.0,6.2,24,0
NET19378,27,Basic,35,249,8.4,4,2,2,59,5,Wallet,0,1,1,No,8.9,9.3,40,0
NET19379,32,Basic,46,199,14.5,6,13,2,114,7,Credit Card,1,0,0,No,5.3,8.1,48,0
NET19380,30,Premium,1,629,28.4,16,8,2,49,5,Wallet,1,0,0,No,5.1,3.4,6,0
NET19381,21,Basic,44,199,11.9,6,0,3,25,4,UPI,1,0,1,Yes,5.0,5.6,44,0
NET19382,19,Premium,18,649,39.4,27,5,2,58,7,UPI,0,1,1,No,3.4,4.4,23,0
NET19383,21,Basic,1,199,25.0,14,1,4,45,3,UPI,0,0,0,Yes,8.4,7.8,2,0
NET19384,24,Standard,7,379,2.3,1,0,5,47,3,Debit Card,0,2,2,Yes,6.8,4.9,9,1
NET19385,34,Premium+,16,899,26.2,17,1,2,34,4,Net Banking,1,0,1,No,5.1,6.7,18,0
NET19386,23,Standard,43,399,45.7,25,8,3,45,3,Debit Card,1,0,0,Yes,4.4,5.0,44,0
NET19387,46,Basic,2,179,12.2,6,3,2,40,7,Net Banking,1,0,0,Yes,7.6,5.6,7,1
NET19388,40,Standard,1,449,13.2,9,1,2,43,4,UPI,0,1,1,Yes,6.2,5.0,3,1
NET19389,38,Premium+,8,919,18.7,13,40,3,65,8,Credit Card,0,1,1,Yes,10.0,7.2,12,0
NET19390,29,Standard,48,449,24.8,17,5,2,15,1,UPI,1,0,0,Yes,10.0,4.1,49,0
NET19391,44,Standard,49,419,26.3,13,1,2,46,5,UPI,0,0,0,Yes,6.3,8.7,50,0
NET19392,29,Standard,3,399,10.7,5,1,4,58,2,UPI,0,0,2,Yes,6.7,10.0,8,1
NET19393,30,Standard,5,419,22.7,10,0,4,13,9,Net Banking,0,1,1,Yes,6.9,7.5,6,0
NET19394,32,Basic,33,219,5.2,2,5,5,39,2,UPI,1,0,0,No,6.0,8.8,33,1
NET19395,37,Premium,18,649,28.3,17,12,6,31,5,UPI,0,1,2,Yes,5.9,8.0,20,0
NET19396,36,Premium,50,649,12.3,7,11,2,66,2,Debit Card,0,2,2,No,6.7,5.6,53,0
NET19397,26,Standard,31,419,43.6,19,16,2,92,2,UPI,0,0,0,No,7.2,9.3,33,0
NET19398,26,Premium,3,629,32.5,22,0,3,51,6,Credit Card,0,0,0,No,9.0,7.7,5,0
NET19399,36,Premium,19,699,16.2,12,4,1,48,6,UPI,0,0,0,Yes,7.8,9.9,19,0
NET19400,37,Premium+,1,899,82.9,50,4,2,31,3,Debit Card,0,1,1,No,6.1,4.2,5,0
NET19401,27,Basic,23,199,19.3,13,13,3,38,4,UPI,0,0,0,No,7.9,6.6,27,0
NET19402,16,Standard,12,419,17.6,10,1,3,16,3,Credit Card,0,0,0,No,8.7,8.0,12,0
NET19403,29,Premium,43,649,15.4,9,4,2,45,6,Wallet,1,1,1,No,5.7,6.0,43,0
NET19404,36,Basic,45,199,24.3,12,0,2,35,5,Wallet,1,1,1,No,7.4,5.6,45,0
NET19405,47,Basic,1,249,21.7,11,1,4,32,5,UPI,1,1,1,No,7.5,7.8,3,0
NET19406,20,Premium,2,699,18.4,9,28,1,8,3,UPI,0,0,0,Yes,10.0,8.9,2,1
NET19407,27,Standard,9,399,13.4,6,5,5,74,2,Credit Card,0,0,0,No,5.0,8.7,12,0
NET19408,27,Standard,29,399,13.1,8,40,4,42,7,UPI,0,0,2,Yes,6.9,4.8,30,1
NET19409,43,Standard,23,399,21.9,12,0,2,31,5,Wallet,0,1,1,No,7.4,3.2,27,0
NET19410,30,Premium,46,669,75.4,38,6,4,28,4,UPI,1,0,0,No,4.7,6.2,51,0
NET19411,22,Standard,13,379,21.8,15,2,1,70,6,Debit Card,0,2,3,No,9.1,6.3,16,0
NET19412,36,Premium,4,699,1.5,0,0,6,34,6,Debit Card,0,1,1,Yes,8.1,6.7,9,0
NET19413,27,Premium,1,649,32.7,15,0,2,48,2,UPI,0,0,0,No,6.6,9.3,5,0
NET19414,19,Standard,3,399,26.5,18,2,2,35,2,UPI,1,0,2,Yes,4.7,5.7,5,0
NET19415,22,Standard,15,399,20.5,12,3,3,50,4,Credit Card,0,0,1,Yes,8.2,5.8,17,0
NET19416,46,Basic,36,179,12.0,6,0,3,46,4,Debit Card,0,1,1,Yes,10.0,7.2,36,0
NET19417,34,Premium,5,649,23.9,12,11,5,54,5,Net Banking,0,0,0,No,5.6,8.8,9,0
NET19418,31,Standard,29,449,19.7,12,3,1,40,6,Net Banking,0,1,1,No,8.1,5.1,31,0
NET19419,28,Premium+,7,899,45.4,24,2,1,44,3,Debit Card,0,0,2,Yes,8.5,3.1,9,0
NET19420,33,Standard,5,379,8.1,3,4,4,20,7,UPI,0,0,0,No,7.5,8.2,10,1
NET19421,33,Standard,9,419,15.6,9,4,2,74,7,Net Banking,1,1,2,Yes,4.2,6.4,14,0
NET19422,33,Standard,8,449,49.3,27,0,5,27,5,Debit Card,2,0,1,No,4.7,9.2,12,1
NET19423,32,Premium,34,669,35.1,18,0,5,54,4,UPI,0,0,0,No,5.0,10.0,36,0
NET19424,38,Standard,8,399,9.0,4,6,6,62,0,Credit Card,0,0,1,Yes,9.1,4.8,8,0
NET19425,31,Standard,4,379,32.3,20,4,4,31,4,UPI,1,0,0,No,7.1,4.5,6,0
NET19426,22,Premium,25,649,24.7,11,0,4,44,10,UPI,0,0,0,No,9.9,5.7,28,0
NET19427,25,Standard,93,399,38.4,20,6,2,66,4,UPI,0,1,1,No,5.3,7.6,96,0
NET19428,15,Standard,14,399,12.8,6,7,2,19,2,UPI,0,0,1,No,6.1,5.1,14,0
NET19429,49,Premium,4,649,25.1,18,21,3,35,7,UPI,0,0,0,No,7.1,9.3,7,0
NET19430,38,Premium,3,629,28.2,17,5,3,39,2,UPI,0,0,1,No,5.9,5.2,8,1
NET19431,23,Standard,1,419,11.2,7,1,3,65,5,Debit Card,0,0,1,No,5.3,9.3,3,0
NET19432,28,Basic,1,199,12.0,6,1,2,50,2,Debit Card,0,0,2,Yes,7.1,8.3,4,1
NET19433,25,Premium,34,649,14.1,6,3,3,49,5,UPI,0,0,1,No,8.0,8.1,37,0
NET19434,44,Basic,1,199,5.3,3,0,3,22,3,UPI,0,1,1,No,6.2,6.5,3,1
NET19435,18,Premium,9,649,34.9,23,4,3,48,1,UPI,0,0,0,Yes,10.0,5.0,13,0
NET19436,32,Basic,16,199,23.9,15,2,3,23,2,UPI,1,1,2,No,7.0,7.7,16,0
NET19437,30,Standard,26,449,51.2,28,10,2,34,10,UPI,2,1,1,Yes,7.1,7.5,30,0
NET19438,38,Basic,2,199,7.1,3,7,3,54,5,UPI,0,0,1,Yes,8.2,8.9,6,1
NET19439,30,Standard,8,449,36.3,18,1,1,17,3,UPI,2,0,0,No,5.5,6.6,11,0
NET19440,15,Premium,4,669,27.5,12,3,2,31,5,UPI,1,0,3,No,8.6,7.3,5,1
NET19441,28,Basic,4,199,7.3,3,7,3,30,4,Debit Card,0,0,0,No,5.0,5.0,8,0
NET19442,22,Standard,5,379,42.4,30,1,3,68,8,Credit Card,0,0,0,No,10.0,5.7,7,0
NET19443,31,Premium+,12,919,14.3,7,20,3,22,3,Credit Card,1,1,2,Yes,8.5,8.4,14,0
NET19444,43,Standard,1,419,15.3,9,0,3,72,0,UPI,0,0,0,No,4.8,5.8,3,0
NET19445,15,Premium,7,699,28.1,17,18,3,33,3,Debit Card,1,0,0,Yes,3.1,7.5,8,1
NET19446,23,Premium+,2,899,62.7,36,0,1,69,4,UPI,0,1,1,Yes,6.7,8.2,3,0
NET19447,26,Premium+,47,879,7.7,3,3,2,39,4,UPI,0,1,1,Yes,4.8,5.8,52,1
NET19448,27,Premium,12,629,19.9,11,2,3,68,7,UPI,0,0,0,No,7.2,6.5,12,0
NET19449,37,Standard,28,449,21.6,10,20,2,42,6,UPI,0,2,2,No,8.5,5.2,29,0
NET19450,29,Premium+,3,949,29.4,17,11,1,53,5,UPI,0,0,0,No,7.1,7.1,3,0
NET19451,34,Premium,23,669,30.0,22,13,3,55,3,Net Banking,0,0,0,Yes,5.7,7.6,28,0
NET19452,25,Premium,7,699,19.1,10,4,2,83,2,Credit Card,0,0,1,No,6.5,5.7,9,0
NET19453,33,Basic,2,199,29.7,14,0,1,54,8,UPI,3,1,1,No,5.9,6.9,3,0
NET19454,38,Premium+,20,919,39.4,24,1,3,34,2,Debit Card,1,0,1,Yes,5.0,7.0,23,0
NET19455,24,Premium,20,669,14.2,9,4,2,42,4,Wallet,0,0,1,Yes,6.8,5.6,25,0
NET19456,38,Premium,76,669,12.4,6,2,5,35,6,UPI,0,0,1,No,9.4,7.8,79,0
NET19457,31,Basic,21,179,7.6,4,2,3,59,5,Net Banking,1,2,2,Yes,7.6,10.0,24,0
NET19458,40,Basic,2,179,30.9,14,2,1,42,1,Net Banking,1,0,0,Yes,10.0,6.2,3,0
NET19459,29,Premium+,5,919,12.6,6,1,4,38,10,Credit Card,0,0,0,No,5.0,6.5,6,0
NET19460,34,Standard,8,399,13.6,7,4,3,34,7,UPI,0,0,0,No,4.4,7.8,9,0
NET19461,30,Standard,1,399,50.7,23,6,4,15,7,UPI,0,0,0,No,10.0,7.1,4,0
NET19462,30,Premium,21,669,10.5,6,7,6,66,2,Debit Card,0,0,0,No,6.5,10.0,23,0
NET19463,33,Basic,10,249,19.6,11,0,1,28,2,Net Banking,0,1,2,No,5.0,10.0,14,0
NET19464,35,Standard,40,399,25.5,13,0,2,46,3,UPI,0,0,1,Yes,7.0,6.7,42,0
NET19465,19,Standard,12,379,10.3,5,0,3,86,3,UPI,0,0,0,Yes,6.0,8.6,13,0
NET19466,43,Standard,10,379,8.1,5,0,3,33,4,UPI,0,0,1,No,3.6,8.1,14,1
NET19467,15,Standard,1,399,27.1,16,3,5,41,6,Credit Card,1,2,2,No,8.0,8.1,6,0
NET19468,24,Basic,2,249,14.7,7,0,3,20,6,UPI,0,0,1,Yes,3.4,8.9,6,1
NET19469,30,Basic,26,179,3.0,2,3,4,58,7,UPI,1,1,1,No,5.3,6.1,28,0
NET19470,34,Premium,65,629,22.1,13,2,2,59,6,Wallet,0,0,0,No,6.5,7.8,68,0
NET19471,45,Premium+,7,919,49.0,33,0,4,30,2,Debit Card,0,0,0,No,9.6,7.0,7,0
NET19472,15,Standard,23,399,2.5,1,0,3,64,2,Debit Card,0,0,0,No,7.6,7.4,26,0
NET19473,26,Standard,13,449,23.2,16,8,1,29,6,Net Banking,0,0,0,Yes,8.0,6.4,16,0
NET19474,15,Basic,44,219,7.3,5,7,1,33,1,Wallet,0,0,0,No,6.8,6.1,48,0
NET19475,31,Premium,3,649,39.6,19,2,4,53,0,Credit Card,0,0,0,No,7.9,6.3,4,0
NET19476,33,Premium+,11,879,52.7,27,0,6,55,8,UPI,0,1,2,No,8.5,6.1,12,0
NET19477,45,Standard,7,399,13.5,9,2,3,14,3,Net Banking,0,1,1,No,3.5,9.3,11,0
NET19478,32,Standard,10,379,16.0,9,3,1,46,7,UPI,0,0,0,Yes,4.4,8.3,13,0
NET19479,40,Premium,4,669,44.8,21,4,5,44,3,Debit Card,0,0,0,No,7.9,9.5,6,0
NET19480,36,Premium,9,629,24.3,11,0,1,29,6,UPI,0,0,1,No,8.3,8.9,14,0
NET19481,27,Standard,13,399,36.8,19,5,3,45,5,Net Banking,0,1,1,No,6.2,9.5,13,1
NET19482,18,Premium,1,669,41.2,26,5,2,35,5,Credit Card,0,1,1,Yes,7.4,7.6,4,0
NET19483,33,Premium,19,649,41.1,25,6,3,54,3,UPI,0,1,1,No,6.7,9.2,22,1
NET19484,17,Premium+,17,899,31.2,16,5,6,58,5,UPI,1,1,2,No,7.1,7.5,17,0
NET19485,42,Basic,29,199,19.8,10,18,1,69,0,Wallet,0,0,0,No,7.1,7.0,31,0
NET19486,29,Premium+,7,879,37.9,21,7,3,74,6,Debit Card,0,0,1,No,8.2,7.2,7,0
NET19487,41,Standard,1,379,31.4,18,2,1,57,3,UPI,0,0,0,No,8.2,7.3,5,1
NET19488,26,Premium,8,649,28.2,20,10,3,51,5,Credit Card,0,0,0,Yes,7.6,5.3,8,0
NET19489,33,Standard,2,379,8.0,5,3,2,56,0,UPI,0,1,3,No,8.9,7.2,2,0
NET19490,32,Standard,14,449,49.2,23,0,6,33,2,Credit Card,0,0,1,No,6.9,5.4,17,0
NET19491,30,Premium,1,629,45.6,21,6,4,60,2,UPI,1,0,0,No,8.0,7.6,4,0
NET19492,27,Standard,6,419,54.6,25,2,2,37,1,Debit Card,0,2,3,Yes,4.8,8.5,7,0
NET19493,34,Basic,1,179,19.8,11,15,4,52,4,Debit Card,0,2,2,Yes,4.6,6.7,1,0
NET19494,22,Standard,1,449,13.8,6,2,2,45,7,UPI,1,1,1,No,8.2,7.5,5,0
NET19495,20,Standard,45,399,12.0,5,0,3,36,5,Net Banking,0,1,1,No,6.9,6.1,46,0
NET19496,42,Basic,77,179,17.5,10,17,3,13,3,Debit Card,0,0,0,No,8.8,6.4,82,0
NET19497,37,Premium+,11,919,30.9,20,10,3,32,2,UPI,0,0,0,No,5.6,4.0,11,0
NET19498,31,Basic,3,249,4.4,2,23,2,39,6,UPI,0,1,1,No,7.2,10.0,6,0
NET19499,45,Standard,33,399,10.0,5,1,3,23,3,Wallet,0,0,0,No,2.5,5.4,37,0
NET19500,28,Basic,35,199,19.1,9,0,4,58,2,Debit Card,0,2,2,No,7.1,6.6,37,0
NET19501,42,Standard,26,399,61.6,45,5,4,54,1,UPI,0,0,0,Yes,8.8,9.4,27,0
NET19502,32,Standard,11,399,6.9,4,8,4,38,2,UPI,1,0,2,No,6.5,9.1,14,0
NET19503,21,Standard,1,449,30.7,23,11,1,43,3,Credit Card,0,0,0,No,7.4,8.3,3,1
NET19504,47,Basic,1,179,26.9,18,0,1,36,2,UPI,1,0,0,No,5.6,6.8,1,0
NET19505,39,Basic,31,179,39.5,23,6,3,34,2,UPI,1,1,1,No,7.6,6.0,35,0
NET19506,29,Premium,29,629,15.8,11,7,5,39,4,Debit Card,0,0,0,No,8.2,8.2,32,0
NET19507,37,Premium,7,629,31.2,15,2,1,51,0,Wallet,0,0,1,Yes,3.9,5.9,10,1
NET19508,27,Standard,5,399,17.8,12,3,3,44,6,Net Banking,0,0,1,No,6.7,5.8,9,0
NET19509,38,Basic,14,199,14.5,8,0,4,33,5,Credit Card,0,1,1,Yes,7.8,8.2,17,0
NET19510,15,Premium,23,649,30.5,15,0,2,62,1,Credit Card,0,0,0,No,9.4,9.4,26,0
NET19511,21,Basic,18,199,39.3,27,9,4,38,8,Credit Card,0,1,2,No,10.0,4.5,18,0
NET19512,39,Premium+,13,899,57.4,30,10,6,51,2,Credit Card,0,0,2,No,8.9,5.4,14,0
NET19513,28,Standard,3,379,19.8,9,1,1,53,4,Net Banking,0,1,1,No,5.0,8.7,5,0
NET19514,32,Standard,4,419,15.6,9,10,2,40,4,Debit Card,1,1,1,No,7.8,7.1,9,0
NET19515,18,Premium,18,699,26.9,17,2,5,26,6,Net Banking,0,0,1,Yes,6.5,6.2,22,0
NET19516,47,Premium,22,669,66.5,30,0,2,37,4,UPI,1,1,1,Yes,9.4,8.2,24,0
NET19517,41,Standard,1,399,19.5,14,9,3,38,3,Net Banking,0,0,0,No,10.0,7.2,5,1
NET19518,29,Standard,2,419,17.9,11,7,3,28,3,UPI,0,0,0,No,5.5,8.4,7,0
NET19519,27,Standard,15,399,14.1,6,6,2,57,3,Wallet,2,0,1,No,8.5,6.0,19,0
NET19520,40,Premium+,6,899,41.8,29,9,3,56,5,UPI,0,0,0,No,8.4,6.5,9,0
NET19521,48,Premium,11,649,14.4,10,11,2,61,2,UPI,0,0,1,No,8.6,6.7,16,0
NET19522,39,Basic,13,179,12.9,7,17,2,32,5,Credit Card,0,0,0,Yes,7.6,5.6,18,0
NET19523,50,Basic,20,249,26.5,16,5,3,33,2,UPI,0,1,1,No,4.8,7.5,20,0
NET19524,22,Basic,22,199,15.6,7,0,1,46,7,Debit Card,0,1,1,No,6.9,6.6,26,0
NET19525,23,Standard,4,449,65.7,40,0,4,17,4,Debit Card,0,2,2,No,6.6,8.3,9,0
NET19526,20,Basic,10,179,7.6,3,0,4,52,2,UPI,0,1,1,No,8.6,8.9,12,0
NET19527,34,Premium,1,699,24.3,13,0,4,32,4,Net Banking,0,1,1,Yes,7.8,7.0,2,1
NET19528,32,Basic,25,199,31.5,17,27,2,56,6,Wallet,0,1,2,No,8.2,9.5,27,0
NET19529,29,Standard,26,399,50.8,28,1,4,56,4,Debit Card,0,1,1,No,7.7,7.8,31,0
NET19530,38,Premium,4,669,15.5,10,8,2,58,4,Credit Card,1,1,1,No,4.4,4.8,4,1
NET19531,42,Standard,2,419,27.6,20,9,5,74,2,Net Banking,0,2,2,Yes,8.8,7.8,3,0
NET19532,17,Basic,1,219,11.1,6,4,3,28,6,Wallet,0,0,0,No,6.2,7.7,4,0
NET19533,25,Basic,11,249,6.7,3,0,4,55,3,Wallet,0,1,1,No,6.5,6.9,13,0
NET19534,38,Basic,1,199,4.5,2,7,1,26,4,UPI,0,0,0,Yes,9.1,6.6,3,0
NET19535,26,Premium,15,629,38.5,19,18,3,43,3,UPI,2,1,1,No,5.0,7.2,20,0
NET19536,23,Premium,15,649,28.3,14,8,1,21,8,UPI,0,0,0,No,3.6,9.3,19,0
NET19537,40,Basic,13,199,16.2,12,4,3,59,5,Wallet,0,0,1,No,4.5,7.2,17,0
NET19538,19,Standard,29,419,60.0,39,5,4,30,2,UPI,0,0,0,No,7.5,7.0,30,0
NET19539,28,Standard,6,419,24.6,12,1,4,54,2,Net Banking,1,2,2,No,2.8,7.9,9,0
NET19540,33,Standard,32,449,20.4,14,12,5,59,7,Credit Card,1,1,1,Yes,4.4,4.3,36,1
NET19541,25,Standard,1,419,27.2,18,5,3,42,5,Debit Card,0,0,0,No,5.5,5.6,6,0
NET19542,38,Standard,1,449,19.3,10,1,4,49,5,Debit Card,1,0,0,Yes,5.7,5.4,3,0
NET19543,25,Standard,7,379,9.1,4,0,2,72,2,Debit Card,0,0,0,Yes,5.1,2.9,8,1
NET19544,43,Basic,12,219,14.3,9,1,2,64,3,UPI,0,0,0,No,6.4,7.7,16,0
NET19545,29,Premium,1,699,26.3,14,8,3,65,4,Debit Card,0,0,0,No,7.9,7.6,5,0
NET19546,37,Premium,11,669,28.0,19,18,3,63,2,Debit Card,1,1,2,No,5.6,10.0,11,0
NET19547,37,Premium+,5,949,14.7,9,1,1,57,5,UPI,0,0,0,Yes,5.6,7.0,6,0
NET19548,25,Basic,30,199,52.3,30,2,2,53,0,Net Banking,0,0,1,No,6.4,8.2,31,0
NET19549,15,Premium,10,699,32.7,17,9,2,29,7,UPI,0,1,2,Yes,8.4,7.2,15,0
NET19550,34,Premium,12,649,50.2,27,7,5,34,4,Debit Card,0,1,3,Yes,6.0,10.0,15,0
NET19551,31,Premium+,40,879,33.4,24,0,1,57,5,Credit Card,0,1,2,No,7.8,10.0,44,0
NET19552,36,Standard,20,399,15.9,10,14,4,55,4,UPI,0,0,1,Yes,6.7,9.2,21,1
NET19553,28,Premium,8,629,3.9,1,1,5,72,2,Net Banking,0,1,1,Yes,8.0,7.8,13,0
NET19554,27,Basic,9,199,38.0,20,8,5,41,3,UPI,0,0,1,No,6.6,9.4,12,0
NET19555,49,Premium,14,669,28.3,14,6,1,33,4,Debit Card,1,0,1,No,6.1,6.8,18,0
NET19556,17,Standard,3,449,42.5,28,3,4,22,2,Credit Card,0,0,0,Yes,9.6,6.4,5,0
NET19557,37,Premium,1,669,22.0,10,0,2,53,3,UPI,0,0,0,No,7.2,7.0,1,0
NET19558,25,Premium,5,629,45.2,30,13,3,58,2,Wallet,0,0,0,Yes,6.4,7.0,8,0
NET19559,27,Standard,21,379,13.2,8,4,3,44,8,UPI,0,0,1,No,5.2,10.0,21,0
NET19560,28,Standard,4,399,26.6,15,0,3,32,7,Credit Card,0,0,0,No,5.4,8.2,6,0
NET19561,23,Basic,1,179,28.0,16,3,2,38,4,UPI,1,0,1,No,7.1,7.4,2,0
NET19562,36,Standard,3,449,14.1,10,0,3,49,3,Wallet,1,0,0,No,10.0,5.1,7,0
NET19563,43,Standard,15,379,17.5,8,2,3,57,4,Wallet,0,1,1,No,10.0,7.1,16,0
NET19564,35,Basic,13,219,18.2,13,0,5,46,7,UPI,1,0,0,No,6.5,8.9,13,0
NET19565,31,Premium,16,699,26.4,19,1,1,5,5,Credit Card,0,1,1,Yes,9.3,5.2,17,1
NET19566,22,Basic,5,179,15.3,8,10,2,43,2,Credit Card,0,0,0,Yes,8.2,10.0,6,0
NET19567,35,Premium,32,649,20.4,15,1,2,34,2,Debit Card,0,1,1,No,4.4,8.7,35,0
NET19568,50,Premium,8,649,46.4,31,6,6,61,6,Debit Card,0,0,0,No,6.8,6.4,13,0
NET19569,27,Premium+,10,919,51.0,30,1,3,65,2,UPI,1,2,2,No,7.0,8.2,13,0
NET19570,27,Premium,41,649,17.3,9,5,6,42,3,Net Banking,0,0,0,No,7.7,7.4,43,0
NET19571,25,Basic,54,199,11.1,5,8,3,36,4,UPI,1,0,0,Yes,9.7,6.1,57,0
NET19572,26,Premium,15,629,19.7,12,0,2,53,5,UPI,0,0,0,No,6.5,8.6,18,0
NET19573,15,Standard,40,449,20.5,11,11,3,11,4,UPI,1,0,0,Yes,7.3,8.2,43,0
NET19574,34,Premium+,10,899,40.5,18,14,3,59,2,Wallet,0,1,1,No,5.1,7.8,13,1
NET19575,23,Premium,5,649,44.4,26,2,1,20,4,UPI,2,1,1,No,10.0,6.6,10,0
NET19576,16,Premium,5,649,29.9,15,12,6,34,9,Debit Card,0,1,1,No,9.4,7.1,7,0
NET19577,37,Basic,11,199,5.2,3,0,1,53,3,UPI,0,0,0,No,6.8,9.0,14,0
NET19578,21,Standard,13,399,26.1,14,3,1,30,4,Debit Card,0,1,1,No,7.7,4.7,16,0
NET19579,27,Premium,8,669,71.1,35,0,2,40,6,UPI,0,0,0,Yes,8.3,5.1,8,0
NET19580,44,Premium,30,699,6.4,3,19,6,47,2,UPI,0,0,0,No,6.0,8.0,33,0
NET19581,18,Basic,7,179,16.3,7,8,6,63,4,Net Banking,0,0,0,No,5.0,9.6,9,0
NET19582,17,Premium+,4,899,38.2,24,5,2,44,2,Debit Card,0,0,0,Yes,7.0,7.3,9,0
NET19583,33,Basic,1,199,19.3,13,0,3,42,3,Credit Card,0,0,0,No,7.8,9.4,3,0
NET19584,41,Premium,49,629,13.4,6,1,3,5,3,Net Banking,0,2,2,Yes,9.4,8.3,50,0
NET19585,16,Premium,24,649,38.1,20,2,2,53,6,Debit Card,0,1,3,No,8.4,7.2,27,0
NET19586,34,Basic,13,199,21.0,12,1,5,72,3,UPI,0,1,1,No,5.0,6.7,17,0
NET19587,36,Basic,24,219,15.4,11,2,4,60,7,Credit Card,0,1,2,No,5.0,5.6,25,0
NET19588,15,Premium,23,649,13.3,8,20,3,50,5,UPI,1,0,0,No,5.3,8.3,25,0
NET19589,38,Standard,37,379,15.8,11,9,5,46,4,Debit Card,0,0,1,No,6.4,7.1,38,0
NET19590,38,Basic,6,199,38.6,22,0,2,45,1,Net Banking,0,2,3,Yes,8.2,8.2,10,0
NET19591,28,Premium,11,649,41.0,20,0,3,28,4,Credit Card,1,0,0,Yes,8.9,7.2,11,0
NET19592,42,Premium,1,699,17.4,11,0,2,24,7,UPI,0,0,0,Yes,7.6,7.2,5,0
NET19593,41,Standard,47,399,25.3,15,7,3,41,1,UPI,0,0,0,No,10.0,4.8,52,0
NET19594,31,Basic,58,199,41.4,20,4,1,8,8,UPI,0,0,1,No,10.0,7.9,63,0
NET19595,26,Basic,21,249,8.7,5,0,1,48,3,UPI,0,0,1,No,6.8,3.6,22,1
NET19596,22,Premium,8,699,13.7,7,16,4,38,7,UPI,0,0,0,Yes,1.9,9.0,11,0
NET19597,30,Standard,9,399,15.6,10,1,5,7,1,Debit Card,1,1,1,No,7.5,8.4,9,1
NET19598,36,Premium,8,649,38.3,25,7,1,16,4,Credit Card,0,0,0,Yes,7.1,6.4,13,0
NET19599,28,Premium,4,629,23.8,12,39,2,58,5,UPI,0,1,1,No,6.7,6.1,8,1
NET19600,15,Standard,10,419,6.5,4,27,2,62,5,Debit Card,0,1,1,Yes,4.9,8.0,13,1
NET19601,42,Basic,1,249,18.8,12,5,2,66,5,Wallet,0,1,1,No,4.9,6.0,5,0
NET19602,32,Premium+,67,879,26.9,16,0,2,24,4,Debit Card,3,0,0,Yes,7.6,8.5,69,0
NET19603,27,Standard,7,379,16.1,11,29,4,42,6,UPI,1,0,0,Yes,4.1,10.0,10,1
NET19604,38,Premium,36,649,14.8,6,7,3,50,3,Credit Card,0,1,1,No,6.5,8.3,38,0
NET19605,44,Premium+,18,949,12.7,8,10,3,66,4,UPI,1,0,0,No,9.2,7.7,18,0
NET19606,15,Premium+,4,879,33.0,15,23,4,58,2,Net Banking,0,0,0,No,10.0,8.3,4,0
NET19607,34,Standard,3,419,32.4,15,1,2,22,5,Credit Card,1,0,1,Yes,9.1,5.1,3,0
NET19608,18,Standard,76,379,21.1,13,2,4,46,4,Wallet,0,0,0,No,6.0,7.0,76,0
NET19609,35,Premium+,20,919,38.4,21,1,6,41,6,Debit Card,1,0,1,No,4.5,9.3,22,0
NET19610,32,Premium,4,669,68.5,42,8,2,51,5,UPI,2,0,0,No,8.8,3.8,6,1
NET19611,36,Standard,1,419,30.9,15,6,1,50,1,Debit Card,2,0,0,Yes,9.8,9.4,6,1
NET19612,26,Standard,16,449,24.9,15,2,2,63,3,UPI,0,0,1,No,4.5,7.6,17,1
NET19613,15,Standard,5,419,6.7,3,2,2,70,5,UPI,0,2,3,No,7.1,5.0,6,0
NET19614,26,Premium,3,699,32.8,16,3,1,12,1,Credit Card,1,1,1,Yes,7.3,8.4,5,0
NET19615,34,Standard,18,379,26.1,15,3,3,69,0,Debit Card,0,0,0,Yes,7.3,5.1,18,0
NET19616,40,Premium,15,669,49.8,25,1,3,69,3,Net Banking,0,0,0,No,7.2,6.7,16,0
NET19617,20,Premium,9,649,22.8,13,11,5,23,3,UPI,0,0,1,Yes,6.2,9.2,12,0
NET19618,40,Premium,40,629,59.2,35,8,2,74,5,Credit Card,0,0,0,No,9.0,4.4,42,0
NET19619,25,Premium,15,649,35.2,22,14,2,43,5,Credit Card,0,1,1,Yes,6.2,7.1,18,0
NET19620,34,Premium,31,649,2.8,1,4,2,43,3,Credit Card,1,0,0,No,6.7,8.6,31,0
NET19621,26,Standard,2,399,20.3,11,6,5,41,6,UPI,0,1,2,Yes,8.4,6.4,7,0
NET19622,32,Basic,4,249,18.4,12,8,3,54,4,Credit Card,1,0,0,No,6.3,6.9,6,0
NET19623,39,Premium,1,649,45.5,25,5,3,30,2,UPI,0,1,1,No,8.5,6.5,2,1
NET19624,19,Standard,5,449,7.2,4,7,1,39,2,UPI,0,1,1,Yes,7.1,6.1,10,0
NET19625,24,Basic,49,199,17.5,8,4,1,42,4,Debit Card,1,0,0,No,6.3,9.6,50,0
NET19626,32,Basic,46,179,3.8,1,3,4,61,4,Debit Card,1,0,0,No,4.7,8.1,49,1
NET19627,52,Basic,20,199,7.8,5,24,1,27,8,Net Banking,0,0,0,No,10.0,6.9,22,1
NET19628,23,Premium,10,629,25.6,11,3,2,52,5,UPI,1,2,2,No,5.6,8.1,15,0
NET19629,49,Premium,21,699,37.6,25,10,4,36,5,UPI,0,0,0,Yes,6.0,7.3,21,0
NET19630,49,Basic,11,199,7.5,4,5,6,31,5,Credit Card,0,0,1,No,8.5,5.8,15,1
NET19631,30,Premium,1,649,52.3,26,1,2,61,3,Net Banking,0,0,1,No,5.5,7.2,5,0
NET19632,28,Standard,9,449,31.9,22,0,4,23,4,UPI,0,0,0,No,6.9,6.7,14,0
NET19633,24,Premium,12,629,80.6,39,4,6,74,9,UPI,0,2,2,No,4.4,9.4,12,1
NET19634,30,Standard,4,399,24.5,12,2,6,31,2,Credit Card,1,0,0,Yes,7.5,5.8,5,0
NET19635,18,Premium,3,629,31.0,15,2,6,41,4,UPI,1,0,1,No,3.9,5.1,7,0
NET19636,30,Standard,4,379,24.3,13,8,4,44,2,UPI,0,0,1,Yes,7.7,9.8,4,0
NET19637,44,Standard,13,379,11.4,5,6,1,36,4,Credit Card,1,0,1,No,9.5,4.9,18,1
NET19638,25,Premium,2,649,10.0,5,6,3,85,4,UPI,0,0,0,Yes,8.0,6.4,7,0
NET19639,28,Basic,17,219,49.6,29,0,1,52,4,Credit Card,0,0,1,No,9.1,9.5,22,0
NET19640,15,Premium+,7,899,85.2,39,0,1,84,2,Credit Card,0,0,0,No,5.8,6.6,10,0
NET19641,34,Premium,6,699,26.2,19,4,3,42,1,Net Banking,1,0,0,No,4.3,6.8,7,0
NET19642,33,Standard,23,379,9.7,5,12,5,36,3,Net Banking,0,0,3,No,4.5,4.0,23,1
NET19643,31,Premium,9,649,33.2,17,3,3,32,5,Wallet,0,0,1,Yes,7.2,8.0,14,0
NET19644,29,Basic,6,249,15.7,9,0,4,38,5,UPI,0,2,4,No,6.0,8.3,9,0
NET19645,28,Standard,29,419,20.8,15,3,1,42,9,Credit Card,0,1,1,No,9.0,8.5,31,0
NET19646,35,Premium+,6,919,27.2,16,2,2,5,3,Credit Card,2,0,0,Yes,8.8,6.5,10,0
NET19647,30,Basic,27,199,16.5,8,31,2,50,6,Debit Card,1,0,0,No,8.4,8.5,31,0
NET19648,33,Premium,9,629,21.2,11,2,2,33,3,UPI,0,0,0,No,5.2,5.3,13,0
NET19649,32,Standard,3,419,11.6,5,5,2,41,5,UPI,0,0,1,No,6.2,9.2,3,0
NET19650,41,Premium,13,669,11.8,6,5,4,61,5,Net Banking,0,0,0,No,6.4,5.8,15,0
NET19651,37,Basic,4,219,7.7,4,1,3,63,4,Wallet,0,1,1,Yes,10.0,6.4,4,0
NET19652,32,Standard,2,399,15.4,10,0,3,85,4,UPI,0,0,1,No,7.8,5.8,7,0
NET19653,44,Premium+,1,949,28.9,14,0,2,58,3,Debit Card,0,0,0,No,10.0,7.4,1,1
NET19654,34,Basic,3,199,17.2,11,0,2,31,5,Credit Card,0,0,0,Yes,5.0,7.8,5,0
NET19655,42,Premium,18,649,12.2,6,7,1,6,3,Debit Card,1,0,0,No,8.0,10.0,23,0
NET19656,36,Standard,25,379,6.4,2,6,3,57,3,UPI,0,0,1,Yes,5.5,5.7,30,0
NET19657,15,Standard,27,399,15.8,8,2,3,17,1,Debit Card,0,0,0,No,7.7,6.0,30,0
NET19658,42,Premium,4,649,13.1,6,1,5,20,5,UPI,0,0,0,No,7.7,5.6,9,0
NET19659,32,Standard,15,399,34.0,22,0,1,13,2,UPI,0,0,0,Yes,9.7,7.9,16,0
NET19660,30,Basic,3,199,8.7,6,1,4,51,3,UPI,0,0,1,No,4.2,9.4,7,0
NET19661,33,Premium+,13,899,9.4,5,2,6,56,4,UPI,0,0,0,No,7.0,5.3,15,0
NET19662,27,Premium,30,699,18.3,10,12,3,8,2,UPI,0,0,0,No,9.1,6.1,33,0
NET19663,33,Basic,1,199,38.5,20,0,4,20,6,Debit Card,0,0,0,Yes,5.1,7.9,6,0
NET19664,25,Standard,59,379,13.6,7,1,4,47,5,Debit Card,1,0,0,No,10.0,7.3,61,0
NET19665,42,Premium,24,649,28.9,17,18,4,44,1,UPI,0,0,0,No,4.1,6.6,25,0
NET19666,29,Premium+,20,899,26.5,12,11,3,69,1,Net Banking,0,1,1,Yes,7.8,5.9,22,0
NET19667,27,Premium+,16,899,24.4,12,12,2,50,4,Credit Card,1,0,0,Yes,5.3,7.3,18,1
NET19668,22,Premium,20,629,67.7,31,0,4,63,6,Debit Card,0,2,2,No,5.0,7.0,23,0
NET19669,33,Basic,73,199,9.1,6,2,1,26,5,UPI,1,0,0,Yes,10.0,5.7,77,0
NET19670,32,Premium+,20,899,44.3,20,3,5,48,6,Debit Card,0,0,0,No,7.0,3.4,24,0
NET19671,34,Premium,6,669,15.8,8,0,2,9,4,Credit Card,0,0,0,Yes,6.2,6.3,9,0
NET19672,21,Standard,13,449,48.2,22,0,4,64,4,UPI,0,0,0,No,8.8,7.1,16,0
NET19673,16,Standard,5,399,80.5,43,0,4,44,2,UPI,0,0,0,No,7.6,7.0,5,0
NET19674,36,Standard,49,399,45.8,31,15,5,32,2,UPI,0,0,0,No,8.5,5.9,49,0
NET19675,44,Premium,32,629,23.5,14,3,2,19,5,Debit Card,0,0,1,Yes,9.5,8.8,33,0
NET19676,21,Standard,11,419,13.7,10,8,6,40,8,UPI,0,1,1,Yes,7.0,6.3,11,0
NET19677,45,Basic,21,179,20.3,14,5,1,20,2,Wallet,0,0,0,No,8.5,5.9,21,0
NET19678,33,Basic,33,179,20.6,9,13,4,66,7,Debit Card,0,0,0,Yes,7.1,9.0,35,0
NET19679,30,Standard,3,379,25.9,12,2,5,5,8,UPI,0,0,0,No,10.0,6.8,5,0
NET19680,27,Standard,12,399,11.6,5,0,2,61,1,UPI,1,0,0,Yes,6.4,7.7,15,0
NET19681,18,Premium,9,649,24.5,18,0,5,5,2,Debit Card,1,2,4,No,6.9,3.8,14,0
NET19682,39,Basic,20,249,22.4,13,1,1,41,4,UPI,1,0,0,Yes,10.0,7.2,24,0
NET19683,24,Premium+,6,919,30.9,15,9,2,69,5,Net Banking,0,0,1,Yes,7.2,5.4,7,0
NET19684,23,Premium,17,629,62.9,41,1,5,37,3,Credit Card,1,0,0,No,9.1,7.1,17,0
NET19685,39,Premium+,7,899,40.6,24,4,4,29,5,Credit Card,0,0,0,No,6.1,6.5,9,0
NET19686,15,Premium,1,629,9.8,6,0,3,54,0,UPI,1,0,0,Yes,8.8,7.5,5,0
NET19687,17,Basic,1,219,5.2,2,1,1,50,4,UPI,0,1,1,Yes,7.1,8.1,1,0
NET19688,30,Standard,1,379,24.5,12,1,2,22,4,UPI,0,0,0,No,8.2,6.4,6,0
NET19689,33,Basic,1,199,34.1,21,8,2,48,4,Net Banking,0,0,1,Yes,7.9,7.8,5,0
NET19690,35,Premium+,10,899,19.2,11,7,4,54,4,Net Banking,0,1,2,No,8.1,6.2,12,0
NET19691,28,Standard,15,419,4.3,2,5,3,60,5,Credit Card,0,0,0,No,8.2,7.4,18,0
NET19692,53,Standard,1,449,29.7,14,0,4,43,1,UPI,0,2,2,Yes,6.0,7.0,6,0
NET19693,28,Premium,13,629,2.4,1,1,3,47,5,Credit Card,0,1,1,Yes,6.3,7.0,18,0
NET19694,28,Premium+,12,919,25.5,18,1,4,51,7,Credit Card,0,0,0,No,9.3,8.1,12,0
NET19695,23,Premium,2,649,30.0,20,10,2,54,2,Net Banking,1,0,0,Yes,5.6,7.0,2,0
NET19696,32,Premium,7,649,55.9,27,7,1,80,2,UPI,0,0,0,No,7.8,10.0,8,0
NET19697,36,Standard,19,449,17.3,7,14,2,24,2,Wallet,0,0,0,Yes,7.8,9.2,19,0
NET19698,41,Premium,1,649,102.7,54,0,1,60,0,UPI,0,0,0,No,4.8,4.4,3,0
NET19699,17,Basic,2,219,35.7,21,10,2,40,5,Debit Card,0,0,0,Yes,6.8,5.8,6,0
NET19700,28,Premium,76,629,59.3,39,0,3,43,5,Net Banking,1,0,0,No,7.1,6.4,81,0
NET19701,35,Standard,18,419,44.6,22,6,3,44,4,UPI,2,0,0,Yes,8.1,5.0,22,0
NET19702,36,Basic,8,249,38.0,20,6,1,48,4,UPI,0,0,0,No,8.4,8.9,11,0
NET19703,31,Premium+,13,919,7.8,3,1,2,38,3,UPI,0,1,3,Yes,6.7,5.5,18,0
NET19704,35,Standard,26,449,19.7,9,8,5,41,4,UPI,0,1,2,No,6.1,6.5,31,0
NET19705,23,Premium,25,699,7.8,4,3,2,76,4,UPI,0,2,2,No,5.4,7.0,28,0
NET19706,45,Premium,5,699,35.5,17,6,4,47,3,UPI,0,1,1,Yes,3.4,3.8,7,0
NET19707,39,Premium,9,669,33.7,22,5,2,53,2,UPI,0,1,1,No,5.4,7.1,13,0
NET19708,18,Basic,14,199,16.4,8,12,3,53,4,UPI,0,1,1,No,8.9,9.4,19,0
NET19709,21,Basic,1,179,10.9,7,6,4,44,4,UPI,0,0,0,Yes,5.6,5.3,4,1
NET19710,21,Premium,40,699,19.5,12,6,2,46,5,Credit Card,1,0,0,No,6.4,6.7,45,0
NET19711,37,Premium,7,649,52.6,38,5,2,30,9,Net Banking,0,1,1,No,4.1,6.9,10,0
NET19712,19,Standard,6,449,26.6,16,0,4,57,6,Net Banking,0,0,0,Yes,6.3,4.6,7,0
NET19713,28,Standard,33,419,44.4,27,2,4,37,3,Net Banking,2,0,0,No,10.0,7.9,34,0
NET19714,35,Basic,1,249,14.0,7,3,3,52,3,Credit Card,0,0,1,Yes,3.8,8.1,3,1
NET19715,30,Premium+,1,899,23.0,11,1,3,35,4,UPI,0,0,0,No,4.8,7.9,3,0
NET19716,33,Basic,16,199,17.4,9,1,4,73,3,UPI,1,0,1,No,7.9,9.7,18,0
NET19717,21,Basic,6,219,2.4,1,4,3,24,4,Credit Card,0,0,0,No,8.3,7.3,8,0
NET19718,36,Premium,20,669,34.2,20,10,2,7,3,UPI,2,0,0,Yes,9.0,5.7,24,1
NET19719,25,Basic,1,219,24.2,12,6,3,57,1,UPI,0,2,2,No,6.3,8.2,1,0
NET19720,28,Premium+,6,899,30.2,18,7,3,79,9,UPI,0,0,0,Yes,7.1,8.3,8,0
NET19721,33,Basic,3,219,17.6,9,0,4,43,6,UPI,0,0,0,No,4.4,4.9,4,0
NET19722,31,Basic,18,199,8.1,5,9,4,30,3,UPI,0,1,1,No,8.4,7.2,23,0
NET19723,31,Standard,3,379,18.2,9,0,4,40,6,Wallet,0,0,0,No,7.9,5.9,3,0
NET19724,24,Standard,8,379,42.9,28,1,2,22,6,Net Banking,1,0,0,No,5.7,7.0,8,0
NET19725,28,Basic,23,249,26.6,15,12,2,50,1,Credit Card,0,0,1,Yes,5.7,4.7,27,0
NET19726,31,Standard,34,379,16.2,8,15,5,51,6,UPI,0,0,1,Yes,8.4,5.8,37,0
NET19727,18,Standard,17,399,2.3,1,0,2,51,4,UPI,0,0,0,No,9.0,8.4,22,0
NET19728,26,Premium,7,629,22.7,15,1,5,42,5,Debit Card,0,0,2,No,7.0,7.8,12,0
NET19729,34,Basic,11,199,28.5,15,2,5,44,4,UPI,3,0,0,Yes,6.4,5.2,11,0
NET19730,19,Premium+,16,899,74.8,36,2,2,59,5,Debit Card,1,0,0,No,6.0,6.6,20,0
NET19731,41,Premium,29,699,30.4,17,0,2,47,6,Wallet,0,0,1,No,6.9,3.2,33,0
NET19732,42,Basic,30,179,9.9,5,1,5,48,2,Net Banking,1,0,0,Yes,10.0,7.4,34,0
NET19733,19,Basic,37,249,18.5,11,4,5,35,5,Debit Card,1,1,2,No,6.0,4.7,39,0
NET19734,43,Standard,23,419,53.1,29,5,3,65,5,Credit Card,0,0,0,No,5.7,5.6,28,0
NET19735,29,Basic,2,199,13.8,7,0,1,52,3,UPI,0,0,1,No,6.6,7.9,5,1
NET19736,34,Standard,19,379,14.9,7,3,3,48,3,Net Banking,1,0,1,Yes,8.6,4.7,21,0
NET19737,26,Basic,23,219,12.6,8,7,4,41,4,UPI,0,0,0,Yes,4.8,6.8,24,0
NET19738,39,Premium,29,669,25.6,14,2,6,47,3,Debit Card,0,1,2,Yes,4.5,5.9,32,0
NET19739,34,Standard,36,449,7.3,4,1,2,56,4,UPI,0,0,2,No,10.0,7.6,38,1
NET19740,23,Basic,9,249,9.1,6,0,3,60,3,Debit Card,0,0,0,No,8.5,6.1,12,0
NET19741,20,Standard,14,399,12.3,7,3,3,32,2,UPI,0,0,1,No,8.9,8.2,15,0
NET19742,17,Premium,1,649,12.6,5,16,3,37,5,UPI,0,2,3,No,9.6,6.1,3,1
NET19743,32,Basic,11,199,23.2,13,5,3,33,4,UPI,0,0,1,No,7.9,6.1,14,0
NET19744,36,Premium,8,649,46.4,25,0,3,30,5,UPI,0,2,2,Yes,6.6,5.6,9,1
NET19745,36,Standard,45,449,13.3,6,1,3,38,5,UPI,0,0,1,No,1.0,7.2,50,0
NET19746,29,Premium+,32,899,40.2,18,8,3,56,5,UPI,0,0,0,Yes,10.0,5.3,36,0
NET19747,20,Basic,22,249,36.0,21,8,3,39,3,Credit Card,0,0,1,Yes,4.7,6.2,25,0
NET19748,24,Premium+,1,899,7.3,4,2,3,29,7,Wallet,0,0,0,No,7.0,10.0,2,0
NET19749,41,Premium,7,699,20.3,9,0,1,44,2,UPI,1,1,1,Yes,3.9,8.4,12,1
NET19750,26,Standard,16,449,23.7,14,4,5,54,5,Credit Card,0,0,0,No,5.4,4.7,20,0
NET19751,32,Standard,1,399,14.3,7,7,2,33,1,Net Banking,1,0,0,No,8.2,8.9,2,1
NET19752,21,Basic,3,199,44.2,26,2,2,44,4,UPI,1,0,0,Yes,8.2,8.5,8,0
NET19753,34,Premium+,30,919,97.9,65,2,6,26,2,Credit Card,0,1,1,No,7.8,6.4,35,0
NET19754,26,Premium,1,669,36.2,16,2,2,16,8,Credit Card,0,0,0,Yes,5.4,5.0,6,0
NET19755,40,Basic,1,219,30.7,15,1,2,35,5,Net Banking,0,0,0,Yes,7.5,5.5,1,0
NET19756,37,Basic,12,199,11.6,5,9,3,17,4,UPI,0,0,0,Yes,8.5,4.1,13,0
NET19757,26,Basic,40,219,15.3,10,0,3,90,4,UPI,0,0,0,Yes,4.8,4.4,42,0
NET19758,29,Premium,25,699,27.4,14,1,3,67,4,Credit Card,0,0,0,Yes,7.3,10.0,27,0
NET19759,26,Premium,51,649,8.3,4,11,3,37,6,UPI,0,0,0,No,8.4,8.0,53,0
NET19760,18,Standard,19,419,35.7,20,4,5,43,4,Credit Card,1,0,0,Yes,6.8,6.9,21,0
NET19761,23,Standard,8,399,76.2,53,0,3,37,4,Credit Card,1,2,2,No,6.2,8.3,13,0
NET19762,32,Standard,41,449,40.9,24,5,4,62,6,UPI,0,1,2,No,2.1,9.5,46,0
NET19763,33,Standard,7,399,9.6,5,5,5,55,9,Debit Card,0,0,0,No,9.7,4.9,7,0
NET19764,32,Basic,6,219,24.8,12,4,2,34,4,UPI,1,2,2,Yes,5.6,7.3,6,0
NET19765,28,Standard,8,399,25.9,18,2,6,44,7,UPI,0,1,1,No,8.0,8.5,8,0
NET19766,39,Basic,23,179,13.6,8,3,6,48,2,Wallet,1,1,1,No,10.0,6.8,27,0
NET19767,31,Premium+,34,919,49.1,29,8,1,81,5,Credit Card,1,1,1,No,10.0,8.2,37,0
NET19768,37,Premium,6,699,26.0,12,15,4,55,5,Credit Card,0,0,0,No,7.1,6.1,8,0
NET19769,15,Premium+,8,899,56.7,42,5,3,47,7,UPI,2,1,1,No,5.7,7.8,11,0
NET19770,15,Standard,32,399,38.5,19,16,4,52,4,UPI,1,1,3,No,10.0,8.3,34,0
NET19771,33,Premium,1,649,25.9,12,1,1,66,3,Net Banking,1,3,4,Yes,9.6,7.7,3,0
NET19772,18,Premium,21,669,44.5,23,2,4,16,5,UPI,0,0,0,No,7.0,7.5,23,0
NET19773,29,Standard,8,419,37.9,17,10,1,62,3,Debit Card,0,0,1,Yes,5.7,6.5,8,0
NET19774,28,Basic,6,179,9.0,5,19,3,23,6,Credit Card,0,1,1,No,10.0,7.1,11,0
NET19775,45,Premium,8,699,10.4,7,13,4,23,3,Debit Card,0,0,0,Yes,10.0,8.9,12,1
NET19776,34,Premium+,7,899,58.4,36,4,3,18,4,Debit Card,1,0,1,No,10.0,7.7,9,0
NET19777,32,Basic,19,199,22.2,11,9,3,37,4,UPI,0,0,2,Yes,8.8,7.1,21,0
NET19778,38,Basic,36,199,49.1,30,1,3,32,4,Credit Card,0,0,1,Yes,6.0,5.4,38,0
NET19779,34,Premium,9,649,16.5,8,2,5,55,3,UPI,0,0,0,No,8.9,8.1,10,0
NET19780,26,Premium+,25,899,18.9,14,39,2,49,4,UPI,0,0,0,No,8.6,6.0,27,0
NET19781,40,Premium,18,629,31.5,23,1,4,69,4,Debit Card,0,1,1,No,7.9,10.0,18,0
NET19782,21,Standard,5,399,5.4,4,1,1,8,3,Net Banking,0,0,1,No,4.5,6.7,5,0
NET19783,33,Standard,12,399,21.0,9,7,3,36,4,UPI,0,0,0,No,7.1,6.9,15,0
NET19784,17,Standard,15,399,30.4,19,6,2,48,6,Debit Card,0,0,0,No,7.8,10.0,20,0
NET19785,32,Premium,1,699,36.6,18,7,3,40,5,UPI,0,0,0,No,8.4,9.3,6,0
NET19786,32,Premium,7,649,36.8,17,17,3,18,3,Debit Card,0,0,1,No,7.3,7.5,7,0
NET19787,46,Standard,68,379,19.7,13,0,2,44,3,Credit Card,1,0,0,No,8.2,5.8,71,0
NET19788,16,Standard,14,399,29.1,19,5,3,19,3,Net Banking,0,0,0,Yes,5.4,6.5,18,0
NET19789,25,Premium+,5,899,45.4,27,1,2,27,4,UPI,0,0,0,No,10.0,9.2,6,0
NET19790,38,Premium,4,669,12.9,7,3,2,51,7,Net Banking,0,0,1,No,5.9,9.0,4,0
NET19791,34,Premium+,3,899,56.3,31,2,4,23,4,Credit Card,0,0,0,Yes,5.5,9.1,5,0
NET19792,32,Standard,7,399,30.7,18,16,3,26,5,Wallet,0,1,1,No,10.0,6.3,11,0
NET19793,22,Premium,3,669,42.2,23,17,4,59,6,UPI,1,0,0,No,9.4,7.4,5,0
NET19794,25,Premium,2,649,9.1,4,4,4,29,8,UPI,0,2,2,Yes,10.0,9.4,5,0
NET19795,42,Standard,6,399,9.5,4,7,2,43,1,Debit Card,0,0,0,Yes,6.3,7.3,9,0
NET19796,30,Premium+,13,879,74.0,55,0,2,41,4,UPI,0,0,0,No,4.4,9.1,14,0
NET19797,34,Basic,2,199,7.5,4,2,4,58,6,Debit Card,2,1,1,Yes,8.6,6.8,6,0
NET19798,29,Premium,1,649,15.1,7,6,3,45,3,UPI,0,2,2,Yes,4.9,5.5,4,1
NET19799,20,Premium+,1,899,17.4,11,6,2,45,5,Debit Card,0,0,0,Yes,9.8,7.9,3,0
NET19800,39,Standard,4,399,23.9,12,14,4,57,6,Net Banking,0,1,1,Yes,6.8,6.5,9,0
NET19801,35,Premium,2,629,17.8,12,8,3,39,0,UPI,0,0,0,No,9.2,7.0,2,1
NET19802,51,Standard,10,379,13.7,7,11,3,30,3,UPI,1,0,0,Yes,7.2,3.4,10,0
NET19803,21,Premium,8,649,3.1,1,10,2,49,5,Credit Card,0,0,0,No,8.9,6.6,13,0
NET19804,38,Premium,5,649,17.8,11,1,2,36,3,Credit Card,1,0,0,No,5.5,6.6,9,0
NET19805,19,Premium,25,669,82.1,39,3,1,73,3,Net Banking,0,0,1,No,9.1,4.5,29,0
NET19806,32,Premium,9,649,16.4,8,1,2,38,3,Debit Card,0,0,0,No,7.1,3.2,12,0
NET19807,39,Standard,1,399,26.8,13,0,4,89,5,UPI,0,0,0,Yes,6.2,10.0,1,0
NET19808,15,Basic,4,179,34.3,20,5,2,57,4,UPI,0,1,2,No,6.3,1.6,9,0
NET19809,29,Standard,50,379,20.8,13,2,4,33,4,Wallet,1,0,0,No,10.0,5.8,51,0
NET19810,25,Premium,52,649,14.1,7,6,2,49,1,UPI,0,0,0,No,7.4,7.4,57,0
NET19811,24,Basic,4,219,16.2,10,1,4,80,6,Credit Card,1,1,3,No,8.4,8.0,5,0
NET19812,34,Premium,2,669,5.0,2,1,3,44,0,UPI,1,1,1,No,7.2,8.8,7,1
NET19813,41,Standard,9,379,21.9,13,13,3,55,3,UPI,1,0,0,Yes,5.6,9.1,14,0
NET19814,29,Premium,9,629,45.7,30,6,5,72,7,Credit Card,0,1,2,No,6.4,8.0,14,0
NET19815,32,Basic,7,219,7.7,4,0,2,50,3,Credit Card,0,2,2,Yes,4.3,3.0,12,1
NET19816,32,Premium,10,669,44.7,20,2,3,53,6,Wallet,1,0,0,No,9.9,5.0,15,0
NET19817,31,Premium,3,649,56.4,32,6,2,64,5,Credit Card,0,0,0,Yes,8.9,6.6,8,0
NET19818,21,Premium+,1,919,64.6,36,2,3,58,2,Credit Card,0,0,0,No,7.1,3.4,2,0
NET19819,40,Premium,11,649,33.3,20,4,5,57,1,Net Banking,0,0,1,No,9.2,8.0,12,0
NET19820,33,Premium,37,669,31.3,20,1,3,53,2,Wallet,0,0,0,No,5.8,8.2,40,0
NET19821,34,Premium+,2,949,77.9,50,1,2,58,2,Net Banking,1,0,0,Yes,5.6,8.5,7,1
NET19822,23,Premium,17,669,20.2,9,0,2,15,3,Credit Card,0,1,1,No,6.2,8.1,19,0
NET19823,26,Standard,8,379,37.0,17,9,2,56,5,UPI,0,0,1,No,6.9,5.3,9,0
NET19824,29,Premium,4,629,26.8,13,8,4,28,3,Wallet,0,0,0,No,2.5,3.9,7,1
NET19825,17,Premium,26,699,37.0,27,2,1,34,2,Wallet,0,1,1,No,7.6,5.8,27,0
NET19826,15,Standard,8,399,24.2,13,0,2,62,6,Credit Card,1,0,1,No,6.9,4.8,9,0
NET19827,25,Premium,12,669,8.0,4,0,1,33,7,UPI,0,0,0,No,10.0,5.1,17,0
NET19828,35,Premium,8,669,24.2,12,3,4,26,2,UPI,0,2,4,Yes,6.5,9.5,10,0
NET19829,25,Premium+,1,949,42.5,21,1,3,62,3,UPI,0,2,2,Yes,5.8,7.6,2,0
NET19830,21,Premium+,12,899,24.5,14,3,3,26,5,Debit Card,0,0,0,No,9.5,8.0,15,0
NET19831,23,Standard,7,399,8.5,5,0,3,33,1,UPI,0,0,1,No,7.4,9.0,12,1
NET19832,26,Standard,1,399,13.4,9,3,3,72,7,UPI,0,1,1,No,6.0,9.9,4,0
NET19833,27,Basic,12,219,22.5,12,13,1,31,4,UPI,0,1,1,Yes,6.5,4.1,12,0
NET19834,50,Basic,1,219,24.8,16,6,2,63,5,Credit Card,0,0,0,Yes,9.0,9.7,5,0
NET19835,40,Premium,3,669,92.0,42,0,4,36,3,Wallet,2,0,1,Yes,5.0,8.9,4,0
NET19836,40,Standard,21,379,7.0,5,0,2,21,3,UPI,0,0,1,Yes,9.8,5.6,26,1
NET19837,41,Premium,1,649,24.7,11,4,4,31,3,Credit Card,1,0,0,Yes,8.4,8.2,2,0
NET19838,22,Premium,14,699,36.7,21,1,2,27,2,UPI,1,0,1,No,8.9,8.8,17,1
NET19839,19,Premium,41,629,49.6,26,3,5,39,4,UPI,1,0,1,No,7.3,10.0,42,0
NET19840,21,Basic,2,179,13.8,7,8,4,58,1,Credit Card,0,0,0,No,7.8,8.1,7,0
NET19841,43,Standard,7,399,27.4,13,2,5,52,3,UPI,1,2,2,Yes,7.6,9.1,10,0
NET19842,26,Standard,11,419,25.4,18,2,1,53,2,Credit Card,0,1,2,No,4.4,8.4,11,0
NET19843,19,Standard,8,399,6.3,3,13,6,83,3,UPI,0,1,1,Yes,7.6,8.2,13,0
NET19844,27,Premium+,13,949,43.2,21,7,6,48,1,Credit Card,0,1,1,No,4.4,8.2,14,1
NET19845,28,Premium,7,649,45.7,22,6,3,73,4,Net Banking,1,0,0,No,7.1,3.9,12,0
NET19846,33,Standard,2,399,57.2,32,0,4,57,4,UPI,1,1,1,No,5.2,8.4,7,0
NET19847,33,Premium,1,649,25.3,13,4,1,47,2,Debit Card,1,1,1,No,5.8,7.4,1,1
NET19848,23,Standard,19,399,20.9,12,13,3,36,2,Credit Card,0,0,0,No,7.0,4.4,19,0
NET19849,37,Premium,3,649,82.6,58,3,2,96,5,Net Banking,0,1,1,No,8.0,10.0,7,0
NET19850,25,Basic,26,199,30.1,19,0,4,60,4,Wallet,0,2,3,No,2.1,7.2,29,0
NET19851,29,Premium,19,669,8.3,5,8,3,23,3,UPI,1,1,1,No,4.2,8.0,19,0
NET19852,37,Standard,1,379,13.3,9,12,2,30,4,Wallet,0,0,1,No,5.8,5.2,4,0
NET19853,25,Basic,3,199,13.4,8,1,1,36,1,Credit Card,0,0,2,Yes,7.9,6.9,7,0
NET19854,25,Standard,4,399,19.3,11,4,2,53,4,Credit Card,2,0,0,Yes,9.9,3.3,7,0
NET19855,36,Standard,12,399,18.7,11,13,4,81,3,Credit Card,0,1,2,No,4.4,6.2,17,0
NET19856,23,Premium,23,649,34.6,21,12,2,47,2,Credit Card,1,2,2,No,6.1,6.6,27,0
NET19857,27,Basic,1,179,14.2,6,3,1,8,5,Wallet,1,0,0,No,8.1,8.0,2,0
NET19858,36,Premium,4,629,34.1,17,4,2,49,3,UPI,0,1,1,No,6.0,9.7,8,0
NET19859,49,Premium,6,649,19.4,14,0,2,20,6,UPI,0,1,1,Yes,10.0,4.1,10,1
NET19860,36,Premium,2,669,23.7,13,4,3,39,2,Debit Card,0,1,1,Yes,8.2,6.2,6,0
NET19861,35,Premium,11,629,35.4,18,11,1,80,3,Debit Card,0,0,0,No,5.0,8.8,13,0
NET19862,35,Basic,9,179,11.6,8,1,1,53,4,Debit Card,0,1,1,No,9.0,9.1,9,0
NET19863,21,Standard,5,419,11.8,8,3,2,32,2,Credit Card,1,0,0,Yes,6.6,5.2,8,0
NET19864,32,Premium+,10,899,63.7,41,1,2,44,4,UPI,0,0,0,No,5.4,7.4,15,0
NET19865,30,Premium,6,629,38.6,20,0,3,57,3,Debit Card,0,0,1,Yes,8.0,5.4,9,0
NET19866,33,Premium,5,649,43.1,20,0,3,52,6,Credit Card,1,0,0,Yes,7.2,4.2,7,0
NET19867,32,Premium,4,649,12.2,7,11,5,44,3,Credit Card,0,1,2,No,6.5,5.9,5,1
NET19868,34,Standard,10,419,16.0,7,20,6,73,2,Credit Card,1,1,1,No,10.0,5.1,15,0
NET19869,28,Premium,8,649,38.1,17,8,2,27,6,UPI,2,1,1,Yes,8.6,6.1,8,0
NET19870,31,Premium+,3,949,38.7,20,19,3,51,6,Credit Card,0,0,0,No,7.9,6.5,3,0
NET19871,19,Basic,1,199,19.1,11,0,3,39,2,Debit Card,0,0,0,No,8.4,7.8,1,0
NET19872,28,Premium,2,669,36.9,19,12,2,32,5,Credit Card,0,1,1,No,8.4,10.0,2,0
NET19873,43,Basic,1,219,6.3,3,14,4,36,6,Debit Card,1,0,1,No,6.7,7.7,3,0
NET19874,33,Standard,7,419,43.1,20,2,2,16,0,UPI,0,0,1,No,7.9,7.0,10,0
NET19875,30,Premium,3,699,61.5,31,1,2,50,2,Credit Card,1,1,1,Yes,10.0,7.0,4,0
NET19876,48,Premium,7,629,17.6,10,2,5,55,3,Credit Card,0,0,0,Yes,7.1,10.0,12,0
NET19877,18,Premium,5,649,21.2,12,0,1,53,6,Net Banking,0,0,0,No,7.2,8.9,10,0
NET19878,21,Premium+,10,899,86.1,64,3,5,37,3,Credit Card,0,1,2,No,5.7,7.3,11,0
NET19879,46,Standard,18,379,33.8,25,14,6,45,5,Net Banking,1,0,0,No,5.4,8.6,19,0
NET19880,31,Premium,9,669,60.8,39,0,4,38,3,UPI,2,2,2,No,6.5,5.5,11,1
NET19881,28,Standard,1,379,11.4,5,6,1,43,5,UPI,0,0,0,No,7.0,6.7,3,0
NET19882,20,Standard,1,379,13.6,8,21,6,39,5,Credit Card,0,0,1,Yes,7.2,9.0,5,0
NET19883,35,Standard,3,449,20.3,14,1,3,54,4,Credit Card,0,0,1,No,7.6,10.0,5,0
NET19884,35,Premium,7,669,42.9,26,8,1,41,4,Credit Card,0,1,2,Yes,5.4,4.2,7,1
NET19885,21,Standard,1,419,19.6,12,3,6,44,5,Credit Card,0,0,1,Yes,5.5,6.6,4,1
NET19886,29,Premium,5,649,48.5,22,0,2,44,4,Wallet,0,0,0,No,5.1,3.6,6,1
NET19887,27,Premium,30,649,40.7,18,7,3,55,5,Wallet,0,2,2,No,7.2,5.9,32,0
NET19888,33,Basic,1,199,15.7,7,1,1,47,2,UPI,1,0,0,No,7.5,7.1,4,0
NET19889,20,Premium,41,649,24.0,11,5,2,42,2,Debit Card,0,0,0,No,8.5,7.0,41,0
NET19890,42,Standard,27,379,21.4,14,0,5,23,2,UPI,0,0,0,No,5.5,5.7,29,0
NET19891,39,Standard,24,379,9.8,5,0,2,60,1,UPI,0,0,0,Yes,7.0,7.1,26,0
NET19892,27,Premium,27,649,23.4,10,0,2,54,2,Credit Card,0,1,1,Yes,3.2,6.9,30,0
NET19893,29,Standard,1,399,8.0,5,1,2,14,5,UPI,0,0,0,No,4.6,6.4,6,0
NET19894,29,Premium,2,649,9.2,4,0,1,41,3,UPI,1,0,0,No,5.6,7.9,7,1
NET19895,23,Premium,2,649,26.6,18,2,2,54,2,UPI,0,0,1,Yes,8.6,6.4,2,0
NET19896,27,Standard,1,399,30.7,16,1,1,28,5,UPI,0,1,1,Yes,7.6,4.9,3,1
NET19897,28,Premium,5,649,30.0,14,1,1,43,3,UPI,0,0,0,No,8.2,7.2,8,0
NET19898,45,Basic,24,199,47.3,25,0,2,60,6,Debit Card,0,0,0,Yes,6.4,5.0,24,0
NET19899,39,Basic,4,219,15.1,9,1,2,25,6,UPI,0,0,0,No,4.1,4.4,6,0
NET19900,39,Basic,3,249,22.4,11,1,2,36,3,Credit Card,0,2,2,Yes,5.2,9.0,8,0
NET19901,34,Standard,15,379,13.9,9,3,3,30,2,UPI,1,0,0,Yes,10.0,7.5,17,0
NET19902,20,Basic,1,219,20.4,12,1,5,34,1,Credit Card,0,0,1,No,8.7,7.7,2,0
NET19903,30,Premium+,6,949,14.1,9,1,5,47,4,Credit Card,0,0,2,Yes,1.5,8.3,10,0
NET19904,39,Standard,4,399,20.2,11,6,2,22,5,Debit Card,0,0,0,No,7.1,9.3,4,0
NET19905,19,Premium,26,629,19.4,11,2,4,24,6,Net Banking,0,1,1,No,7.9,6.4,29,0
NET19906,36,Standard,10,399,16.6,11,5,5,39,2,UPI,2,1,1,No,8.8,6.3,11,0
NET19907,51,Standard,14,399,5.0,2,3,3,30,4,Credit Card,0,0,0,No,6.4,7.4,16,0
NET19908,40,Standard,1,379,35.1,24,3,2,64,1,Net Banking,0,0,1,No,8.9,6.8,4,0
NET19909,43,Premium,37,699,30.1,16,2,4,55,1,Debit Card,0,1,1,No,7.9,6.4,38,0
NET19910,32,Standard,5,379,8.5,4,11,3,62,5,UPI,1,1,2,Yes,8.6,8.5,6,0
NET19911,39,Standard,17,399,45.7,26,2,3,16,5,UPI,0,1,1,No,6.2,7.4,22,0
NET19912,24,Standard,43,399,33.7,16,5,3,49,1,Credit Card,1,1,1,No,4.8,6.7,48,0
NET19913,38,Premium,9,649,35.3,20,3,3,33,4,UPI,0,1,1,Yes,6.7,7.7,13,0
NET19914,36,Basic,9,179,17.8,8,5,6,93,6,Debit Card,1,2,3,Yes,6.1,4.7,14,0
NET19915,33,Premium,1,629,6.6,4,1,4,47,4,UPI,0,0,0,Yes,6.8,7.0,2,0
NET19916,42,Standard,6,449,5.2,2,0,1,62,6,UPI,1,0,0,No,6.7,10.0,6,1
NET19917,26,Premium,26,649,15.5,8,5,4,56,2,Credit Card,1,0,1,Yes,5.9,7.1,30,0
NET19918,29,Standard,2,419,38.2,20,24,5,56,4,Net Banking,0,1,2,No,5.6,6.9,6,0
NET19919,31,Standard,34,379,12.9,8,1,4,71,8,Net Banking,0,2,3,No,7.5,8.7,36,0
NET19920,21,Basic,15,219,11.7,6,0,3,66,5,UPI,0,0,0,Yes,9.9,8.1,17,0
NET19921,33,Premium+,7,899,62.5,34,4,4,30,3,Credit Card,1,1,1,Yes,7.7,6.8,7,0
NET19922,15,Standard,11,399,15.9,11,0,1,81,4,Debit Card,0,1,2,No,8.1,8.1,14,0
NET19923,40,Premium+,2,899,92.4,44,3,3,82,8,UPI,0,0,0,Yes,7.0,5.0,7,0
NET19924,31,Standard,3,449,35.3,19,4,5,62,5,UPI,0,0,0,Yes,6.9,8.0,8,0
NET19925,26,Basic,4,219,5.9,4,1,1,53,5,Credit Card,1,1,1,Yes,7.3,6.8,4,0
NET19926,23,Standard,6,419,61.7,37,0,4,62,3,UPI,0,0,0,Yes,8.6,6.1,10,0
NET19927,28,Basic,34,199,6.9,4,4,4,9,3,UPI,1,0,0,No,5.1,7.4,36,0
NET19928,37,Premium+,6,899,14.1,9,9,2,43,5,UPI,0,0,0,Yes,7.9,4.6,6,0
NET19929,35,Premium,10,629,27.5,12,9,4,67,4,UPI,1,0,0,Yes,5.7,8.8,12,1
NET19930,24,Premium,2,649,32.1,16,1,3,41,3,UPI,1,1,1,No,10.0,8.1,2,0
NET19931,23,Premium,18,699,8.7,5,7,4,48,4,Credit Card,0,0,0,No,6.4,6.9,23,1
NET19932,36,Standard,11,379,46.3,24,3,2,19,5,UPI,0,0,0,No,5.0,7.6,11,0
NET19933,24,Premium+,8,899,23.4,11,5,1,62,6,UPI,0,2,2,No,6.8,8.2,9,0
NET19934,31,Standard,41,399,23.6,14,0,2,26,2,Debit Card,0,0,0,Yes,6.8,7.0,41,0
NET19935,32,Premium,30,699,32.9,15,3,2,49,4,UPI,0,1,1,Yes,3.4,9.1,32,0
NET19936,33,Standard,15,399,112.7,53,0,1,59,7,UPI,1,0,0,No,8.5,8.3,15,0
NET19937,38,Premium+,35,899,14.2,7,4,4,60,7,Credit Card,0,0,0,No,8.9,4.4,38,0
NET19938,19,Premium,11,669,33.2,17,0,4,35,6,Credit Card,0,0,0,Yes,5.3,6.1,16,1
NET19939,15,Premium+,24,899,42.9,32,0,3,21,3,Debit Card,0,0,0,Yes,6.5,6.0,29,0
NET19940,25,Standard,7,379,45.2,34,2,3,81,4,UPI,0,0,1,No,6.6,5.7,8,0
NET19941,47,Basic,1,219,27.7,19,4,2,47,4,Credit Card,0,0,1,No,5.1,9.0,1,1
NET19942,49,Standard,71,399,19.7,9,0,6,37,4,Credit Card,1,0,1,No,6.7,6.4,74,0
NET19943,47,Premium,2,649,17.6,11,12,2,42,4,Net Banking,0,0,0,Yes,6.5,4.9,4,0
NET19944,29,Premium,4,649,25.4,13,1,3,49,4,UPI,0,1,1,No,6.0,7.2,7,0
NET19945,15,Basic,2,249,8.8,4,5,4,13,2,UPI,0,1,1,No,7.5,6.8,7,0
NET19946,15,Standard,5,419,26.2,12,0,4,48,2,Credit Card,0,0,0,No,9.5,8.4,6,0
NET19947,25,Basic,4,179,22.2,13,8,3,44,4,UPI,1,0,0,No,6.2,7.2,6,0
NET19948,29,Premium,12,669,38.7,20,4,4,64,4,UPI,1,0,0,Yes,7.1,10.0,12,0
NET19949,42,Basic,79,199,19.1,9,16,3,37,7,UPI,0,0,0,No,6.1,7.1,79,0
NET19950,38,Premium,1,649,110.4,61,1,4,44,2,UPI,1,0,0,Yes,9.4,6.9,4,0
NET19951,33,Standard,21,399,6.0,3,23,3,38,5,Debit Card,1,0,0,No,3.7,4.7,21,1
NET19952,22,Standard,1,419,18.5,12,10,2,59,2,Debit Card,0,0,0,No,6.2,6.7,3,0
NET19953,22,Premium+,1,879,81.4,42,1,3,42,5,UPI,0,0,0,No,7.8,8.8,6,0
NET19954,33,Basic,14,199,2.0,1,1,3,38,3,UPI,0,1,2,Yes,6.9,6.1,16,0
NET19955,37,Basic,28,199,24.0,15,2,2,13,3,UPI,0,1,1,No,9.3,6.6,28,0
NET19956,34,Basic,2,249,8.5,5,2,4,67,3,UPI,0,1,1,Yes,10.0,9.3,5,0
NET19957,21,Standard,5,419,21.8,16,14,2,60,4,Credit Card,0,0,0,No,7.8,9.0,5,0
NET19958,36,Premium,2,649,40.4,19,1,3,78,2,UPI,0,1,1,Yes,8.8,8.2,7,0
NET19959,34,Standard,33,419,22.6,10,7,5,55,5,UPI,0,3,3,No,9.7,9.3,37,0
NET19960,21,Premium,4,629,49.1,25,5,4,57,2,UPI,0,2,2,Yes,7.2,7.0,4,0
NET19961,23,Basic,8,199,25.2,11,1,4,9,4,UPI,1,1,2,No,9.5,7.4,9,0
NET19962,37,Premium,31,629,69.5,37,0,1,42,2,UPI,0,0,0,No,5.6,7.3,31,0
NET19963,28,Premium,11,649,25.4,13,2,2,47,5,UPI,0,0,1,No,5.5,6.8,16,0
NET19964,45,Premium+,37,899,9.9,4,1,2,64,2,Debit Card,0,0,0,No,5.8,5.0,41,0
NET19965,35,Premium+,36,949,50.1,33,9,1,22,2,UPI,0,0,0,Yes,6.3,6.9,37,0
NET19966,26,Standard,8,449,36.8,21,2,5,61,4,Debit Card,1,0,0,No,7.3,10.0,11,0
NET19967,30,Standard,12,449,19.0,9,4,1,60,6,Credit Card,0,1,1,No,5.8,7.1,13,0
NET19968,31,Premium,3,629,30.9,20,8,3,40,2,Wallet,1,3,5,Yes,6.0,6.8,5,1
NET19969,24,Basic,65,219,19.0,12,20,2,53,5,Debit Card,0,0,0,No,8.3,7.2,70,0
NET19970,22,Standard,4,449,4.0,1,14,3,41,5,Credit Card,0,0,0,Yes,5.5,8.9,8,0
NET19971,37,Basic,21,199,20.3,9,1,4,51,7,UPI,0,0,0,Yes,4.5,5.2,23,0
NET19972,38,Standard,5,399,52.6,31,13,4,45,3,UPI,0,2,3,No,8.8,6.1,7,0
NET19973,36,Standard,5,399,64.7,42,3,3,57,4,UPI,0,0,1,Yes,6.0,6.8,6,0
NET19974,44,Basic,1,179,12.2,7,0,3,27,12,UPI,0,1,1,No,6.9,5.6,2,0
NET19975,26,Basic,11,199,33.6,21,12,4,46,4,Debit Card,0,1,1,Yes,7.7,6.4,13,0
NET19976,46,Premium,3,649,52.3,25,4,1,49,3,UPI,0,0,0,No,6.8,6.3,8,0
NET19977,22,Basic,2,199,5.4,2,1,2,41,3,UPI,1,1,1,Yes,10.0,7.0,5,0
NET19978,21,Premium+,3,899,63.5,38,9,3,33,3,Debit Card,0,0,0,No,7.2,6.2,3,0
NET19979,15,Basic,4,219,19.4,10,2,4,51,6,Credit Card,0,0,1,Yes,5.0,9.2,4,1
NET19980,26,Premium,9,669,31.3,22,1,3,38,6,UPI,0,0,1,No,10.0,8.3,13,0
NET19981,26,Standard,6,419,9.5,5,1,3,49,3,UPI,0,0,0,Yes,7.9,5.9,7,0
NET19982,35,Basic,1,199,8.0,6,4,3,50,4,Wallet,0,0,1,No,7.1,6.1,1,0
NET19983,33,Standard,10,399,8.5,4,1,5,45,4,Debit Card,1,1,1,Yes,10.0,5.8,13,0
NET19984,20,Standard,21,379,17.0,11,4,3,28,3,Net Banking,1,0,0,No,9.0,6.1,25,0
NET19985,27,Premium,11,669,36.6,17,8,2,46,4,Credit Card,1,0,1,No,7.5,7.1,16,1
NET19986,27,Premium,51,699,16.8,8,17,4,11,4,Credit Card,1,0,2,Yes,8.4,5.0,52,0
NET19987,15,Basic,1,199,27.4,12,2,2,41,2,Credit Card,0,0,0,No,5.4,9.6,1,0
NET19988,22,Basic,24,179,27.0,12,22,4,75,5,UPI,0,0,0,No,9.9,7.9,26,0
NET19989,24,Standard,9,399,15.6,10,27,4,47,7,Debit Card,0,1,2,Yes,6.0,6.6,12,0
NET19990,43,Basic,10,219,29.9,16,5,4,24,4,Credit Card,0,0,0,No,7.4,8.0,13,0
NET19991,32,Standard,10,399,60.9,41,0,3,44,6,UPI,1,1,1,No,4.9,8.0,11,0
NET19992,36,Premium+,5,919,33.9,19,11,3,30,4,Credit Card,1,0,1,No,5.5,10.0,10,0
NET19993,17,Standard,5,399,38.5,22,0,4,59,1,Credit Card,0,0,1,Yes,5.6,9.5,8,0
NET19994,41,Premium,13,669,11.3,5,3,3,53,3,Credit Card,0,1,1,Yes,5.6,8.2,14,0
NET19995,42,Premium,1,649,50.9,23,6,5,47,1,Credit Card,0,0,0,No,7.7,9.6,4,0
NET19996,15,Premium,12,649,31.3,16,23,2,31,4,Credit Card,0,1,1,Yes,8.4,7.0,12,0
NET19997,24,Basic,18,199,22.6,11,7,3,65,7,Net Banking,0,0,0,Yes,9.6,5.9,23,0
NET19998,35,Premium,6,649,32.1,19,1,4,74,3,UPI,0,0,0,No,9.4,6.6,7,1
NET19999,36,Premium,3,649,20.7,15,11,1,12,7,Net Banking,1,0,0,Yes,6.8,8.2,6,0
